transaction_id,customer_id,product_id,quantity,unit_price,transaction_date
TX_000001,CUST_0948,PROD_023,2,363.67,2025-05-30 00:00:00
TX_000002,CUST_0691,PROD_083,8,190.62,2025-07-20 00:00:00
TX_000003,CUST_0941,PROD_019,5,304.96,2025-05-10 00:00:00
TX_000004,CUST_0806,PROD_999,4,406.94,2025-05-11 00:00:00
TX_000005,CUST_0568,PROD_054,4,136.52,2025-08-07 00:00:00
TX_000006,CUST_0222,PROD_050,6,64.13,2025-04-03 00:00:00
TX_000007,CUST_0112,PROD_009,5,58.19,2025-10-02 00:00:00
TX_000008,CUST_0867,PROD_085,10,34.64,2025-02-27 00:00:00
TX_000009,CUST_0568,PROD_031,4,114.12,2025-11-06 00:00:00
TX_000010,CUST_0725,PROD_020,1,279.09,2025-06-12 00:00:00
TX_000011,CUST_0785,PROD_079,1,477.46,2025-02-16 00:00:00
TX_000012,CUST_0553,PROD_016,2,126.87,2025-07-28 00:00:00
TX_000013,CUST_0340,PROD_029,5,58.16,2025-05-03 00:00:00
TX_000014,CUST_0792,PROD_030,2,424.4,2025-07-29 00:00:00
TX_000015,CUST_0788,PROD_097,7,16.4,2025-05-20 00:00:00
TX_000016,CUST_0895,PROD_068,6,164.43,2025-09-13 00:00:00
TX_000017,CUST_0906,PROD_048,3,353.21,2025-11-04 00:00:00
TX_000018,CUST_0345,PROD_027,4,160.53,2025-07-27 00:00:00
TX_000019,CUST_0473,PROD_061,1,344.81,2025-10-16 00:00:00
TX_000020,CUST_0927,PROD_003,7,287.97,2025-07-04 00:00:00
TX_000021,CUST_0913,PROD_012,7,131.19,2025-04-28 00:00:00
TX_000022,CUST_0533,PROD_022,4,427.56,2025-11-27 00:00:00
TX_000023,CUST_0401,PROD_049,6,28.75,2025/04/28
TX_000024,CUST_0190,PROD_071,1,128.94,2025-09-26 00:00:00
TX_000025,CUST_0601,PROD_056,5,436.15,2025-04-06 00:00:00
TX_000026,CUST_0137,PROD_012,10,30.81,2025-12-02 00:00:00
TX_000027,CUST_0361,PROD_061,7,447.99,2025/05/01
TX_000028,CUST_0158,PROD_013,5,409.56,2025-04-02 00:00:00
TX_000029,CUST_0756,PROD_020,9,466.41,2025-05-06 00:00:00
TX_000030,CUST_0352,PROD_066,1,252.95,2025-01-30 00:00:00
TX_000031,CUST_0961,PROD_017,4,431.54,2025-07-08 00:00:00
TX_000032,CUST_0504,PROD_091,2,358.15,2025-03-24 00:00:00
TX_000033,CUST_0138,PROD_018,1,147.17,2025-09-28 00:00:00
TX_000034,CUST_0809,PROD_093,7,444.95,2025-08-27 00:00:00
TX_000035,CUST_0725,PROD_074,7,377.06,2025-09-26 00:00:00
TX_000036,CUST_0390,PROD_005,4,41.34,2025-07-08 00:00:00
TX_000037,CUST_0845,PROD_039,6,16.82,2025-09-07 00:00:00
TX_000038,CUST_9999,PROD_082,3,227.72,2025-10-30 00:00:00
TX_000039,CUST_0619,PROD_019,1,450.75,2025-08-13 00:00:00
TX_000040,CUST_0953,PROD_027,8,69.55,2025-01-27 00:00:00
TX_000041,CUST_0208,PROD_007,6,235.22,2025-07-17 00:00:00
TX_000042,CUST_0160,PROD_046,9,278.05,2025-01-21 00:00:00
TX_000043,CUST_0982,PROD_043,4,158.62,2025-09-17 00:00:00
TX_000044,CUST_0299,PROD_072,5,34.64,2025-09-18 00:00:00
TX_000045,CUST_0050,PROD_043,10,232.84,2025-11-15 00:00:00
TX_000046,CUST_0253,PROD_098,8,219.54,2025/09/21
TX_000047,CUST_0138,PROD_020,7,168.43,2026-01-01 00:00:00
TX_000048,CUST_0548,PROD_098,4,51.13,2025-07-16 00:00:00
TX_000049,CUST_0091,PROD_018,4,212.1,2025-04-10 00:00:00
TX_000050,CUST_0311,PROD_073,5,495.26,2025/04/18
TX_000051,CUST_0077,PROD_062,2,113.45,2025-03-26 00:00:00
TX_000052,CUST_0164,PROD_044,10,365.32,2025-07-10 00:00:00
TX_000053,CUST_0529,PROD_071,6,317.6,2025-06-17 00:00:00
TX_000054,CUST_0572,PROD_100,4,116.97,2025-01-12 00:00:00
TX_000055,CUST_0616,PROD_093,7,30.39,2025-10-30 00:00:00
TX_000056,CUST_0219,PROD_072,4,423.02,2025-04-23 00:00:00
TX_000057,CUST_0314,PROD_090,9,255.39,2025-07-31 00:00:00
TX_000058,CUST_0679,PROD_032,3,313.41,2025/12/06
TX_000059,CUST_0117,PROD_056,3,210.04,2025-01-16 00:00:00
TX_000060,CUST_0631,PROD_063,7,296.27,2025-07-27 00:00:00
TX_000061,CUST_0499,PROD_022,6,83.8,2025-06-17 00:00:00
TX_000062,CUST_0207,PROD_095,1,79.27,2025-08-08 00:00:00
TX_000063,CUST_0312,PROD_001,8,92.9,2025-03-10 00:00:00
TX_000064,CUST_0732,PROD_012,1,86.78,2025-06-08 00:00:00
TX_000065,CUST_0169,PROD_079,1,411.61,2025-04-09 00:00:00
TX_000066,CUST_0718,PROD_076,5,309.64,2025/09/27
TX_000067,CUST_0284,PROD_078,5,82.91,2025-12-25 00:00:00
TX_000068,CUST_0459,PROD_005,7,426.82,2025-12-07 00:00:00
TX_000069,CUST_0927,PROD_066,5,150.36,2025-12-28 00:00:00
TX_000070,CUST_0482,PROD_040,6,109.22,2025-08-25 00:00:00
TX_000071,CUST_0163,PROD_016,3,58.3,2025-08-18 00:00:00
TX_000072,CUST_0579,PROD_089,6,291.74,2025-09-04 00:00:00
TX_000073,CUST_0620,PROD_027,8,329.81,2025-07-06 00:00:00
TX_000074,CUST_0136,PROD_033,7,97.35,2025-09-12 00:00:00
TX_000075,CUST_0663,PROD_042,7,330.91,2025-10-18 00:00:00
TX_000076,CUST_0337,PROD_054,2,246.01,2025-06-21 00:00:00
TX_000077,CUST_0492,PROD_064,5,454.12,2025-04-03 00:00:00
TX_000078,CUST_0739,PROD_079,6,171.9,2025-02-23 00:00:00
TX_000079,CUST_0500,PROD_019,6,341.78,2025-09-16 00:00:00
TX_000080,CUST_0403,PROD_094,1,230.2,2025-10-30 00:00:00
TX_000081,CUST_0935,PROD_043,1,206.63,2025-11-18 00:00:00
TX_000082,CUST_0855,PROD_078,10,119.32,2025-06-11 00:00:00
TX_000083,CUST_0543,PROD_084,1,409.28,2025-12-09 00:00:00
TX_000084,CUST_0544,PROD_999,4,25.07,2025-08-19 00:00:00
TX_000085,CUST_9999,PROD_010,5,269.95,2025-10-07 00:00:00
TX_000086,CUST_9999,PROD_094,5,385.61,2025/12/06
TX_000087,CUST_0438,PROD_071,5,390.94,2025-05-01 00:00:00
TX_000088,CUST_0673,PROD_084,4,12.03,2025/08/08
TX_000089,CUST_0983,PROD_017,5,88.67,2025-05-30 00:00:00
TX_000090,CUST_0874,PROD_021,6,53.31,2025-05-28 00:00:00
TX_000091,CUST_0141,PROD_020,2,427.25,2025-01-02 00:00:00
TX_000092,CUST_0554,PROD_015,8,172.08,2025-09-14 00:00:00
TX_000093,CUST_0953,PROD_062,10,142.76,2025-02-12 00:00:00
TX_000094,CUST_0362,PROD_025,9,472.75,2025-01-10 00:00:00
TX_000095,CUST_0177,PROD_021,3,174.34,2025-09-25 00:00:00
TX_000096,CUST_0981,PROD_097,6,19.75,2025-07-19 00:00:00
TX_000097,CUST_0825,PROD_025,10,320.56,2025-10-28 00:00:00
TX_000098,CUST_0465,PROD_100,8,280.94,2025-08-23 00:00:00
TX_000099,CUST_0408,PROD_005,8,98.1,2025-10-20 00:00:00
TX_000100,CUST_0763,PROD_054,1,484.94,2025/08/26
TX_000101,CUST_0239,PROD_061,8,279.02,2025-10-10 00:00:00
TX_000102,CUST_0067,PROD_082,6,126.79,2025-10-02 00:00:00
TX_000103,CUST_0219,PROD_039,3,349.47,2025-07-14 00:00:00
TX_000104,CUST_0844,PROD_068,6,42.18,2025-06-07 00:00:00
TX_000105,CUST_0054,PROD_042,3,357.34,2025-03-12 00:00:00
TX_000106,CUST_0206,PROD_013,5,385.16,2025-06-12 00:00:00
TX_000107,CUST_0435,PROD_011,4,29.29,2025-06-09 00:00:00
TX_000108,CUST_0164,PROD_071,10,435.8,2025-10-07 00:00:00
TX_000109,CUST_0610,PROD_052,1,159.39,2025/08/04
TX_000110,CUST_0107,PROD_013,10,6.98,2025/09/02
TX_000111,CUST_0832,PROD_034,3,297.47,2025-10-15 00:00:00
TX_000112,CUST_0685,PROD_084,10,351.85,2025-02-23 00:00:00
TX_000113,CUST_9999,PROD_091,3,88.84,2025-12-16 00:00:00
TX_000114,CUST_0011,PROD_035,10,398.36,2025-04-07 00:00:00
TX_000115,CUST_0881,PROD_086,7,100.27,2025-09-28 00:00:00
TX_000116,CUST_0843,PROD_037,5,128.27,2025-03-05 00:00:00
TX_000117,CUST_0995,PROD_999,2,205.74,2025-04-08 00:00:00
TX_000118,CUST_0378,PROD_075,2,483.75,2025-05-08 00:00:00
TX_000119,CUST_0512,PROD_094,2,343.61,2025-03-10 00:00:00
TX_000120,CUST_0231,PROD_084,4,360.03,2025/12/23
TX_000121,CUST_0423,PROD_019,2,435.06,2025-06-16 00:00:00
TX_000122,CUST_0564,PROD_026,3,107.36,2025-06-30 00:00:00
TX_000123,CUST_0498,PROD_036,7,29.22,2025-01-02 00:00:00
TX_000124,CUST_0123,PROD_068,5,105.9,2025-02-26 00:00:00
TX_000125,CUST_0573,PROD_099,1,239.25,2025/09/29
TX_000126,CUST_0621,PROD_058,4,345.77,2025-05-22 00:00:00
TX_000127,CUST_0553,PROD_029,8,452.88,2025-01-09 00:00:00
TX_000128,CUST_0788,PROD_071,9,322.73,2025-03-16 00:00:00
TX_000129,CUST_0522,PROD_035,9,400.73,2025/07/26
TX_000130,CUST_0220,PROD_037,5,405.81,2025-12-09 00:00:00
TX_000131,CUST_0375,PROD_068,1,78.8,2025-01-11 00:00:00
TX_000132,CUST_0860,PROD_001,8,100.74,2025-02-25 00:00:00
TX_000133,CUST_0871,PROD_035,10,103.74,2025-07-25 00:00:00
TX_000134,CUST_0731,PROD_061,10,102.15,2025-05-06 00:00:00
TX_000135,CUST_0731,PROD_031,9,170.05,2025-04-27 00:00:00
TX_000136,CUST_0157,PROD_018,4,208.31,2025-01-23 00:00:00
TX_000137,CUST_0149,PROD_071,8,360.62,2025-04-24 00:00:00
TX_000138,CUST_0199,PROD_002,10,207.52,2025-05-24 00:00:00
TX_000139,CUST_0429,PROD_031,10,63.8,2025-05-09 00:00:00
TX_000140,CUST_0494,PROD_089,5,272.83,2025-12-03 00:00:00
TX_000141,CUST_0032,PROD_028,7,444.3,2025/02/21
TX_000142,CUST_0569,PROD_999,6,467.65,2025-08-20 00:00:00
TX_000143,CUST_0200,PROD_074,1,335.31,2025-04-09 00:00:00
TX_000144,CUST_0093,PROD_026,4,102.83,2025-06-01 00:00:00
TX_000145,CUST_0463,PROD_005,2,364.24,2025-04-15 00:00:00
TX_000146,CUST_0614,PROD_056,3,345.52,2025-03-23 00:00:00
TX_000147,CUST_9999,PROD_069,3,343.8,2025-08-04 00:00:00
TX_000148,CUST_0434,PROD_054,2,220.14,2025-12-25 00:00:00
TX_000149,CUST_0676,PROD_021,10,268.76,2025-10-18 00:00:00
TX_000150,CUST_0353,PROD_057,5,161.29,2025-11-07 00:00:00
TX_000151,CUST_0042,PROD_038,7,387.42,2025-08-27 00:00:00
TX_000152,CUST_0237,PROD_017,1,118.72,2025-12-25 00:00:00
TX_000153,CUST_0982,PROD_084,10,357.66,2025/03/11
TX_000154,CUST_0475,PROD_031,1,256.67,2025-11-07 00:00:00
TX_000155,CUST_0172,PROD_069,2,133.53,2025-06-20 00:00:00
TX_000156,CUST_0091,PROD_027,3,402.42,2025-04-23 00:00:00
TX_000157,CUST_0303,PROD_010,7,361.86,2025/10/07
TX_000158,CUST_0944,PROD_036,6,19.83,2025-01-06 00:00:00
TX_000159,CUST_0050,PROD_093,1,46.4,2025-03-26 00:00:00
TX_000160,CUST_0167,PROD_025,8,476.78,2025-02-20 00:00:00
TX_000161,CUST_0761,PROD_081,10,17.79,2025-03-18 00:00:00
TX_000162,CUST_0236,PROD_065,5,377.5,2025-05-14 00:00:00
TX_000163,CUST_0303,PROD_074,9,241.01,2025-09-09 00:00:00
TX_000164,CUST_0309,PROD_098,5,253.2,2025-01-22 00:00:00
TX_000165,CUST_0891,PROD_006,10,29.18,2025-12-05 00:00:00
TX_000166,CUST_0708,PROD_012,6,363.33,2025-05-21 00:00:00
TX_000167,CUST_0252,PROD_020,5,258.28,2025-06-14 00:00:00
TX_000168,CUST_0636,PROD_074,7,366.15,2025-10-10 00:00:00
TX_000169,CUST_0109,PROD_031,7,303.04,2025-11-11 00:00:00
TX_000170,CUST_0035,PROD_100,9,96.46,2025/02/03
TX_000171,CUST_0251,PROD_033,9,66.51,2025-10-12 00:00:00
TX_000172,CUST_0536,PROD_034,3,276.0,2025-08-31 00:00:00
TX_000173,CUST_0398,PROD_098,4,266.52,2025-02-02 00:00:00
TX_000174,CUST_0135,PROD_052,10,340.56,2025-03-29 00:00:00
TX_000175,CUST_0630,PROD_021,1,125.14,2025-08-03 00:00:00
TX_000176,CUST_0883,PROD_040,5,45.67,2025-01-21 00:00:00
TX_000177,CUST_0799,PROD_097,6,380.04,2025-01-22 00:00:00
TX_000178,CUST_0756,PROD_088,3,150.45,2025-01-12 00:00:00
TX_000179,CUST_0631,PROD_036,5,258.93,2025-09-29 00:00:00
TX_000180,CUST_0463,PROD_048,4,280.26,2025-09-14 00:00:00
TX_000181,CUST_0565,PROD_018,8,307.0,2025/12/23
TX_000182,CUST_0077,PROD_082,1,496.6,2025-05-30 00:00:00
TX_000183,CUST_0428,PROD_046,4,415.12,2025-05-12 00:00:00
TX_000184,CUST_0251,PROD_029,3,403.94,2025/02/16
TX_000185,CUST_0956,PROD_016,9,28.92,2025-04-12 00:00:00
TX_000186,CUST_0406,PROD_018,7,323.79,2025/04/26
TX_000187,CUST_0072,PROD_011,10,381.87,2025-09-12 00:00:00
TX_000188,CUST_0798,PROD_065,7,390.56,2025-09-26 00:00:00
TX_000189,CUST_9999,PROD_004,1,295.11,2025-06-21 00:00:00
TX_000190,CUST_0262,PROD_068,1,125.97,2025-07-13 00:00:00
TX_000191,CUST_0972,PROD_037,10,64.25,2025-08-01 00:00:00
TX_000192,CUST_0438,PROD_079,6,71.29,2025/01/30
TX_000193,CUST_0253,PROD_082,10,146.98,2025-10-04 00:00:00
TX_000194,CUST_0978,PROD_004,10,73.95,2025-07-28 00:00:00
TX_000195,CUST_0323,PROD_078,10,255.4,2025-02-07 00:00:00
TX_000196,CUST_0692,PROD_012,5,467.22,2025-12-23 00:00:00
TX_000197,CUST_0267,PROD_053,1,415.64,2025/11/19
TX_000198,CUST_0487,PROD_051,7,220.51,2025-01-24 00:00:00
TX_000199,CUST_0264,PROD_003,1,472.2,2025-01-29 00:00:00
TX_000200,CUST_0800,PROD_078,-1,48.75,2025-01-14 00:00:00
TX_000201,CUST_0149,PROD_096,4,54.47,2025-03-31 00:00:00
TX_000202,CUST_0698,PROD_056,9,277.39,2025-08-12 00:00:00
TX_000203,CUST_0994,PROD_072,3,312.48,2025-09-26 00:00:00
TX_000204,CUST_0083,PROD_039,9,7.45,2025-09-28 00:00:00
TX_000205,CUST_0702,PROD_062,9,369.65,2025-09-28 00:00:00
TX_000206,CUST_0479,PROD_079,2,31.43,2025-12-08 00:00:00
TX_000207,CUST_0037,PROD_007,9,187.28,2025-10-17 00:00:00
TX_000208,CUST_0593,PROD_024,1,358.75,2025-08-20 00:00:00
TX_000209,CUST_0340,PROD_077,10,313.77,2025-11-17 00:00:00
TX_000210,CUST_0770,PROD_085,5,415.99,2025-11-25 00:00:00
TX_000211,CUST_0935,PROD_067,5,76.86,2025-07-07 00:00:00
TX_000212,CUST_0509,PROD_073,2,150.73,2025-09-14 00:00:00
TX_000213,CUST_0399,PROD_025,2,96.55,2025-04-25 00:00:00
TX_000214,CUST_0881,PROD_072,1,206.87,2025/12/25
TX_000215,CUST_0318,PROD_016,8,383.08,2025-01-16 00:00:00
TX_000216,CUST_0443,PROD_093,4,262.4,2025-04-23 00:00:00
TX_000217,CUST_0741,PROD_067,3,330.34,2025-10-15 00:00:00
TX_000218,CUST_0584,PROD_045,7,444.2,2025-03-02 00:00:00
TX_000219,CUST_0890,PROD_071,3,206.08,2025-07-03 00:00:00
TX_000220,CUST_0545,PROD_071,7,288.59,2025-06-26 00:00:00
TX_000221,CUST_0444,PROD_999,8,405.33,2025-02-20 00:00:00
TX_000222,CUST_0299,PROD_068,6,287.9,2025-03-03 00:00:00
TX_000223,CUST_0547,PROD_020,4,295.87,2025-06-09 00:00:00
TX_000224,CUST_0084,PROD_022,8,377.4,2025/01/01
TX_000225,CUST_0890,PROD_050,2,499.23,2025-03-01 00:00:00
TX_000226,CUST_0414,PROD_086,4,408.09,2025-06-21 00:00:00
TX_000227,CUST_0053,PROD_009,7,266.27,2025-11-10 00:00:00
TX_000228,CUST_0150,PROD_042,1,229.3,2025-04-01 00:00:00
TX_000229,CUST_0908,PROD_081,3,29.9,2025-07-08 00:00:00
TX_000230,CUST_0035,PROD_057,8,301.42,2025-07-20 00:00:00
TX_000231,CUST_0920,PROD_093,7,382.67,2025-07-30 00:00:00
TX_000232,CUST_0706,PROD_999,2,374.2,2025-09-09 00:00:00
TX_000233,CUST_0788,PROD_021,10,351.14,2025/11/05
TX_000234,CUST_0047,PROD_068,9,135.09,2025-04-10 00:00:00
TX_000235,CUST_0183,PROD_041,6,358.88,2025-03-29 00:00:00
TX_000236,CUST_0822,PROD_070,2,234.81,2025-04-15 00:00:00
TX_000237,CUST_0337,PROD_011,10,85.87,2025-07-14 00:00:00
TX_000238,CUST_0488,PROD_086,6,70.52,2025-09-11 00:00:00
TX_000239,CUST_0771,PROD_028,8,41.8,2025-12-08 00:00:00
TX_000240,CUST_0101,PROD_022,10,164.9,2025-03-14 00:00:00
TX_000241,CUST_0089,PROD_013,7,141.32,2025-01-28 00:00:00
TX_000242,CUST_0513,PROD_051,8,269.42,2025-03-14 00:00:00
TX_000243,CUST_0390,PROD_022,3,42.21,2025-03-24 00:00:00
TX_000244,CUST_0374,PROD_025,5,262.12,2025-08-03 00:00:00
TX_000245,CUST_0882,PROD_088,10,221.78,2025-08-07 00:00:00
TX_000246,CUST_0498,PROD_066,3,274.04,2025-06-13 00:00:00
TX_000247,CUST_0921,PROD_003,8,393.88,2025-10-29 00:00:00
TX_000248,CUST_0825,PROD_016,8,241.77,2025-02-01 00:00:00
TX_000249,CUST_0484,PROD_067,3,430.75,2025-01-08 00:00:00
TX_000250,CUST_9999,PROD_011,3,94.32,2025-11-19 00:00:00
TX_000251,CUST_0177,PROD_087,6,12.34,2025-06-21 00:00:00
TX_000252,CUST_0215,PROD_052,10,79.42,2025-02-07 00:00:00
TX_000253,CUST_0357,PROD_074,3,167.06,2025-07-23 00:00:00
TX_000254,CUST_0081,PROD_069,5,121.43,2025-11-16 00:00:00
TX_000255,CUST_0034,PROD_017,1,426.18,2025-01-18 00:00:00
TX_000256,CUST_0471,PROD_070,7,487.63,2025-11-03 00:00:00
TX_000257,CUST_0598,PROD_039,10,172.17,2025-11-09 00:00:00
TX_000258,CUST_0173,PROD_058,9,256.23,2025-01-19 00:00:00
TX_000259,CUST_0732,PROD_031,9,203.82,2025-07-19 00:00:00
TX_000260,CUST_0383,PROD_079,8,141.08,2025-02-09 00:00:00
TX_000261,CUST_0945,PROD_069,8,195.31,2025-03-18 00:00:00
TX_000262,CUST_0894,PROD_092,3,419.34,2025-03-08 00:00:00
TX_000263,CUST_0789,PROD_005,9,162.54,2025/09/26
TX_000264,CUST_0487,PROD_090,5,442.1,2025-12-06 00:00:00
TX_000265,CUST_0800,PROD_080,6,344.38,2025/10/19
TX_000266,CUST_0344,PROD_070,3,390.3,2025-06-25 00:00:00
TX_000267,CUST_0374,PROD_051,8,298.83,2025-04-11 00:00:00
TX_000268,CUST_0603,PROD_032,3,343.35,2025-10-22 00:00:00
TX_000269,CUST_0456,PROD_025,9,480.43,2025-10-21 00:00:00
TX_000270,CUST_0337,PROD_088,6,97.37,2025-06-22 00:00:00
TX_000271,CUST_0365,PROD_044,7,88.0,2025-10-22 00:00:00
TX_000272,CUST_0454,PROD_029,6,267.22,2025-12-18 00:00:00
TX_000273,CUST_0218,PROD_051,6,186.07,2025-11-27 00:00:00
TX_000274,CUST_0792,PROD_072,6,12.74,2025-06-14 00:00:00
TX_000275,CUST_0589,PROD_029,1,101.11,2025-11-18 00:00:00
TX_000276,CUST_0153,PROD_015,8,301.51,2025/03/26
TX_000277,CUST_0684,PROD_035,1,47.58,2025-07-06 00:00:00
TX_000278,CUST_0667,PROD_014,6,414.66,2025-04-14 00:00:00
TX_000279,CUST_0750,PROD_028,7,240.55,2025/09/26
TX_000280,CUST_0917,PROD_006,1,480.1,2025-05-17 00:00:00
TX_000281,CUST_0224,PROD_099,2,22.42,2025-07-01 00:00:00
TX_000282,CUST_0250,PROD_068,8,282.94,2025-11-06 00:00:00
TX_000283,CUST_0979,PROD_999,6,69.24,2025-09-21 00:00:00
TX_000284,CUST_0714,PROD_018,6,280.92,2025-08-08 00:00:00
TX_000285,CUST_0851,PROD_058,9,223.89,2025-06-02 00:00:00
TX_000286,CUST_0692,PROD_095,5,272.97,2025-06-23 00:00:00
TX_000287,CUST_0745,PROD_041,10,147.58,2025-09-15 00:00:00
TX_000288,CUST_0244,PROD_089,7,492.77,2025-01-14 00:00:00
TX_000289,CUST_0081,PROD_040,6,321.39,2025-10-28 00:00:00
TX_000290,CUST_0485,PROD_015,6,434.9,2025-02-05 00:00:00
TX_000291,CUST_0985,PROD_027,7,280.0,2025-04-04 00:00:00
TX_000292,CUST_0583,PROD_068,10,194.62,2025-10-28 00:00:00
TX_000293,CUST_0296,PROD_089,4,214.42,2025-11-23 00:00:00
TX_000294,CUST_0600,PROD_020,1,69.22,2025-09-21 00:00:00
TX_000295,CUST_0756,PROD_009,9,113.13,2025-03-30 00:00:00
TX_000296,CUST_0217,PROD_025,2,67.52,2025-11-07 00:00:00
TX_000297,CUST_0015,PROD_080,2,34.2,2025-01-05 00:00:00
TX_000298,CUST_0851,PROD_021,4,360.18,2025-08-26 00:00:00
TX_000299,CUST_0966,PROD_091,2,334.25,2025-04-01 00:00:00
TX_000300,CUST_0984,PROD_034,6,283.21,2025-05-17 00:00:00
TX_000301,CUST_0067,PROD_080,2,257.91,2025-12-09 00:00:00
TX_000302,CUST_0494,PROD_051,1,276.94,2025-04-04 00:00:00
TX_000303,CUST_0961,PROD_059,4,103.17,2025-04-22 00:00:00
TX_000304,CUST_0382,PROD_004,6,94.99,2025-03-21 00:00:00
TX_000305,CUST_0439,PROD_022,2,367.74,2025-06-17 00:00:00
TX_000306,CUST_0621,PROD_071,3,122.05,2025-03-27 00:00:00
TX_000307,CUST_0501,PROD_070,4,163.5,2025-06-07 00:00:00
TX_000308,CUST_0949,PROD_064,4,84.97,2025-07-21 00:00:00
TX_000309,CUST_0682,PROD_033,10,406.33,2025-09-13 00:00:00
TX_000310,CUST_0370,PROD_078,10,222.2,2025-04-06 00:00:00
TX_000311,CUST_0332,PROD_032,10,236.91,2025-09-27 00:00:00
TX_000312,CUST_0439,PROD_042,3,291.89,2025-10-13 00:00:00
TX_000313,CUST_0268,PROD_087,2,71.68,2025-07-06 00:00:00
TX_000314,CUST_0112,PROD_023,1,442.27,2025-05-16 00:00:00
TX_000315,CUST_0954,PROD_065,10,221.99,2025-12-17 00:00:00
TX_000316,CUST_0763,PROD_046,3,122.21,2025-10-01 00:00:00
TX_000317,CUST_0083,PROD_036,5,121.96,2025-07-18 00:00:00
TX_000318,CUST_0657,PROD_009,6,418.42,2025-03-25 00:00:00
TX_000319,CUST_0192,PROD_020,10,87.9,2025-10-28 00:00:00
TX_000320,CUST_0190,PROD_062,5,328.61,2025-09-19 00:00:00
TX_000321,CUST_0403,PROD_074,7,496.13,2025-02-12 00:00:00
TX_000322,CUST_0191,PROD_015,3,201.92,2025-11-21 00:00:00
TX_000323,CUST_0425,PROD_088,8,208.01,2025-12-05 00:00:00
TX_000324,CUST_0183,PROD_049,7,56.73,2025/04/03
TX_000325,CUST_0066,PROD_093,6,332.55,2025-09-28 00:00:00
TX_000326,CUST_0406,PROD_096,4,23.33,2025-10-20 00:00:00
TX_000327,CUST_0427,PROD_085,3,230.39,2025-12-07 00:00:00
TX_000328,CUST_0213,PROD_037,3,54.73,2025/05/26
TX_000329,CUST_0809,PROD_018,6,430.62,2025-10-23 00:00:00
TX_000330,CUST_0308,PROD_049,3,13.47,2025-10-30 00:00:00
TX_000331,CUST_0717,PROD_009,1,403.65,2025-04-20 00:00:00
TX_000332,CUST_0708,PROD_089,10,250.8,2025-01-09 00:00:00
TX_000333,CUST_0930,PROD_036,4,214.81,2025-07-03 00:00:00
TX_000334,CUST_0794,PROD_017,4,423.94,2025-05-13 00:00:00
TX_000335,CUST_0320,PROD_062,1,214.12,2025-07-05 00:00:00
TX_000336,CUST_0433,PROD_022,10,311.62,2025-08-15 00:00:00
TX_000337,CUST_0884,PROD_076,1,209.11,2025-03-08 00:00:00
TX_000338,CUST_0220,PROD_034,3,414.74,2025-12-17 00:00:00
TX_000339,CUST_9999,PROD_037,1,128.6,2025/03/05
TX_000340,CUST_0831,PROD_073,8,187.44,2025-06-07 00:00:00
TX_000341,CUST_0713,PROD_055,3,473.16,2025-05-09 00:00:00
TX_000342,CUST_0515,PROD_001,2,26.84,2025-01-31 00:00:00
TX_000343,CUST_0252,PROD_004,7,279.15,2025-02-21 00:00:00
TX_000344,CUST_0185,PROD_055,9,26.1,2025-01-07 00:00:00
TX_000345,CUST_0751,PROD_019,10,20.09,2025-02-25 00:00:00
TX_000346,CUST_0950,PROD_066,1,207.25,2025-02-22 00:00:00
TX_000347,CUST_0470,PROD_007,5,183.75,2025-09-29 00:00:00
TX_000348,CUST_0409,PROD_023,2,353.51,2025/01/13
TX_000349,CUST_0715,PROD_068,6,226.18,2025-12-27 00:00:00
TX_000350,CUST_0061,PROD_072,0,7.71,2025-04-12 00:00:00
TX_000351,CUST_0411,PROD_021,8,461.37,2025-08-12 00:00:00
TX_000352,CUST_0305,PROD_075,2,264.68,2025-03-12 00:00:00
TX_000353,CUST_0066,PROD_035,7,210.33,2025-02-21 00:00:00
TX_000354,CUST_0052,PROD_015,1,226.23,2025-09-06 00:00:00
TX_000355,CUST_0517,PROD_096,5,294.85,2025-10-06 00:00:00
TX_000356,CUST_0553,PROD_041,4,335.52,2025/12/29
TX_000357,CUST_0087,PROD_078,9,23.76,2025-10-29 00:00:00
TX_000358,CUST_0902,PROD_051,10,266.95,2025-09-10 00:00:00
TX_000359,CUST_0407,PROD_057,2,407.76,2025-07-15 00:00:00
TX_000360,CUST_0210,PROD_049,2,78.48,2025-09-06 00:00:00
TX_000361,CUST_0983,PROD_032,4,416.3,2025-06-15 00:00:00
TX_000362,CUST_0593,PROD_015,10,225.8,2025/01/08
TX_000363,CUST_0541,PROD_056,3,18.02,2025/08/28
TX_000364,CUST_0352,PROD_053,1,421.31,2025-12-05 00:00:00
TX_000365,CUST_0532,PROD_070,2,121.43,2025-12-17 00:00:00
TX_000366,CUST_0919,PROD_015,2,488.13,2025-01-12 00:00:00
TX_000367,CUST_0594,PROD_066,1,408.58,2025-02-06 00:00:00
TX_000368,CUST_0533,PROD_018,3,380.13,2025-08-20 00:00:00
TX_000369,CUST_0478,PROD_057,9,190.03,2025-01-06 00:00:00
TX_000370,CUST_0053,PROD_006,7,239.78,2025-08-31 00:00:00
TX_000371,CUST_0369,PROD_049,10,47.14,2025-11-01 00:00:00
TX_000372,CUST_0173,PROD_066,8,338.8,2025-10-30 00:00:00
TX_000373,CUST_0868,PROD_065,3,234.36,2025-07-20 00:00:00
TX_000374,CUST_0978,PROD_007,5,26.35,2025-07-01 00:00:00
TX_000375,CUST_0182,PROD_055,2,180.53,2025-01-23 00:00:00
TX_000376,CUST_0509,PROD_037,9,281.3,2025-06-20 00:00:00
TX_000377,CUST_0943,PROD_085,7,94.95,2025/11/24
TX_000378,CUST_0864,PROD_037,10,191.28,2025-10-07 00:00:00
TX_000379,CUST_0880,PROD_058,9,159.63,2025-02-03 00:00:00
TX_000380,CUST_0693,PROD_019,3,490.71,2025-07-02 00:00:00
TX_000381,CUST_0833,PROD_070,3,5.17,2025-10-21 00:00:00
TX_000382,CUST_0545,PROD_069,9,117.84,2025-01-22 00:00:00
TX_000383,CUST_0530,PROD_020,9,225.36,2025/10/22
TX_000384,CUST_0130,PROD_010,4,499.36,2025-02-27 00:00:00
TX_000385,CUST_0509,PROD_097,10,321.85,2025-03-25 00:00:00
TX_000386,CUST_0835,PROD_028,8,361.26,2025-01-01 00:00:00
TX_000387,CUST_0090,PROD_042,9,257.97,2025-07-25 00:00:00
TX_000388,CUST_0045,PROD_047,5,376.49,2025-09-11 00:00:00
TX_000389,CUST_0200,PROD_084,1,437.16,2025-12-23 00:00:00
TX_000390,CUST_0853,PROD_009,8,379.02,2025-09-05 00:00:00
TX_000391,CUST_0134,PROD_017,5,299.3,2025-10-21 00:00:00
TX_000392,CUST_0006,PROD_060,9,77.0,2025/05/20
TX_000393,CUST_0215,PROD_042,10,96.43,2025-07-21 00:00:00
TX_000394,CUST_0865,PROD_069,10,403.36,2025-05-08 00:00:00
TX_000395,CUST_0902,PROD_065,7,285.77,2025-12-19 00:00:00
TX_000396,CUST_0697,PROD_041,1,59.77,2025-11-11 00:00:00
TX_000397,CUST_0370,PROD_088,8,497.37,2025-05-07 00:00:00
TX_000398,CUST_0092,PROD_010,8,43.91,2025-12-16 00:00:00
TX_000399,CUST_0809,PROD_041,4,208.34,2025-12-30 00:00:00
TX_000400,CUST_0533,PROD_077,-1,32.63,2025/09/06
TX_000401,CUST_0617,PROD_039,9,485.78,2025-05-09 00:00:00
TX_000402,CUST_0771,PROD_088,5,393.83,2025-10-13 00:00:00
TX_000403,CUST_0841,PROD_056,5,85.11,2025-06-09 00:00:00
TX_000404,CUST_0262,PROD_044,9,446.77,2025-10-20 00:00:00
TX_000405,CUST_0654,PROD_025,9,403.61,2025-01-15 00:00:00
TX_000406,CUST_0757,PROD_052,7,392.72,2025-11-21 00:00:00
TX_000407,CUST_0593,PROD_051,6,303.81,2025-06-27 00:00:00
TX_000408,CUST_0872,PROD_024,2,91.58,2025-05-31 00:00:00
TX_000409,CUST_0926,PROD_062,8,158.76,2025-03-10 00:00:00
TX_000410,CUST_0800,PROD_011,3,144.06,2025/02/21
TX_000411,CUST_0515,PROD_067,7,496.72,2025-01-04 00:00:00
TX_000412,CUST_0031,PROD_076,9,491.08,2025-09-04 00:00:00
TX_000413,CUST_0262,PROD_011,3,291.03,2025-07-03 00:00:00
TX_000414,CUST_0028,PROD_035,8,71.78,2025-07-29 00:00:00
TX_000415,CUST_0871,PROD_094,2,460.16,2025-01-28 00:00:00
TX_000416,CUST_0981,PROD_056,6,349.73,2025-07-17 00:00:00
TX_000417,CUST_0945,PROD_082,3,187.41,2025-05-16 00:00:00
TX_000418,CUST_0262,PROD_072,4,254.21,2025-05-10 00:00:00
TX_000419,CUST_0550,PROD_087,7,130.96,2025-12-01 00:00:00
TX_000420,CUST_0694,PROD_026,2,60.14,2025-04-10 00:00:00
TX_000421,CUST_0917,PROD_069,10,383.85,2025-09-09 00:00:00
TX_000422,CUST_0174,PROD_100,7,383.26,2025-05-05 00:00:00
TX_000423,CUST_0341,PROD_004,4,434.47,2025-10-12 00:00:00
TX_000424,CUST_0150,PROD_046,1,329.25,2025-02-01 00:00:00
TX_000425,CUST_0793,PROD_006,5,167.83,2025-11-22 00:00:00
TX_000426,CUST_0471,PROD_070,9,415.72,2025-05-17 00:00:00
TX_000427,CUST_0471,PROD_002,1,429.63,2025-12-25 00:00:00
TX_000428,CUST_0142,PROD_051,8,239.71,2025-05-27 00:00:00
TX_000429,CUST_0871,PROD_023,5,130.78,2025-12-10 00:00:00
TX_000430,CUST_0876,PROD_069,4,410.63,2025-07-05 00:00:00
TX_000431,CUST_0446,PROD_071,2,12.71,2025-12-18 00:00:00
TX_000432,CUST_0657,PROD_077,2,77.81,2025-08-22 00:00:00
TX_000433,CUST_0524,PROD_095,7,402.93,2025-10-18 00:00:00
TX_000434,CUST_0318,PROD_098,10,35.16,2025-06-11 00:00:00
TX_000435,CUST_0982,PROD_058,3,130.63,2025/04/30
TX_000436,CUST_0781,PROD_023,5,70.44,2025-04-15 00:00:00
TX_000437,CUST_0921,PROD_031,4,286.17,2025-02-22 00:00:00
TX_000438,CUST_0390,PROD_021,10,108.99,2025-03-30 00:00:00
TX_000439,CUST_0102,PROD_072,4,88.05,2025/03/04
TX_000440,CUST_0380,PROD_001,1,36.2,2025-09-25 00:00:00
TX_000441,CUST_0235,PROD_004,9,421.43,2025-11-02 00:00:00
TX_000442,CUST_0985,PROD_016,1,276.13,2025-06-01 00:00:00
TX_000443,CUST_0191,PROD_093,4,449.38,2025-05-29 00:00:00
TX_000444,CUST_0175,PROD_097,1,394.15,2025-05-22 00:00:00
TX_000445,CUST_0284,PROD_040,7,433.85,2025-10-29 00:00:00
TX_000446,CUST_0201,PROD_026,1,231.24,2025-07-26 00:00:00
TX_000447,CUST_9999,PROD_036,6,476.49,2025-10-29 00:00:00
TX_000448,CUST_0679,PROD_999,1,220.78,2025-12-09 00:00:00
TX_000449,CUST_0152,PROD_999,7,458.49,2025-06-03 00:00:00
TX_000450,CUST_0461,PROD_001,8,273.12,2025-02-21 00:00:00
TX_000451,CUST_0551,PROD_061,1,263.78,2025-01-08 00:00:00
TX_000452,CUST_0399,PROD_071,4,150.63,2025-03-14 00:00:00
TX_000453,CUST_0830,PROD_078,8,393.53,2025-09-28 00:00:00
TX_000454,CUST_0243,PROD_088,8,391.89,2025-02-07 00:00:00
TX_000455,CUST_0879,PROD_059,2,286.83,2025/07/13
TX_000456,CUST_0260,PROD_012,3,218.65,2025-12-26 00:00:00
TX_000457,CUST_0383,PROD_039,2,278.88,2025-01-03 00:00:00
TX_000458,CUST_0755,PROD_010,8,183.8,2025-09-19 00:00:00
TX_000459,CUST_0944,PROD_038,2,337.13,2025-03-12 00:00:00
TX_000460,CUST_0379,PROD_013,9,338.12,2025-11-27 00:00:00
TX_000461,CUST_0825,PROD_056,5,92.63,2025-03-14 00:00:00
TX_000462,CUST_0153,PROD_091,5,361.9,2025-07-07 00:00:00
TX_000463,CUST_0710,PROD_048,8,417.55,2025-01-24 00:00:00
TX_000464,CUST_0259,PROD_999,10,75.06,2025-07-07 00:00:00
TX_000465,CUST_9999,PROD_094,1,36.37,2025-07-24 00:00:00
TX_000466,CUST_0701,PROD_007,8,89.98,2025-03-11 00:00:00
TX_000467,CUST_0364,PROD_072,10,167.41,2025/05/24
TX_000468,CUST_0375,PROD_034,8,123.98,2025-03-11 00:00:00
TX_000469,CUST_0765,PROD_999,2,34.16,2025-06-29 00:00:00
TX_000470,CUST_0121,PROD_074,6,487.49,2025-11-09 00:00:00
TX_000471,CUST_0224,PROD_085,2,160.92,2025/08/07
TX_000472,CUST_0743,PROD_057,1,411.3,2025-03-11 00:00:00
TX_000473,CUST_0146,PROD_076,6,341.84,2025-01-03 00:00:00
TX_000474,CUST_0178,PROD_074,5,283.08,2025-06-17 00:00:00
TX_000475,CUST_0289,PROD_067,8,209.54,2025-10-12 00:00:00
TX_000476,CUST_0845,PROD_077,5,143.12,2025-08-30 00:00:00
TX_000477,CUST_0181,PROD_093,9,463.22,2025-08-31 00:00:00
TX_000478,CUST_0170,PROD_099,2,22.58,2025/06/20
TX_000479,CUST_0826,PROD_024,2,236.79,2025-06-01 00:00:00
TX_000480,CUST_0738,PROD_068,4,172.01,2025-03-19 00:00:00
TX_000481,CUST_0560,PROD_056,1,373.94,2025-08-18 00:00:00
TX_000482,CUST_0515,PROD_070,9,101.64,2025-06-05 00:00:00
TX_000483,CUST_0467,PROD_081,5,205.92,2025-03-12 00:00:00
TX_000484,CUST_0109,PROD_057,5,353.82,2025-07-21 00:00:00
TX_000485,CUST_0722,PROD_051,3,106.97,2025-04-04 00:00:00
TX_000486,CUST_9999,PROD_043,6,58.03,2025-09-10 00:00:00
TX_000487,CUST_0057,PROD_077,2,445.29,2025-02-21 00:00:00
TX_000488,CUST_0948,PROD_050,2,302.51,2025/12/18
TX_000489,CUST_0605,PROD_057,7,31.72,2025-12-26 00:00:00
TX_000490,CUST_0832,PROD_048,4,160.99,2025-05-18 00:00:00
TX_000491,CUST_0363,PROD_011,3,95.21,2025-06-10 00:00:00
TX_000492,CUST_0732,PROD_008,1,83.16,2025-08-02 00:00:00
TX_000493,CUST_0104,PROD_015,6,111.23,2025-04-04 00:00:00
TX_000494,CUST_0532,PROD_080,6,20.84,2025/05/25
TX_000495,CUST_0205,PROD_091,4,423.04,2025-08-26 00:00:00
TX_000496,CUST_0725,PROD_076,6,323.74,2025-04-29 00:00:00
TX_000497,CUST_0099,PROD_999,7,147.48,2025-12-13 00:00:00
TX_000498,CUST_0025,PROD_075,2,6.49,2025-06-28 00:00:00
TX_000499,CUST_0440,PROD_065,10,350.87,2025/05/26
TX_000500,CUST_0193,PROD_084,6,440.85,2025-11-12 00:00:00
TX_000501,CUST_0736,PROD_097,4,455.1,2025-12-18 00:00:00
TX_000502,CUST_0741,PROD_005,1,206.74,2025-09-07 00:00:00
TX_000503,CUST_0040,PROD_055,9,34.1,2025-10-07 00:00:00
TX_000504,CUST_0539,PROD_090,4,498.08,2025-09-14 00:00:00
TX_000505,CUST_0447,PROD_073,5,156.84,2025-12-24 00:00:00
TX_000506,CUST_0461,PROD_051,8,231.95,2025-03-22 00:00:00
TX_000507,CUST_9999,PROD_045,1,41.07,2025-04-19 00:00:00
TX_000508,CUST_0267,PROD_024,5,57.36,2025-10-03 00:00:00
TX_000509,CUST_0383,PROD_074,3,113.32,2025-04-24 00:00:00
TX_000510,CUST_0143,PROD_999,1,287.8,2025-11-26 00:00:00
TX_000511,CUST_0096,PROD_001,9,280.11,2025-07-31 00:00:00
TX_000512,CUST_0311,PROD_015,2,195.09,2025-08-16 00:00:00
TX_000513,CUST_0014,PROD_087,6,479.06,2025-08-22 00:00:00
TX_000514,CUST_0924,PROD_073,3,48.42,2025-10-31 00:00:00
TX_000515,CUST_0639,PROD_006,4,476.86,2025-05-04 00:00:00
TX_000516,CUST_0367,PROD_089,3,231.5,2025-07-01 00:00:00
TX_000517,CUST_0947,PROD_004,10,67.41,2025-08-16 00:00:00
TX_000518,CUST_0332,PROD_097,9,8.03,2025-04-07 00:00:00
TX_000519,CUST_0203,PROD_078,3,38.42,2025-09-26 00:00:00
TX_000520,CUST_0360,PROD_088,6,284.94,2025-08-11 00:00:00
TX_000521,CUST_0895,PROD_048,6,277.37,2025-02-11 00:00:00
TX_000522,CUST_0950,PROD_061,3,353.47,2025-02-18 00:00:00
TX_000523,CUST_0104,PROD_099,6,459.0,2025-09-03 00:00:00
TX_000524,CUST_0443,PROD_049,10,471.59,2025-09-18 00:00:00
TX_000525,CUST_0354,PROD_036,6,480.92,2025-06-09 00:00:00
TX_000526,CUST_0283,PROD_097,8,85.44,2025-01-28 00:00:00
TX_000527,CUST_0604,PROD_081,4,71.96,2025/03/21
TX_000528,CUST_0571,PROD_036,4,366.92,2025-09-26 00:00:00
TX_000529,CUST_0738,PROD_091,4,352.04,2025-12-11 00:00:00
TX_000530,CUST_0027,PROD_082,4,489.44,2025-05-22 00:00:00
TX_000531,CUST_0449,PROD_017,8,251.52,2025-03-07 00:00:00
TX_000532,CUST_0764,PROD_006,3,254.15,2025-08-02 00:00:00
TX_000533,CUST_0520,PROD_001,1,175.5,2025-11-01 00:00:00
TX_000534,CUST_0936,PROD_051,10,52.5,2025-10-03 00:00:00
TX_000535,CUST_0047,PROD_077,2,210.78,2025-12-18 00:00:00
TX_000536,CUST_0612,PROD_078,1,431.0,2025-03-23 00:00:00
TX_000537,CUST_0447,PROD_004,5,127.73,2025-10-05 00:00:00
TX_000538,CUST_0793,PROD_020,10,45.17,2025-04-14 00:00:00
TX_000539,CUST_0029,PROD_047,7,280.8,2025-07-08 00:00:00
TX_000540,CUST_0806,PROD_097,1,194.67,2025-12-25 00:00:00
TX_000541,CUST_0807,PROD_008,5,292.7,2025-05-11 00:00:00
TX_000542,CUST_0884,PROD_026,5,304.31,2025-04-07 00:00:00
TX_000543,CUST_0705,PROD_999,10,191.58,2025-08-21 00:00:00
TX_000544,CUST_0790,PROD_016,2,151.28,2025-03-17 00:00:00
TX_000545,CUST_0282,PROD_095,6,470.71,2025-10-12 00:00:00
TX_000546,CUST_0310,PROD_066,9,319.93,2025-01-21 00:00:00
TX_000547,CUST_0201,PROD_053,3,321.54,2025-06-09 00:00:00
TX_000548,CUST_0779,PROD_026,9,172.72,2025-05-03 00:00:00
TX_000549,CUST_0577,PROD_024,6,335.02,2025-07-06 00:00:00
TX_000550,CUST_0534,PROD_005,4,43.39,2025-12-28 00:00:00
TX_000551,CUST_0028,PROD_048,5,188.05,2025-08-28 00:00:00
TX_000552,CUST_0551,PROD_059,7,295.48,2025-05-18 00:00:00
TX_000553,CUST_0688,PROD_047,4,221.11,2025-10-16 00:00:00
TX_000554,CUST_0805,PROD_094,10,389.58,2025-07-15 00:00:00
TX_000555,CUST_0428,PROD_017,2,92.66,2025-05-27 00:00:00
TX_000556,CUST_0017,PROD_080,5,256.48,2025-06-24 00:00:00
TX_000557,CUST_0293,PROD_048,10,193.74,2025-06-04 00:00:00
TX_000558,CUST_0491,PROD_999,5,72.67,2025-07-08 00:00:00
TX_000559,CUST_0244,PROD_050,2,466.9,2025/05/27
TX_000560,CUST_0543,PROD_075,4,127.67,2025-03-22 00:00:00
TX_000561,CUST_0617,PROD_040,4,360.61,2025-01-29 00:00:00
TX_000562,CUST_0938,PROD_088,1,19.84,2025-11-27 00:00:00
TX_000563,CUST_0730,PROD_019,2,44.3,2025-10-09 00:00:00
TX_000564,CUST_0576,PROD_027,6,408.74,2025-12-03 00:00:00
TX_000565,CUST_0887,PROD_065,8,133.58,2025-12-15 00:00:00
TX_000566,CUST_0100,PROD_025,3,435.5,2025/12/13
TX_000567,CUST_0700,PROD_019,4,452.94,2025-08-25 00:00:00
TX_000568,CUST_0820,PROD_053,4,101.51,2025-01-02 00:00:00
TX_000569,CUST_0096,PROD_081,6,408.57,2025-08-13 00:00:00
TX_000570,CUST_0753,PROD_067,1,23.0,2025-03-19 00:00:00
TX_000571,CUST_0263,PROD_024,6,234.24,2025-04-10 00:00:00
TX_000572,CUST_0617,PROD_074,2,385.77,2025-04-22 00:00:00
TX_000573,CUST_0178,PROD_022,1,103.24,2025-04-12 00:00:00
TX_000574,CUST_0316,PROD_051,3,453.71,2025-01-14 00:00:00
TX_000575,CUST_0993,PROD_045,3,360.97,2025-11-12 00:00:00
TX_000576,CUST_0437,PROD_019,3,79.63,2025-12-21 00:00:00
TX_000577,CUST_0390,PROD_078,10,91.28,2025-05-28 00:00:00
TX_000578,CUST_0455,PROD_029,3,117.19,2025/08/07
TX_000579,CUST_0072,PROD_012,1,277.86,2025/08/24
TX_000580,CUST_0995,PROD_016,9,404.43,2025-04-13 00:00:00
TX_000581,CUST_0882,PROD_051,2,180.34,2025-10-11 00:00:00
TX_000582,CUST_0375,PROD_064,7,461.91,2025-05-15 00:00:00
TX_000583,CUST_0825,PROD_042,8,378.11,2025-03-09 00:00:00
TX_000584,CUST_0444,PROD_020,3,476.38,2025-12-31 00:00:00
TX_000585,CUST_0599,PROD_020,6,282.31,2025-12-10 00:00:00
TX_000586,CUST_0378,PROD_046,7,33.29,2025-04-04 00:00:00
TX_000587,CUST_0692,PROD_084,1,450.61,2025-05-05 00:00:00
TX_000588,CUST_0981,PROD_032,2,428.27,2025-02-28 00:00:00
TX_000589,CUST_0817,PROD_031,1,245.36,2025-06-11 00:00:00
TX_000590,CUST_0625,PROD_084,9,165.36,2025-01-07 00:00:00
TX_000591,CUST_0790,PROD_085,1,256.82,2025-05-27 00:00:00
TX_000592,CUST_0970,PROD_050,2,160.35,2025-05-22 00:00:00
TX_000593,CUST_0653,PROD_010,3,468.71,2025/12/04
TX_000594,CUST_0549,PROD_073,6,168.32,2025/05/20
TX_000595,CUST_0188,PROD_049,10,492.46,2025-10-30 00:00:00
TX_000596,CUST_0733,PROD_008,8,402.7,2025/03/12
TX_000597,CUST_0325,PROD_010,10,434.1,2025/09/12
TX_000598,CUST_0184,PROD_010,4,287.93,2025-08-09 00:00:00
TX_000599,CUST_0948,PROD_083,8,205.96,2025-10-17 00:00:00
TX_000600,CUST_0152,PROD_063,-1,447.13,2025/04/29
TX_000601,CUST_0380,PROD_084,7,339.1,2025-01-15 00:00:00
TX_000602,CUST_0974,PROD_054,6,122.43,2025-11-23 00:00:00
TX_000603,CUST_0633,PROD_078,2,316.83,2025-07-15 00:00:00
TX_000604,CUST_0686,PROD_016,3,27.61,2025-03-03 00:00:00
TX_000605,CUST_0049,PROD_063,7,139.78,2025-05-25 00:00:00
TX_000606,CUST_0582,PROD_092,1,5.59,2025-08-04 00:00:00
TX_000607,CUST_0628,PROD_086,7,250.72,2025-06-02 00:00:00
TX_000608,CUST_0634,PROD_012,7,409.03,2025-07-17 00:00:00
TX_000609,CUST_0070,PROD_043,1,16.41,2025-05-06 00:00:00
TX_000610,CUST_0964,PROD_076,7,487.65,2025-10-17 00:00:00
TX_000611,CUST_0952,PROD_015,10,326.79,2025-03-12 00:00:00
TX_000612,CUST_0658,PROD_089,6,298.81,2025-01-05 00:00:00
TX_000613,CUST_0331,PROD_060,7,338.84,2025-08-07 00:00:00
TX_000614,CUST_0644,PROD_068,10,425.72,2025-10-19 00:00:00
TX_000615,CUST_0715,PROD_053,7,127.77,2025-06-19 00:00:00
TX_000616,CUST_0599,PROD_040,5,393.85,2025-06-06 00:00:00
TX_000617,CUST_0501,PROD_032,5,141.52,2025-08-19 00:00:00
TX_000618,CUST_0553,PROD_034,1,265.28,2025-12-13 00:00:00
TX_000619,CUST_0351,PROD_007,10,167.45,2025-08-04 00:00:00
TX_000620,CUST_0448,PROD_086,9,323.06,2025-09-25 00:00:00
TX_000621,CUST_0205,PROD_014,1,498.86,2025-10-20 00:00:00
TX_000622,CUST_0355,PROD_062,1,242.07,2025-06-04 00:00:00
TX_000623,CUST_0395,PROD_091,7,188.42,2025-08-30 00:00:00
TX_000624,CUST_0258,PROD_002,1,154.38,2025-10-18 00:00:00
TX_000625,CUST_0132,PROD_079,4,285.45,2025-01-15 00:00:00
TX_000626,CUST_0729,PROD_100,2,106.0,2025-08-25 00:00:00
TX_000627,CUST_0730,PROD_077,7,99.21,2025-10-26 00:00:00
TX_000628,CUST_0966,PROD_072,7,485.57,2025-02-10 00:00:00
TX_000629,CUST_0141,PROD_047,9,152.68,2025-05-13 00:00:00
TX_000630,CUST_0454,PROD_029,9,277.61,2025-01-25 00:00:00
TX_000631,CUST_0376,PROD_053,3,466.73,2025/03/11
TX_000632,CUST_0635,PROD_024,5,206.26,2025-12-02 00:00:00
TX_000633,CUST_0924,PROD_054,9,372.02,2025-12-12 00:00:00
TX_000634,CUST_0058,PROD_084,6,356.82,2025-03-14 00:00:00
TX_000635,CUST_0103,PROD_084,2,325.08,2025-09-07 00:00:00
TX_000636,CUST_0954,PROD_005,5,107.88,2025/06/13
TX_000637,CUST_0751,PROD_021,3,408.46,2025-11-09 00:00:00
TX_000638,CUST_0693,PROD_097,6,366.27,2025-03-23 00:00:00
TX_000639,CUST_0314,PROD_030,1,72.46,2025-03-10 00:00:00
TX_000640,CUST_0221,PROD_002,4,15.87,2025-04-12 00:00:00
TX_000641,CUST_0139,PROD_016,7,392.74,2025-07-06 00:00:00
TX_000642,CUST_9999,PROD_019,8,306.79,2025-06-27 00:00:00
TX_000643,CUST_0117,PROD_083,6,109.25,2025-02-10 00:00:00
TX_000644,CUST_0473,PROD_072,5,408.95,2025-03-29 00:00:00
TX_000645,CUST_0270,PROD_070,5,231.93,2025-10-25 00:00:00
TX_000646,CUST_0034,PROD_092,3,479.02,2025-12-05 00:00:00
TX_000647,CUST_0765,PROD_093,7,458.56,2025-05-13 00:00:00
TX_000648,CUST_0209,PROD_061,8,163.95,2025-05-14 00:00:00
TX_000649,CUST_0375,PROD_007,7,183.08,2025-10-05 00:00:00
TX_000650,CUST_0903,PROD_087,8,316.32,2025-06-23 00:00:00
TX_000651,CUST_0369,PROD_077,1,402.32,2025-10-27 00:00:00
TX_000652,CUST_0808,PROD_037,5,457.85,2025-03-17 00:00:00
TX_000653,CUST_0385,PROD_099,2,398.24,2025-02-21 00:00:00
TX_000654,CUST_0097,PROD_059,9,25.77,2025-12-23 00:00:00
TX_000655,CUST_0852,PROD_096,10,29.75,2025-02-07 00:00:00
TX_000656,CUST_0993,PROD_005,4,301.14,2025-06-30 00:00:00
TX_000657,CUST_0516,PROD_023,10,162.58,2025-02-26 00:00:00
TX_000658,CUST_0292,PROD_050,5,128.64,2025-10-13 00:00:00
TX_000659,CUST_0739,PROD_020,3,60.93,2025-04-01 00:00:00
TX_000660,CUST_0534,PROD_083,7,425.75,2025-04-09 00:00:00
TX_000661,CUST_0004,PROD_026,4,488.2,2025-05-31 00:00:00
TX_000662,CUST_0038,PROD_067,8,256.74,2025-10-25 00:00:00
TX_000663,CUST_9999,PROD_022,1,430.79,2025-11-11 00:00:00
TX_000664,CUST_0716,PROD_099,6,98.79,2025-12-16 00:00:00
TX_000665,CUST_0373,PROD_082,4,84.18,2025-11-03 00:00:00
TX_000666,CUST_0549,PROD_064,8,162.86,2025-03-29 00:00:00
TX_000667,CUST_0315,PROD_999,2,443.48,2025-06-28 00:00:00
TX_000668,CUST_0275,PROD_048,10,363.94,2025-03-22 00:00:00
TX_000669,CUST_0147,PROD_099,7,113.09,2025-03-19 00:00:00
TX_000670,CUST_0824,PROD_032,8,335.85,2025-03-20 00:00:00
TX_000671,CUST_0608,PROD_024,1,218.57,2025-02-08 00:00:00
TX_000672,CUST_0056,PROD_071,6,53.06,2025-04-15 00:00:00
TX_000673,CUST_0083,PROD_074,9,426.58,2025-04-25 00:00:00
TX_000674,CUST_0172,PROD_020,2,475.13,2025-03-30 00:00:00
TX_000675,CUST_0607,PROD_015,6,271.47,2025-08-11 00:00:00
TX_000676,CUST_0823,PROD_002,2,382.97,2025-02-26 00:00:00
TX_000677,CUST_0120,PROD_040,3,419.4,2025/12/11
TX_000678,CUST_0364,PROD_065,8,223.91,2025-09-26 00:00:00
TX_000679,CUST_0671,PROD_050,7,144.48,2025-07-24 00:00:00
TX_000680,CUST_0244,PROD_093,3,112.77,2025-12-04 00:00:00
TX_000681,CUST_0894,PROD_023,2,100.69,2025-01-09 00:00:00
TX_000682,CUST_0583,PROD_033,9,112.39,2025-02-27 00:00:00
TX_000683,CUST_0230,PROD_079,8,80.95,2025-07-28 00:00:00
TX_000684,CUST_0569,PROD_068,2,327.59,2025-09-21 00:00:00
TX_000685,CUST_0041,PROD_056,7,207.86,2025-12-19 00:00:00
TX_000686,CUST_0128,PROD_999,4,375.26,2025-10-04 00:00:00
TX_000687,CUST_0387,PROD_001,6,317.75,2025-06-17 00:00:00
TX_000688,CUST_0482,PROD_001,6,278.81,2025-03-24 00:00:00
TX_000689,CUST_0351,PROD_073,10,35.91,2025-08-19 00:00:00
TX_000690,CUST_0336,PROD_097,7,467.11,2025-04-27 00:00:00
TX_000691,CUST_0424,PROD_065,10,447.01,2025-12-11 00:00:00
TX_000692,CUST_0440,PROD_053,2,255.3,2025-11-22 00:00:00
TX_000693,CUST_0825,PROD_059,2,127.68,2025-10-10 00:00:00
TX_000694,CUST_0002,PROD_025,3,333.59,2025-03-22 00:00:00
TX_000695,CUST_0313,PROD_070,9,366.89,2025-04-25 00:00:00
TX_000696,CUST_0130,PROD_042,1,206.0,2025-09-04 00:00:00
TX_000697,CUST_0089,PROD_081,6,413.63,2025/03/27
TX_000698,CUST_0206,PROD_035,4,386.31,2025-11-15 00:00:00
TX_000699,CUST_0840,PROD_065,2,179.41,2025-10-31 00:00:00
TX_000700,CUST_0506,PROD_039,0,178.22,2025-09-12 00:00:00
TX_000701,CUST_0309,PROD_049,6,349.49,2025-07-24 00:00:00
TX_000702,CUST_0725,PROD_013,3,165.22,2025-04-15 00:00:00
TX_000703,CUST_0333,PROD_029,10,140.05,2025-08-11 00:00:00
TX_000704,CUST_9999,PROD_039,3,291.77,2025/11/08
TX_000705,CUST_0974,PROD_080,7,214.41,2025/06/05
TX_000706,CUST_0812,PROD_072,1,278.86,2025-11-01 00:00:00
TX_000707,CUST_0995,PROD_046,10,426.05,2025-05-26 00:00:00
TX_000708,CUST_0397,PROD_065,5,60.71,2025-08-25 00:00:00
TX_000709,CUST_0704,PROD_094,10,270.54,2025-10-01 00:00:00
TX_000710,CUST_0058,PROD_041,1,397.21,2025-03-27 00:00:00
TX_000711,CUST_0808,PROD_042,3,63.54,2025-01-17 00:00:00
TX_000712,CUST_0940,PROD_052,5,278.67,2025/02/01
TX_000713,CUST_0555,PROD_033,6,262.44,2025/04/24
TX_000714,CUST_0390,PROD_006,6,243.82,2025-12-08 00:00:00
TX_000715,CUST_0971,PROD_096,2,278.9,2025-08-01 00:00:00
TX_000716,CUST_0306,PROD_058,6,458.02,2025/01/25
TX_000717,CUST_0707,PROD_098,7,55.4,2025-11-02 00:00:00
TX_000718,CUST_0733,PROD_013,9,134.22,2025-10-17 00:00:00
TX_000719,CUST_0603,PROD_073,1,253.81,2025-09-03 00:00:00
TX_000720,CUST_0243,PROD_021,7,439.7,2025/01/18
TX_000721,CUST_0418,PROD_089,2,28.56,2025-05-19 00:00:00
TX_000722,CUST_0517,PROD_077,1,199.73,2025-05-21 00:00:00
TX_000723,CUST_0821,PROD_048,3,153.94,2025-01-20 00:00:00
TX_000724,CUST_0259,PROD_045,10,300.69,2025-09-02 00:00:00
TX_000725,CUST_0366,PROD_024,2,306.45,2025-06-19 00:00:00
TX_000726,CUST_0604,PROD_004,5,251.96,2025-09-03 00:00:00
TX_000727,CUST_0591,PROD_042,6,300.66,2025-11-04 00:00:00
TX_000728,CUST_0475,PROD_041,1,247.1,2025-02-11 00:00:00
TX_000729,CUST_0713,PROD_022,10,32.9,2025-05-08 00:00:00
TX_000730,CUST_0188,PROD_009,8,122.23,2025-11-24 00:00:00
TX_000731,CUST_0433,PROD_099,5,270.36,2025-10-07 00:00:00
TX_000732,CUST_0658,PROD_042,9,165.74,2025-04-03 00:00:00
TX_000733,CUST_0710,PROD_041,2,206.01,2025-09-15 00:00:00
TX_000734,CUST_0173,PROD_008,6,458.54,2025-09-28 00:00:00
TX_000735,CUST_0632,PROD_034,8,229.78,2025-05-18 00:00:00
TX_000736,CUST_0440,PROD_019,5,221.99,2025-09-28 00:00:00
TX_000737,CUST_0606,PROD_060,2,181.42,2025-06-03 00:00:00
TX_000738,CUST_0941,PROD_038,10,105.57,2025-06-20 00:00:00
TX_000739,CUST_0063,PROD_016,9,112.8,2025-02-12 00:00:00
TX_000740,CUST_0412,PROD_083,9,459.63,2025-04-04 00:00:00
TX_000741,CUST_0972,PROD_023,9,38.82,2025-03-31 00:00:00
TX_000742,CUST_0020,PROD_072,7,96.06,2025/12/17
TX_000743,CUST_0912,PROD_053,6,416.71,2025-04-19 00:00:00
TX_000744,CUST_0989,PROD_066,1,55.26,2025-10-17 00:00:00
TX_000745,CUST_0980,PROD_036,7,250.8,2025-09-03 00:00:00
TX_000746,CUST_0333,PROD_051,10,466.41,2025-06-08 00:00:00
TX_000747,CUST_0280,PROD_074,5,444.89,2025-11-19 00:00:00
TX_000748,CUST_0700,PROD_076,10,294.99,2025-01-15 00:00:00
TX_000749,CUST_0697,PROD_074,1,267.99,2025-04-30 00:00:00
TX_000750,CUST_0698,PROD_091,2,272.45,2025-07-29 00:00:00
TX_000751,CUST_0589,PROD_038,7,142.08,2025-09-21 00:00:00
TX_000752,CUST_0938,PROD_057,3,282.71,2025-07-09 00:00:00
TX_000753,CUST_0673,PROD_074,6,378.35,2025-03-06 00:00:00
TX_000754,CUST_0106,PROD_010,8,373.87,2025-08-25 00:00:00
TX_000755,CUST_0152,PROD_039,9,272.52,2025-11-24 00:00:00
TX_000756,CUST_0168,PROD_043,10,266.91,2025-05-15 00:00:00
TX_000757,CUST_0545,PROD_027,7,250.69,2025-03-23 00:00:00
TX_000758,CUST_0215,PROD_093,4,320.91,2025-04-18 00:00:00
TX_000759,CUST_0890,PROD_015,2,291.17,2025-11-09 00:00:00
TX_000760,CUST_0164,PROD_044,10,10.62,2025-01-12 00:00:00
TX_000761,CUST_0342,PROD_057,8,290.66,2025-07-09 00:00:00
TX_000762,CUST_0871,PROD_075,4,114.4,2025/07/11
TX_000763,CUST_0642,PROD_069,1,378.5,2025-08-26 00:00:00
TX_000764,CUST_9999,PROD_041,4,67.64,2025/07/22
TX_000765,CUST_0250,PROD_075,2,10.17,2025-09-30 00:00:00
TX_000766,CUST_0972,PROD_083,6,178.03,2025-05-05 00:00:00
TX_000767,CUST_0121,PROD_042,9,399.81,2025-09-15 00:00:00
TX_000768,CUST_0672,PROD_018,5,110.03,2025-08-25 00:00:00
TX_000769,CUST_0703,PROD_068,8,106.79,2025-07-25 00:00:00
TX_000770,CUST_0445,PROD_066,10,203.47,2025-05-06 00:00:00
TX_000771,CUST_0124,PROD_081,6,274.55,2025/08/09
TX_000772,CUST_0598,PROD_032,2,327.08,2025-07-17 00:00:00
TX_000773,CUST_0999,PROD_046,6,395.98,2025-03-01 00:00:00
TX_000774,CUST_0805,PROD_079,1,331.71,2025-09-18 00:00:00
TX_000775,CUST_0373,PROD_021,9,299.28,2025-11-29 00:00:00
TX_000776,CUST_9999,PROD_038,3,263.01,2025-07-13 00:00:00
TX_000777,CUST_0845,PROD_014,10,499.59,2025-08-25 00:00:00
TX_000778,CUST_0420,PROD_082,5,207.75,2025/05/16
TX_000779,CUST_0255,PROD_086,9,275.7,2025-03-11 00:00:00
TX_000780,CUST_0541,PROD_054,4,214.0,2025-09-18 00:00:00
TX_000781,CUST_0531,PROD_059,2,266.79,2025-10-24 00:00:00
TX_000782,CUST_0433,PROD_074,7,289.69,2025-01-23 00:00:00
TX_000783,CUST_0008,PROD_023,9,270.61,2025-05-23 00:00:00
TX_000784,CUST_0553,PROD_097,6,60.38,2025-12-28 00:00:00
TX_000785,CUST_0674,PROD_059,3,423.7,2025-03-05 00:00:00
TX_000786,CUST_0044,PROD_055,9,480.13,2025-03-03 00:00:00
TX_000787,CUST_0555,PROD_099,1,105.53,2025-04-17 00:00:00
TX_000788,CUST_0134,PROD_027,9,237.6,2025-11-30 00:00:00
TX_000789,CUST_0456,PROD_028,7,145.56,2025-09-01 00:00:00
TX_000790,CUST_0194,PROD_002,10,11.17,2025-02-27 00:00:00
TX_000791,CUST_0859,PROD_024,9,68.22,2025-03-10 00:00:00
TX_000792,CUST_0081,PROD_009,3,431.87,2025-04-30 00:00:00
TX_000793,CUST_0730,PROD_018,1,137.92,2025/05/24
TX_000794,CUST_0433,PROD_091,5,54.35,2025-04-21 00:00:00
TX_000795,CUST_0492,PROD_083,2,34.45,2025-09-05 00:00:00
TX_000796,CUST_0296,PROD_036,9,476.3,2025-01-15 00:00:00
TX_000797,CUST_0973,PROD_050,5,433.45,2025-10-22 00:00:00
TX_000798,CUST_0765,PROD_064,5,397.76,2025-04-05 00:00:00
TX_000799,CUST_0439,PROD_013,2,269.12,2025/11/15
TX_000800,CUST_0784,PROD_013,-1,345.33,2025/04/21
TX_000801,CUST_9999,PROD_058,3,32.76,2025-03-19 00:00:00
TX_000802,CUST_0687,PROD_031,7,447.16,2025-08-01 00:00:00
TX_000803,CUST_0739,PROD_070,10,20.43,2025-06-23 00:00:00
TX_000804,CUST_0062,PROD_064,4,72.6,2025-10-16 00:00:00
TX_000805,CUST_0945,PROD_060,2,98.81,2025-01-18 00:00:00
TX_000806,CUST_0192,PROD_070,7,285.35,2025-09-18 00:00:00
TX_000807,CUST_0799,PROD_024,2,17.35,2025-05-10 00:00:00
TX_000808,CUST_0573,PROD_015,8,59.92,2025-03-27 00:00:00
TX_000809,CUST_0141,PROD_001,8,132.13,2025-05-06 00:00:00
TX_000810,CUST_0297,PROD_098,5,150.1,2025-03-09 00:00:00
TX_000811,CUST_0814,PROD_999,6,94.64,2025-10-28 00:00:00
TX_000812,CUST_0035,PROD_040,8,399.93,2025-08-31 00:00:00
TX_000813,CUST_0047,PROD_024,7,322.57,2025-06-30 00:00:00
TX_000814,CUST_0268,PROD_011,8,303.33,2025-06-03 00:00:00
TX_000815,CUST_0275,PROD_045,6,294.25,2025-06-29 00:00:00
TX_000816,CUST_0217,PROD_086,2,163.24,2025-10-02 00:00:00
TX_000817,CUST_0350,PROD_070,7,496.72,2025-12-26 00:00:00
TX_000818,CUST_0848,PROD_072,7,396.63,2025-09-21 00:00:00
TX_000819,CUST_0950,PROD_008,1,252.6,2025-05-18 00:00:00
TX_000820,CUST_0473,PROD_085,9,488.33,2025-10-17 00:00:00
TX_000821,CUST_0598,PROD_073,3,47.45,2025/06/03
TX_000822,CUST_0413,PROD_094,3,417.63,2025-06-16 00:00:00
TX_000823,CUST_0551,PROD_035,8,472.55,2025-01-21 00:00:00
TX_000824,CUST_0841,PROD_056,3,78.28,2025-01-05 00:00:00
TX_000825,CUST_0409,PROD_063,3,433.78,2025-07-03 00:00:00
TX_000826,CUST_9999,PROD_028,1,35.17,2025-01-10 00:00:00
TX_000827,CUST_0598,PROD_052,8,123.44,2025-02-26 00:00:00
TX_000828,CUST_9999,PROD_099,10,499.64,2025-03-04 00:00:00
TX_000829,CUST_0006,PROD_012,7,286.02,2025-11-18 00:00:00
TX_000830,CUST_0101,PROD_059,10,338.26,2025-10-23 00:00:00
TX_000831,CUST_0092,PROD_070,6,153.6,2025-02-12 00:00:00
TX_000832,CUST_0871,PROD_034,7,126.25,2025/01/26
TX_000833,CUST_0568,PROD_032,7,63.78,2025-02-19 00:00:00
TX_000834,CUST_0913,PROD_013,9,441.78,2025/06/12
TX_000835,CUST_0757,PROD_043,9,75.05,2025-10-21 00:00:00
TX_000836,CUST_0038,PROD_034,1,38.86,2025-04-15 00:00:00
TX_000837,CUST_0846,PROD_058,6,190.66,2025-10-22 00:00:00
TX_000838,CUST_0560,PROD_056,8,78.39,2025/01/28
TX_000839,CUST_0547,PROD_093,1,406.01,2025-12-28 00:00:00
TX_000840,CUST_0312,PROD_084,4,259.1,2025-11-02 00:00:00
TX_000841,CUST_0003,PROD_051,3,21.67,2025-06-27 00:00:00
TX_000842,CUST_0537,PROD_018,8,117.56,2025-07-03 00:00:00
TX_000843,CUST_0639,PROD_029,6,497.89,2025/01/09
TX_000844,CUST_0194,PROD_072,3,278.07,2025-06-19 00:00:00
TX_000845,CUST_0858,PROD_081,3,394.22,2025-06-17 00:00:00
TX_000846,CUST_9999,PROD_051,2,442.27,2025-02-01 00:00:00
TX_000847,CUST_0114,PROD_053,1,31.62,2025-03-07 00:00:00
TX_000848,CUST_0939,PROD_012,3,104.25,2025-03-07 00:00:00
TX_000849,CUST_0875,PROD_012,3,19.54,2025-05-16 00:00:00
TX_000850,CUST_0024,PROD_055,7,376.96,2025-04-25 00:00:00
TX_000851,CUST_0530,PROD_093,1,485.47,2025-06-06 00:00:00
TX_000852,CUST_0901,PROD_029,5,194.5,2025-01-13 00:00:00
TX_000853,CUST_0485,PROD_999,8,360.99,2025-11-17 00:00:00
TX_000854,CUST_0634,PROD_020,5,121.26,2025-10-13 00:00:00
TX_000855,CUST_0840,PROD_021,6,379.65,2025-12-14 00:00:00
TX_000856,CUST_0376,PROD_001,9,199.03,2025-08-03 00:00:00
TX_000857,CUST_0720,PROD_052,3,428.68,2025-05-22 00:00:00
TX_000858,CUST_0906,PROD_053,9,223.79,2025-05-19 00:00:00
TX_000859,CUST_0957,PROD_085,3,291.2,2025-11-24 00:00:00
TX_000860,CUST_9999,PROD_014,9,155.14,2025-10-17 00:00:00
TX_000861,CUST_0299,PROD_041,5,406.79,2025/06/07
TX_000862,CUST_0775,PROD_015,3,48.01,2025-11-23 00:00:00
TX_000863,CUST_0730,PROD_033,10,393.9,2025-01-09 00:00:00
TX_000864,CUST_0567,PROD_083,2,384.38,2025-02-21 00:00:00
TX_000865,CUST_0401,PROD_011,9,77.64,2025/05/08
TX_000866,CUST_0479,PROD_044,10,395.53,2025-09-14 00:00:00
TX_000867,CUST_0367,PROD_068,9,142.23,2025-08-03 00:00:00
TX_000868,CUST_0830,PROD_100,1,176.92,2025-02-20 00:00:00
TX_000869,CUST_0373,PROD_048,5,102.06,2025/05/23
TX_000870,CUST_0507,PROD_016,7,30.22,2025-11-09 00:00:00
TX_000871,CUST_0009,PROD_031,8,75.43,2026-01-01 00:00:00
TX_000872,CUST_0789,PROD_008,4,85.76,2025-12-24 00:00:00
TX_000873,CUST_0102,PROD_036,1,469.49,2025-04-18 00:00:00
TX_000874,CUST_0240,PROD_097,8,375.03,2025-10-29 00:00:00
TX_000875,CUST_0850,PROD_096,2,442.89,2025-07-18 00:00:00
TX_000876,CUST_0727,PROD_079,1,362.27,2025/05/13
TX_000877,CUST_0956,PROD_043,6,461.03,2025-11-18 00:00:00
TX_000878,CUST_0897,PROD_044,9,87.0,2025/03/03
TX_000879,CUST_0909,PROD_001,8,73.11,2025-08-28 00:00:00
TX_000880,CUST_0465,PROD_054,2,216.24,2025-10-10 00:00:00
TX_000881,CUST_0963,PROD_020,3,447.41,2025-12-13 00:00:00
TX_000882,CUST_0787,PROD_063,2,270.06,2025-09-06 00:00:00
TX_000883,CUST_0917,PROD_072,2,450.34,2025-01-04 00:00:00
TX_000884,CUST_0031,PROD_092,9,186.34,2025-06-30 00:00:00
TX_000885,CUST_0065,PROD_999,5,336.22,2025-05-31 00:00:00
TX_000886,CUST_0437,PROD_024,3,485.29,2025-03-04 00:00:00
TX_000887,CUST_0788,PROD_098,7,277.99,2025-08-22 00:00:00
TX_000888,CUST_0041,PROD_057,6,37.82,2025-11-14 00:00:00
TX_000889,CUST_0747,PROD_019,2,164.32,2025-03-01 00:00:00
TX_000890,CUST_0298,PROD_001,8,464.23,2025-04-22 00:00:00
TX_000891,CUST_0529,PROD_021,5,425.02,2025-12-26 00:00:00
TX_000892,CUST_0455,PROD_037,9,428.36,2025/09/15
TX_000893,CUST_0618,PROD_095,7,302.34,2025-02-08 00:00:00
TX_000894,CUST_0469,PROD_013,6,456.24,2025-07-13 00:00:00
TX_000895,CUST_0795,PROD_052,4,119.39,2025-11-11 00:00:00
TX_000896,CUST_0186,PROD_042,1,410.99,2025-05-22 00:00:00
TX_000897,CUST_0319,PROD_075,7,428.48,2025-03-04 00:00:00
TX_000898,CUST_0691,PROD_098,2,72.72,2025-02-09 00:00:00
TX_000899,CUST_0675,PROD_018,4,298.18,2025-10-16 00:00:00
TX_000900,CUST_0742,PROD_049,1,382.4,2025-11-03 00:00:00
TX_000901,CUST_0786,PROD_999,5,394.45,2025-08-11 00:00:00
TX_000902,CUST_0758,PROD_055,8,236.94,2025-01-19 00:00:00
TX_000903,CUST_0056,PROD_008,9,234.6,2025-07-05 00:00:00
TX_000904,CUST_0985,PROD_083,4,243.17,2025-02-01 00:00:00
TX_000905,CUST_0629,PROD_068,1,389.28,2025-08-15 00:00:00
TX_000906,CUST_0618,PROD_042,8,337.5,2025/07/16
TX_000907,CUST_0681,PROD_097,7,344.2,2025-07-26 00:00:00
TX_000908,CUST_0381,PROD_039,1,227.1,2025-08-08 00:00:00
TX_000909,CUST_9999,PROD_049,4,76.19,2025-02-04 00:00:00
TX_000910,CUST_0693,PROD_071,7,240.56,2025-12-21 00:00:00
TX_000911,CUST_0447,PROD_056,9,418.77,2025/11/07
TX_000912,CUST_0062,PROD_067,9,496.86,2025-10-30 00:00:00
TX_000913,CUST_0686,PROD_100,4,133.56,2025-06-27 00:00:00
TX_000914,CUST_0297,PROD_074,7,372.39,2025-06-17 00:00:00
TX_000915,CUST_0528,PROD_041,4,342.5,2025-06-14 00:00:00
TX_000916,CUST_0971,PROD_060,8,356.79,2025-06-26 00:00:00
TX_000917,CUST_0158,PROD_004,4,416.43,2025-09-27 00:00:00
TX_000918,CUST_0977,PROD_052,3,230.44,2025-04-16 00:00:00
TX_000919,CUST_0360,PROD_019,8,56.13,2025-02-08 00:00:00
TX_000920,CUST_0262,PROD_016,8,57.77,2025/03/26
TX_000921,CUST_0762,PROD_035,9,205.05,2025-10-11 00:00:00
TX_000922,CUST_0213,PROD_075,1,107.63,2025-04-02 00:00:00
TX_000923,CUST_0847,PROD_073,9,11.89,2025-05-17 00:00:00
TX_000924,CUST_0706,PROD_008,7,275.45,2025-02-06 00:00:00
TX_000925,CUST_0040,PROD_011,7,462.31,2025-08-17 00:00:00
TX_000926,CUST_0702,PROD_005,5,293.73,2025-04-17 00:00:00
TX_000927,CUST_0376,PROD_036,7,290.9,2025-02-27 00:00:00
TX_000928,CUST_0571,PROD_056,4,458.36,2025-01-03 00:00:00
TX_000929,CUST_0067,PROD_097,6,133.75,2025-03-22 00:00:00
TX_000930,CUST_0666,PROD_078,4,370.39,2025-04-26 00:00:00
TX_000931,CUST_0552,PROD_012,3,447.93,2025-03-02 00:00:00
TX_000932,CUST_0098,PROD_099,10,409.47,2025-01-31 00:00:00
TX_000933,CUST_0860,PROD_083,6,412.91,2025-08-21 00:00:00
TX_000934,CUST_0623,PROD_027,10,247.18,2025-11-16 00:00:00
TX_000935,CUST_0048,PROD_001,9,430.29,2025-08-11 00:00:00
TX_000936,CUST_9999,PROD_047,7,424.01,2025-01-12 00:00:00
TX_000937,CUST_0212,PROD_022,10,28.0,2025-04-06 00:00:00
TX_000938,CUST_0613,PROD_031,10,21.12,2025-05-13 00:00:00
TX_000939,CUST_0462,PROD_021,6,478.77,2025-05-07 00:00:00
TX_000940,CUST_9999,PROD_046,2,25.16,2025-07-11 00:00:00
TX_000941,CUST_0705,PROD_008,2,311.0,2025-04-26 00:00:00
TX_000942,CUST_0069,PROD_052,10,254.63,2025-10-11 00:00:00
TX_000943,CUST_0427,PROD_097,4,100.41,2025-03-25 00:00:00
TX_000944,CUST_0335,PROD_017,1,406.86,2025-01-14 00:00:00
TX_000945,CUST_0473,PROD_035,5,49.78,2025/10/24
TX_000946,CUST_0805,PROD_079,10,309.32,2025-01-29 00:00:00
TX_000947,CUST_0636,PROD_010,8,232.59,2025-10-29 00:00:00
TX_000948,CUST_0031,PROD_077,5,322.25,2025-10-17 00:00:00
TX_000949,CUST_0201,PROD_024,7,225.94,2025-12-26 00:00:00
TX_000950,CUST_0476,PROD_017,7,428.21,2025-05-21 00:00:00
TX_000951,CUST_0817,PROD_014,3,352.1,2025-11-14 00:00:00
TX_000952,CUST_0469,PROD_074,10,83.38,2025-09-30 00:00:00
TX_000953,CUST_0282,PROD_025,3,354.05,2025-02-02 00:00:00
TX_000954,CUST_0680,PROD_041,2,139.1,2025-03-13 00:00:00
TX_000955,CUST_0614,PROD_007,9,426.42,2025-09-06 00:00:00
TX_000956,CUST_0287,PROD_078,3,190.31,2025-05-09 00:00:00
TX_000957,CUST_0192,PROD_031,5,316.0,2025-12-12 00:00:00
TX_000958,CUST_0225,PROD_095,1,154.74,2025-10-05 00:00:00
TX_000959,CUST_0771,PROD_074,4,481.01,2025-05-01 00:00:00
TX_000960,CUST_0881,PROD_046,10,471.66,2025-03-26 00:00:00
TX_000961,CUST_0594,PROD_036,1,442.29,2025-06-20 00:00:00
TX_000962,CUST_0736,PROD_068,4,415.62,2025-10-05 00:00:00
TX_000963,CUST_0896,PROD_062,3,205.24,2025/03/30
TX_000964,CUST_0815,PROD_085,10,390.56,2025-07-05 00:00:00
TX_000965,CUST_0654,PROD_011,10,198.94,2025-10-12 00:00:00
TX_000966,CUST_0718,PROD_999,2,268.98,2025-06-30 00:00:00
TX_000967,CUST_0831,PROD_039,8,90.19,2025-07-30 00:00:00
TX_000968,CUST_0370,PROD_012,3,397.49,2025-05-06 00:00:00
TX_000969,CUST_0359,PROD_002,10,352.57,2025-08-02 00:00:00
TX_000970,CUST_0909,PROD_053,7,5.12,2025-06-25 00:00:00
TX_000971,CUST_0740,PROD_024,2,241.22,2025-05-26 00:00:00
TX_000972,CUST_9999,PROD_010,1,369.98,2025-02-13 00:00:00
TX_000973,CUST_0412,PROD_023,3,84.36,2025/08/26
TX_000974,CUST_0456,PROD_001,1,212.84,2025-01-11 00:00:00
TX_000975,CUST_0996,PROD_042,7,144.09,2025-02-26 00:00:00
TX_000976,CUST_0113,PROD_056,3,198.51,2025-04-22 00:00:00
TX_000977,CUST_0725,PROD_999,10,166.15,2025-08-26 00:00:00
TX_000978,CUST_0185,PROD_055,3,429.41,2025-12-11 00:00:00
TX_000979,CUST_0406,PROD_015,1,323.24,2025-11-13 00:00:00
TX_000980,CUST_0892,PROD_026,2,197.6,2025-05-22 00:00:00
TX_000981,CUST_0403,PROD_060,8,330.95,2025-07-18 00:00:00
TX_000982,CUST_0861,PROD_097,1,213.88,2025-12-21 00:00:00
TX_000983,CUST_0599,PROD_006,5,440.6,2025-02-05 00:00:00
TX_000984,CUST_0205,PROD_057,1,499.01,2025-09-11 00:00:00
TX_000985,CUST_0354,PROD_024,1,441.69,2025-05-27 00:00:00
TX_000986,CUST_0547,PROD_010,8,88.27,2025-05-18 00:00:00
TX_000987,CUST_0403,PROD_050,10,131.49,2025-10-19 00:00:00
TX_000988,CUST_9999,PROD_038,9,188.01,2025-04-26 00:00:00
TX_000989,CUST_0857,PROD_006,5,345.67,2025-03-30 00:00:00
TX_000990,CUST_0546,PROD_002,1,299.83,2025-04-27 00:00:00
TX_000991,CUST_0641,PROD_035,3,50.23,2025-05-23 00:00:00
TX_000992,CUST_0033,PROD_005,10,391.6,2025-09-02 00:00:00
TX_000993,CUST_0876,PROD_063,7,369.83,2025-05-31 00:00:00
TX_000994,CUST_0537,PROD_059,1,201.11,2025/07/12
TX_000995,CUST_0720,PROD_033,7,425.29,2025-03-09 00:00:00
TX_000996,CUST_0479,PROD_009,6,331.27,2025/12/22
TX_000997,CUST_0069,PROD_020,8,240.31,2025-12-23 00:00:00
TX_000998,CUST_0023,PROD_040,6,25.3,2025-08-21 00:00:00
TX_000999,CUST_0789,PROD_031,6,208.89,2025/08/08
TX_001000,CUST_0467,PROD_057,-1,137.17,2025-08-06 00:00:00
TX_001001,CUST_0056,PROD_083,8,334.61,2025-01-12 00:00:00
TX_001002,CUST_0247,PROD_018,3,368.77,2025-08-04 00:00:00
TX_001003,CUST_0576,PROD_079,1,386.69,2025-08-20 00:00:00
TX_001004,CUST_0674,PROD_098,6,339.75,2025-01-24 00:00:00
TX_001005,CUST_0850,PROD_088,3,349.71,2025-12-22 00:00:00
TX_001006,CUST_0987,PROD_004,6,400.42,2025-11-23 00:00:00
TX_001007,CUST_0620,PROD_018,2,348.76,2025-01-31 00:00:00
TX_001008,CUST_0866,PROD_098,2,274.81,2025-07-25 00:00:00
TX_001009,CUST_0834,PROD_024,1,382.46,2025-07-25 00:00:00
TX_001010,CUST_0031,PROD_075,10,92.77,2025-09-18 00:00:00
TX_001011,CUST_0328,PROD_072,3,212.25,2025-06-15 00:00:00
TX_001012,CUST_0478,PROD_059,1,269.28,2025-06-07 00:00:00
TX_001013,CUST_0598,PROD_027,10,270.1,2025-12-07 00:00:00
TX_001014,CUST_0487,PROD_039,10,347.7,2025-02-27 00:00:00
TX_001015,CUST_0858,PROD_049,10,93.92,2025-11-12 00:00:00
TX_001016,CUST_0389,PROD_999,5,498.14,2025-09-29 00:00:00
TX_001017,CUST_0476,PROD_066,5,331.05,2025-05-06 00:00:00
TX_001018,CUST_0155,PROD_069,2,210.07,2025-09-15 00:00:00
TX_001019,CUST_9999,PROD_083,5,333.35,2025-12-14 00:00:00
TX_001020,CUST_0107,PROD_084,5,441.83,2025-10-25 00:00:00
TX_001021,CUST_0191,PROD_026,8,388.48,2025-02-28 00:00:00
TX_001022,CUST_0320,PROD_039,1,225.9,2025-01-25 00:00:00
TX_001023,CUST_0065,PROD_009,8,83.87,2025-03-18 00:00:00
TX_001024,CUST_0850,PROD_084,5,417.3,2025-09-27 00:00:00
TX_001025,CUST_0040,PROD_067,9,331.59,2025-06-23 00:00:00
TX_001026,CUST_0957,PROD_012,2,212.38,2025-01-02 00:00:00
TX_001027,CUST_0231,PROD_050,2,89.89,2025-08-30 00:00:00
TX_001028,CUST_0068,PROD_003,4,314.33,2025/08/22
TX_001029,CUST_0359,PROD_054,4,337.9,2025-05-16 00:00:00
TX_001030,CUST_0782,PROD_024,5,170.33,2025-09-25 00:00:00
TX_001031,CUST_0013,PROD_002,5,406.2,2025-12-03 00:00:00
TX_001032,CUST_0766,PROD_077,1,294.86,2025-03-21 00:00:00
TX_001033,CUST_0510,PROD_999,9,455.19,2025-10-19 00:00:00
TX_001034,CUST_0121,PROD_049,8,5.38,2025-05-31 00:00:00
TX_001035,CUST_0632,PROD_046,4,350.71,2025-08-06 00:00:00
TX_001036,CUST_0901,PROD_100,5,341.44,2025-05-05 00:00:00
TX_001037,CUST_0558,PROD_066,9,77.7,2025-06-30 00:00:00
TX_001038,CUST_0702,PROD_048,5,469.84,2025-07-24 00:00:00
TX_001039,CUST_0261,PROD_005,7,204.6,2025-08-26 00:00:00
TX_001040,CUST_0836,PROD_010,3,189.55,2025-06-08 00:00:00
TX_001041,CUST_0357,PROD_007,5,97.07,2025-09-26 00:00:00
TX_001042,CUST_0842,PROD_017,1,195.0,2025/07/23
TX_001043,CUST_0836,PROD_045,7,307.09,2025-10-30 00:00:00
TX_001044,CUST_0317,PROD_095,10,396.61,2025-10-08 00:00:00
TX_001045,CUST_0978,PROD_052,9,259.81,2025-12-30 00:00:00
TX_001046,CUST_0763,PROD_056,1,154.05,2025-05-07 00:00:00
TX_001047,CUST_0516,PROD_032,2,167.05,2025-11-05 00:00:00
TX_001048,CUST_0174,PROD_017,7,9.87,2025-01-03 00:00:00
TX_001049,CUST_0102,PROD_085,8,465.32,2025-03-17 00:00:00
TX_001050,CUST_0138,PROD_040,0,371.89,2025-12-05 00:00:00
TX_001051,CUST_0583,PROD_073,2,112.77,2025/03/02
TX_001052,CUST_0602,PROD_082,9,237.69,2025-01-17 00:00:00
TX_001053,CUST_0671,PROD_050,5,84.09,2025-12-08 00:00:00
TX_001054,CUST_0024,PROD_091,3,32.53,2025-04-04 00:00:00
TX_001055,CUST_0064,PROD_063,7,216.91,2025-02-22 00:00:00
TX_001056,CUST_0821,PROD_073,9,461.0,2025-01-18 00:00:00
TX_001057,CUST_0824,PROD_001,2,239.56,2025-07-06 00:00:00
TX_001058,CUST_0919,PROD_053,2,468.54,2025-08-09 00:00:00
TX_001059,CUST_0314,PROD_084,5,425.54,2025-01-04 00:00:00
TX_001060,CUST_0630,PROD_016,3,162.4,2025-02-07 00:00:00
TX_001061,CUST_0647,PROD_013,1,30.66,2025-09-08 00:00:00
TX_001062,CUST_0151,PROD_045,1,116.75,2025-02-14 00:00:00
TX_001063,CUST_0368,PROD_019,6,417.5,2025-10-26 00:00:00
TX_001064,CUST_0407,PROD_025,4,232.51,2025-04-08 00:00:00
TX_001065,CUST_0602,PROD_040,5,424.08,2025-05-27 00:00:00
TX_001066,CUST_9999,PROD_056,1,224.75,2025-10-01 00:00:00
TX_001067,CUST_0462,PROD_009,1,347.45,2025-08-29 00:00:00
TX_001068,CUST_0147,PROD_081,1,488.84,2025-12-19 00:00:00
TX_001069,CUST_0732,PROD_089,4,480.7,2025-03-27 00:00:00
TX_001070,CUST_0161,PROD_050,4,485.94,2025-01-19 00:00:00
TX_001071,CUST_0726,PROD_045,6,274.58,2025-02-10 00:00:00
TX_001072,CUST_0658,PROD_058,5,139.27,2025-11-14 00:00:00
TX_001073,CUST_0240,PROD_007,8,411.52,2025/01/02
TX_001074,CUST_9999,PROD_002,5,162.87,2025-06-09 00:00:00
TX_001075,CUST_0038,PROD_032,10,461.94,2025-12-31 00:00:00
TX_001076,CUST_0050,PROD_076,7,199.86,2025-03-24 00:00:00
TX_001077,CUST_0082,PROD_048,9,279.57,2025-12-17 00:00:00
TX_001078,CUST_0044,PROD_069,9,11.16,2025-07-20 00:00:00
TX_001079,CUST_0693,PROD_049,5,347.56,2025-12-30 00:00:00
TX_001080,CUST_0485,PROD_054,3,104.04,2025-04-08 00:00:00
TX_001081,CUST_0540,PROD_065,9,450.5,2025-08-10 00:00:00
TX_001082,CUST_0990,PROD_006,10,88.25,2025-12-14 00:00:00
TX_001083,CUST_0190,PROD_093,5,433.5,2025/02/10
TX_001084,CUST_0298,PROD_049,2,52.64,2025-10-03 00:00:00
TX_001085,CUST_0097,PROD_052,4,97.3,2025-03-03 00:00:00
TX_001086,CUST_0067,PROD_059,3,77.64,2025-06-10 00:00:00
TX_001087,CUST_0015,PROD_035,6,357.03,2025-06-01 00:00:00
TX_001088,CUST_0117,PROD_087,3,459.67,2025/04/11
TX_001089,CUST_0593,PROD_010,10,288.29,2025-05-05 00:00:00
TX_001090,CUST_0996,PROD_053,3,437.03,2025-04-03 00:00:00
TX_001091,CUST_0770,PROD_047,4,488.23,2025-03-12 00:00:00
TX_001092,CUST_0617,PROD_999,6,245.65,2025-10-12 00:00:00
TX_001093,CUST_9999,PROD_067,7,28.97,2025-01-27 00:00:00
TX_001094,CUST_0811,PROD_002,6,26.79,2025-09-29 00:00:00
TX_001095,CUST_0879,PROD_002,10,274.78,2025/03/03
TX_001096,CUST_0090,PROD_022,1,403.72,2025-05-02 00:00:00
TX_001097,CUST_0278,PROD_034,6,83.25,2025-04-13 00:00:00
TX_001098,CUST_0760,PROD_090,10,186.5,2025-02-27 00:00:00
TX_001099,CUST_0804,PROD_080,9,218.04,2025-03-10 00:00:00
TX_001100,CUST_0771,PROD_085,6,132.61,2025-05-20 00:00:00
TX_001101,CUST_0281,PROD_037,9,481.51,2025-05-25 00:00:00
TX_001102,CUST_0462,PROD_016,9,13.06,2025-10-15 00:00:00
TX_001103,CUST_0798,PROD_045,9,109.62,2025-05-25 00:00:00
TX_001104,CUST_0832,PROD_022,10,398.13,2025-07-09 00:00:00
TX_001105,CUST_0433,PROD_090,7,193.04,2025-05-01 00:00:00
TX_001106,CUST_0861,PROD_040,9,214.41,2025/08/18
TX_001107,CUST_0316,PROD_052,1,69.89,2025-06-30 00:00:00
TX_001108,CUST_0748,PROD_048,4,342.04,2025-02-04 00:00:00
TX_001109,CUST_0185,PROD_013,6,214.51,2025-06-27 00:00:00
TX_001110,CUST_0765,PROD_033,5,42.15,2025-05-06 00:00:00
TX_001111,CUST_0544,PROD_049,5,367.3,2025-07-07 00:00:00
TX_001112,CUST_0656,PROD_060,10,31.94,2025-08-24 00:00:00
TX_001113,CUST_0164,PROD_068,10,268.1,2025-08-11 00:00:00
TX_001114,CUST_0829,PROD_055,6,197.23,2025-03-05 00:00:00
TX_001115,CUST_0661,PROD_064,5,315.46,2025-10-14 00:00:00
TX_001116,CUST_0015,PROD_060,1,387.14,2025-05-05 00:00:00
TX_001117,CUST_0971,PROD_012,9,136.35,2025-01-04 00:00:00
TX_001118,CUST_0381,PROD_078,6,219.08,2025-05-04 00:00:00
TX_001119,CUST_0295,PROD_078,8,110.29,2025-12-16 00:00:00
TX_001120,CUST_0830,PROD_006,3,434.95,2025-03-10 00:00:00
TX_001121,CUST_0809,PROD_059,7,310.57,2025-10-31 00:00:00
TX_001122,CUST_0900,PROD_031,10,466.86,2025-03-23 00:00:00
TX_001123,CUST_0693,PROD_006,3,122.96,2025/04/04
TX_001124,CUST_0001,PROD_079,4,117.84,2025-03-31 00:00:00
TX_001125,CUST_0436,PROD_064,2,304.3,2025-09-26 00:00:00
TX_001126,CUST_0990,PROD_042,2,167.49,2025-05-18 00:00:00
TX_001127,CUST_0797,PROD_057,6,221.03,2025-12-20 00:00:00
TX_001128,CUST_0453,PROD_001,7,395.36,2025-05-06 00:00:00
TX_001129,CUST_0886,PROD_093,3,457.24,2025-09-10 00:00:00
TX_001130,CUST_0418,PROD_054,9,351.42,2025-01-18 00:00:00
TX_001131,CUST_0612,PROD_004,8,6.71,2025-10-13 00:00:00
TX_001132,CUST_0071,PROD_041,3,313.83,2025-06-05 00:00:00
TX_001133,CUST_0077,PROD_091,5,365.32,2025-03-09 00:00:00
TX_001134,CUST_0890,PROD_098,6,255.64,2025-08-08 00:00:00
TX_001135,CUST_0005,PROD_056,3,11.83,2025-01-21 00:00:00
TX_001136,CUST_0731,PROD_052,5,473.2,2025-02-06 00:00:00
TX_001137,CUST_0646,PROD_083,10,108.39,2025-09-25 00:00:00
TX_001138,CUST_0993,PROD_070,5,421.85,2025-11-03 00:00:00
TX_001139,CUST_0876,PROD_095,10,444.93,2025/06/10
TX_001140,CUST_0426,PROD_054,7,151.82,2025-03-07 00:00:00
TX_001141,CUST_0527,PROD_013,3,54.92,2025-10-08 00:00:00
TX_001142,CUST_0153,PROD_014,6,309.88,2025-10-15 00:00:00
TX_001143,CUST_0034,PROD_999,2,95.31,2025-08-19 00:00:00
TX_001144,CUST_0335,PROD_025,10,486.22,2025-12-27 00:00:00
TX_001145,CUST_0615,PROD_082,3,173.8,2025-08-25 00:00:00
TX_001146,CUST_0132,PROD_100,9,265.55,2025-03-07 00:00:00
TX_001147,CUST_0990,PROD_085,9,486.4,2025/05/29
TX_001148,CUST_0788,PROD_094,4,350.46,2025-05-11 00:00:00
TX_001149,CUST_0627,PROD_074,10,270.56,2025-05-19 00:00:00
TX_001150,CUST_0665,PROD_088,8,313.65,2025-10-18 00:00:00
TX_001151,CUST_0495,PROD_080,8,81.31,2025-07-22 00:00:00
TX_001152,CUST_0122,PROD_019,7,46.42,2025-07-25 00:00:00
TX_001153,CUST_0661,PROD_041,8,343.77,2025-07-28 00:00:00
TX_001154,CUST_0817,PROD_097,6,444.79,2025/06/30
TX_001155,CUST_0522,PROD_036,1,8.39,2025-07-17 00:00:00
TX_001156,CUST_0850,PROD_017,5,343.23,2025/07/02
TX_001157,CUST_0523,PROD_020,3,446.43,2025-06-04 00:00:00
TX_001158,CUST_0968,PROD_001,3,401.83,2025-04-14 00:00:00
TX_001159,CUST_0873,PROD_999,4,419.07,2025-08-29 00:00:00
TX_001160,CUST_0927,PROD_999,4,207.06,2025-01-24 00:00:00
TX_001161,CUST_0549,PROD_028,9,323.28,2025-02-01 00:00:00
TX_001162,CUST_0682,PROD_070,10,369.26,2025/04/25
TX_001163,CUST_0570,PROD_028,5,335.65,2025-01-07 00:00:00
TX_001164,CUST_0136,PROD_061,10,244.97,2025-10-22 00:00:00
TX_001165,CUST_0559,PROD_020,9,138.02,2025-04-18 00:00:00
TX_001166,CUST_0027,PROD_006,8,106.3,2025-07-13 00:00:00
TX_001167,CUST_0030,PROD_064,4,288.65,2025/12/13
TX_001168,CUST_0093,PROD_056,1,88.45,2025-11-12 00:00:00
TX_001169,CUST_0091,PROD_012,6,456.12,2025-11-04 00:00:00
TX_001170,CUST_0575,PROD_003,8,99.65,2025-06-09 00:00:00
TX_001171,CUST_0902,PROD_061,5,268.63,2025-08-24 00:00:00
TX_001172,CUST_0233,PROD_009,9,450.18,2025-05-17 00:00:00
TX_001173,CUST_0326,PROD_065,9,378.53,2025-03-08 00:00:00
TX_001174,CUST_0812,PROD_036,2,287.42,2025-03-23 00:00:00
TX_001175,CUST_0345,PROD_055,1,369.73,2025-07-04 00:00:00
TX_001176,CUST_0574,PROD_054,8,149.81,2025-09-22 00:00:00
TX_001177,CUST_0909,PROD_001,7,204.41,2025-10-30 00:00:00
TX_001178,CUST_0178,PROD_068,2,237.03,2025-09-14 00:00:00
TX_001179,CUST_0782,PROD_044,10,159.64,2025-11-15 00:00:00
TX_001180,CUST_0861,PROD_031,3,232.78,2025-03-15 00:00:00
TX_001181,CUST_0923,PROD_075,1,490.44,2025-03-29 00:00:00
TX_001182,CUST_0116,PROD_098,7,161.6,2025-05-20 00:00:00
TX_001183,CUST_0918,PROD_071,5,405.91,2025-08-17 00:00:00
TX_001184,CUST_0145,PROD_057,7,250.72,2025-06-10 00:00:00
TX_001185,CUST_0082,PROD_096,4,234.07,2025-02-03 00:00:00
TX_001186,CUST_0789,PROD_072,10,154.74,2025-09-19 00:00:00
TX_001187,CUST_0800,PROD_071,4,255.24,2025-10-09 00:00:00
TX_001188,CUST_0047,PROD_003,8,202.3,2025-03-19 00:00:00
TX_001189,CUST_0223,PROD_081,10,18.79,2025-06-20 00:00:00
TX_001190,CUST_0205,PROD_073,9,263.88,2025-07-18 00:00:00
TX_001191,CUST_0202,PROD_018,1,326.18,2025/09/08
TX_001192,CUST_0076,PROD_007,8,295.14,2025-04-23 00:00:00
TX_001193,CUST_0295,PROD_078,4,115.83,2025-12-28 00:00:00
TX_001194,CUST_0895,PROD_078,8,461.05,2025-05-05 00:00:00
TX_001195,CUST_0485,PROD_066,10,209.81,2025-09-23 00:00:00
TX_001196,CUST_0392,PROD_089,8,11.57,2025-09-07 00:00:00
TX_001197,CUST_0350,PROD_085,4,54.57,2025-06-18 00:00:00
TX_001198,CUST_0652,PROD_005,6,67.85,2025-02-17 00:00:00
TX_001199,CUST_0456,PROD_091,5,135.39,2025-06-09 00:00:00
TX_001200,CUST_0429,PROD_010,-1,159.12,2025-06-07 00:00:00
TX_001201,CUST_0210,PROD_030,6,426.16,2025-04-12 00:00:00
TX_001202,CUST_0234,PROD_097,7,410.47,2025-10-01 00:00:00
TX_001203,CUST_0897,PROD_058,10,225.97,2025-01-28 00:00:00
TX_001204,CUST_0620,PROD_081,5,181.79,2025-09-20 00:00:00
TX_001205,CUST_0969,PROD_038,1,457.91,2025-04-29 00:00:00
TX_001206,CUST_0876,PROD_003,2,218.84,2025-03-10 00:00:00
TX_001207,CUST_0503,PROD_027,2,180.76,2025-09-13 00:00:00
TX_001208,CUST_0329,PROD_091,3,332.96,2025-04-30 00:00:00
TX_001209,CUST_0427,PROD_018,10,415.78,2025-06-19 00:00:00
TX_001210,CUST_0624,PROD_030,4,91.65,2025-02-16 00:00:00
TX_001211,CUST_0764,PROD_045,5,271.08,2025-10-26 00:00:00
TX_001212,CUST_0956,PROD_039,5,398.38,2025-08-30 00:00:00
TX_001213,CUST_0251,PROD_081,10,181.58,2025-05-26 00:00:00
TX_001214,CUST_0998,PROD_079,2,215.22,2025/08/15
TX_001215,CUST_9999,PROD_022,2,259.24,2025-02-18 00:00:00
TX_001216,CUST_0588,PROD_013,4,394.93,2025-06-03 00:00:00
TX_001217,CUST_0792,PROD_008,10,131.3,2025-10-15 00:00:00
TX_001218,CUST_0922,PROD_095,3,297.79,2025-03-06 00:00:00
TX_001219,CUST_0495,PROD_099,1,406.89,2025-08-06 00:00:00
TX_001220,CUST_0061,PROD_083,10,195.31,2025-04-06 00:00:00
TX_001221,CUST_0852,PROD_059,2,301.89,2025-07-13 00:00:00
TX_001222,CUST_0160,PROD_999,6,374.57,2025-05-04 00:00:00
TX_001223,CUST_0066,PROD_017,3,341.62,2025-04-23 00:00:00
TX_001224,CUST_0082,PROD_027,8,486.11,2025-10-11 00:00:00
TX_001225,CUST_0734,PROD_003,2,239.8,2025-08-20 00:00:00
TX_001226,CUST_0624,PROD_052,2,140.8,2025-01-14 00:00:00
TX_001227,CUST_0718,PROD_039,7,454.44,2025-08-11 00:00:00
TX_001228,CUST_0772,PROD_015,9,194.95,2025-09-08 00:00:00
TX_001229,CUST_0137,PROD_097,6,368.86,2025-11-26 00:00:00
TX_001230,CUST_0686,PROD_098,3,321.48,2025-09-06 00:00:00
TX_001231,CUST_0539,PROD_039,10,27.27,2025-04-21 00:00:00
TX_001232,CUST_0663,PROD_999,3,372.76,2025-06-21 00:00:00
TX_001233,CUST_0427,PROD_035,5,463.05,2025-05-11 00:00:00
TX_001234,CUST_0289,PROD_069,4,288.47,2025-06-03 00:00:00
TX_001235,CUST_0479,PROD_047,5,192.1,2025/12/23
TX_001236,CUST_0599,PROD_026,3,182.01,2025-02-28 00:00:00
TX_001237,CUST_0938,PROD_060,10,412.83,2025/04/20
TX_001238,CUST_0017,PROD_075,6,146.28,2025-08-14 00:00:00
TX_001239,CUST_0195,PROD_007,9,403.17,2025/09/15
TX_001240,CUST_0984,PROD_011,5,107.03,2025-02-13 00:00:00
TX_001241,CUST_0513,PROD_062,9,209.21,2025-11-20 00:00:00
TX_001242,CUST_0996,PROD_010,9,230.77,2025-01-24 00:00:00
TX_001243,CUST_0656,PROD_017,6,381.69,2025-01-28 00:00:00
TX_001244,CUST_0005,PROD_055,10,329.99,2025-05-06 00:00:00
TX_001245,CUST_0763,PROD_023,4,11.06,2025/01/18
TX_001246,CUST_0379,PROD_056,6,488.52,2025-12-20 00:00:00
TX_001247,CUST_0039,PROD_018,3,147.71,2025/02/18
TX_001248,CUST_0056,PROD_062,1,56.03,2025-02-08 00:00:00
TX_001249,CUST_0291,PROD_999,7,215.09,2025-05-08 00:00:00
TX_001250,CUST_0289,PROD_018,5,23.49,2025-06-13 00:00:00
TX_001251,CUST_0268,PROD_023,1,189.36,2025-03-13 00:00:00
TX_001252,CUST_0095,PROD_015,4,131.73,2025-06-07 00:00:00
TX_001253,CUST_0395,PROD_023,6,94.86,2025-07-13 00:00:00
TX_001254,CUST_0440,PROD_094,10,130.81,2025-07-30 00:00:00
TX_001255,CUST_0444,PROD_065,7,152.71,2025-06-02 00:00:00
TX_001256,CUST_0011,PROD_075,9,217.87,2025-04-09 00:00:00
TX_001257,CUST_0731,PROD_097,8,320.15,2025-08-31 00:00:00
TX_001258,CUST_0497,PROD_074,9,320.3,2025-07-04 00:00:00
TX_001259,CUST_0476,PROD_100,2,170.63,2025-04-01 00:00:00
TX_001260,CUST_0828,PROD_043,10,424.3,2025-05-17 00:00:00
TX_001261,CUST_0323,PROD_032,9,34.99,2025-08-02 00:00:00
TX_001262,CUST_0969,PROD_048,4,128.36,2025-10-25 00:00:00
TX_001263,CUST_0905,PROD_035,7,219.98,2025-06-12 00:00:00
TX_001264,CUST_0836,PROD_082,10,277.96,2025-06-23 00:00:00
TX_001265,CUST_0415,PROD_091,7,249.46,2025-10-31 00:00:00
TX_001266,CUST_0973,PROD_083,8,432.39,2025-12-24 00:00:00
TX_001267,CUST_0460,PROD_028,5,208.36,2025-06-18 00:00:00
TX_001268,CUST_0054,PROD_013,7,366.71,2025-03-17 00:00:00
TX_001269,CUST_0485,PROD_097,9,394.73,2025-02-09 00:00:00
TX_001270,CUST_0460,PROD_065,2,55.25,2025-09-21 00:00:00
TX_001271,CUST_0182,PROD_003,8,404.17,2025-08-31 00:00:00
TX_001272,CUST_0341,PROD_099,1,471.78,2025-05-21 00:00:00
TX_001273,CUST_0988,PROD_092,1,280.19,2025-03-13 00:00:00
TX_001274,CUST_0426,PROD_016,5,202.12,2025-04-11 00:00:00
TX_001275,CUST_0906,PROD_042,5,419.97,2025-10-24 00:00:00
TX_001276,CUST_0796,PROD_038,6,376.57,2025-04-16 00:00:00
TX_001277,CUST_0223,PROD_096,10,430.98,2025-10-29 00:00:00
TX_001278,CUST_0441,PROD_074,5,255.29,2025/12/07
TX_001279,CUST_0372,PROD_090,7,360.71,2025-10-18 00:00:00
TX_001280,CUST_0925,PROD_004,7,342.55,2025-10-09 00:00:00
TX_001281,CUST_0228,PROD_050,2,89.06,2025/10/20
TX_001282,CUST_0506,PROD_035,10,21.77,2025-02-11 00:00:00
TX_001283,CUST_0557,PROD_086,7,417.45,2025-12-03 00:00:00
TX_001284,CUST_0561,PROD_013,5,27.57,2025-10-16 00:00:00
TX_001285,CUST_0182,PROD_010,7,249.34,2025/04/21
TX_001286,CUST_0187,PROD_002,5,291.28,2025-12-30 00:00:00
TX_001287,CUST_0052,PROD_040,3,447.35,2025-01-20 00:00:00
TX_001288,CUST_0855,PROD_016,7,458.41,2025-01-17 00:00:00
TX_001289,CUST_0082,PROD_019,2,477.61,2025-04-13 00:00:00
TX_001290,CUST_0675,PROD_034,3,498.22,2025-04-18 00:00:00
TX_001291,CUST_0126,PROD_073,2,245.4,2025/10/30
TX_001292,CUST_0783,PROD_042,8,53.95,2025-12-26 00:00:00
TX_001293,CUST_0238,PROD_018,2,293.57,2025-06-08 00:00:00
TX_001294,CUST_0278,PROD_060,1,84.98,2025-09-24 00:00:00
TX_001295,CUST_0593,PROD_017,9,232.39,2025-11-20 00:00:00
TX_001296,CUST_0993,PROD_010,10,110.5,2025-08-12 00:00:00
TX_001297,CUST_0485,PROD_055,4,304.57,2025-05-03 00:00:00
TX_001298,CUST_0077,PROD_064,5,309.26,2025-02-26 00:00:00
TX_001299,CUST_0587,PROD_083,3,63.89,2025-05-26 00:00:00
TX_001300,CUST_0487,PROD_043,4,169.09,2025-07-30 00:00:00
TX_001301,CUST_0380,PROD_053,9,130.37,2025-06-26 00:00:00
TX_001302,CUST_0360,PROD_064,5,447.24,2025-01-02 00:00:00
TX_001303,CUST_0997,PROD_009,8,293.96,2025-11-02 00:00:00
TX_001304,CUST_0736,PROD_078,5,255.81,2025-11-03 00:00:00
TX_001305,CUST_0757,PROD_081,6,219.18,2025-06-28 00:00:00
TX_001306,CUST_0427,PROD_100,9,151.64,2025-03-16 00:00:00
TX_001307,CUST_0177,PROD_050,7,70.97,2025-12-01 00:00:00
TX_001308,CUST_0531,PROD_002,8,16.16,2025/01/22
TX_001309,CUST_0563,PROD_029,1,493.48,2025-07-13 00:00:00
TX_001310,CUST_0863,PROD_034,1,394.79,2025-09-20 00:00:00
TX_001311,CUST_0011,PROD_999,7,207.54,2025/11/03
TX_001312,CUST_0206,PROD_069,3,8.82,2025-07-28 00:00:00
TX_001313,CUST_0228,PROD_085,3,74.3,2025-03-15 00:00:00
TX_001314,CUST_0318,PROD_069,5,238.17,2025-03-21 00:00:00
TX_001315,CUST_0609,PROD_035,2,24.31,2025-10-11 00:00:00
TX_001316,CUST_0238,PROD_014,2,468.33,2025-06-27 00:00:00
TX_001317,CUST_0644,PROD_100,8,464.18,2025-03-26 00:00:00
TX_001318,CUST_0269,PROD_001,7,148.19,2025-11-24 00:00:00
TX_001319,CUST_0032,PROD_006,10,380.79,2025-09-26 00:00:00
TX_001320,CUST_0036,PROD_004,5,55.65,2025-05-28 00:00:00
TX_001321,CUST_0675,PROD_010,10,169.79,2025-03-06 00:00:00
TX_001322,CUST_0196,PROD_034,5,237.42,2025-07-29 00:00:00
TX_001323,CUST_0264,PROD_023,2,322.57,2025-12-12 00:00:00
TX_001324,CUST_0047,PROD_097,6,251.37,2025-10-14 00:00:00
TX_001325,CUST_0466,PROD_075,2,335.48,2025-02-19 00:00:00
TX_001326,CUST_0911,PROD_031,7,300.15,2025-01-08 00:00:00
TX_001327,CUST_0662,PROD_064,6,298.22,2025-06-06 00:00:00
TX_001328,CUST_0570,PROD_095,1,417.89,2025-11-05 00:00:00
TX_001329,CUST_0101,PROD_046,3,262.31,2025-10-06 00:00:00
TX_001330,CUST_0100,PROD_054,8,124.09,2025-08-20 00:00:00
TX_001331,CUST_0089,PROD_041,3,224.86,2025-02-17 00:00:00
TX_001332,CUST_0142,PROD_071,1,74.31,2025-04-23 00:00:00
TX_001333,CUST_0399,PROD_052,10,308.82,2025-11-24 00:00:00
TX_001334,CUST_0552,PROD_100,8,430.54,2025-04-03 00:00:00
TX_001335,CUST_0019,PROD_087,3,123.99,2025-03-14 00:00:00
TX_001336,CUST_0618,PROD_099,1,140.58,2025-08-21 00:00:00
TX_001337,CUST_0678,PROD_051,10,58.47,2025-10-01 00:00:00
TX_001338,CUST_0059,PROD_064,10,405.45,2025-01-08 00:00:00
TX_001339,CUST_0927,PROD_098,4,114.7,2025-03-15 00:00:00
TX_001340,CUST_0597,PROD_029,2,164.47,2025-10-03 00:00:00
TX_001341,CUST_0793,PROD_036,1,456.27,2025-03-13 00:00:00
TX_001342,CUST_0186,PROD_013,8,151.27,2025-03-22 00:00:00
TX_001343,CUST_0055,PROD_053,8,273.08,2025-04-01 00:00:00
TX_001344,CUST_0494,PROD_052,7,304.04,2025-09-01 00:00:00
TX_001345,CUST_0812,PROD_017,6,377.0,2025-04-21 00:00:00
TX_001346,CUST_0322,PROD_039,9,391.22,2025/07/03
TX_001347,CUST_0857,PROD_075,1,57.59,2025-05-03 00:00:00
TX_001348,CUST_0463,PROD_063,2,303.83,2025/01/02
TX_001349,CUST_0700,PROD_049,3,96.18,2025-06-24 00:00:00
TX_001350,CUST_0576,PROD_009,9,371.28,2025-07-01 00:00:00
TX_001351,CUST_0921,PROD_080,3,117.32,2025-05-27 00:00:00
TX_001352,CUST_0445,PROD_030,2,481.37,2025-11-30 00:00:00
TX_001353,CUST_0155,PROD_049,5,223.34,2025-05-28 00:00:00
TX_001354,CUST_0243,PROD_097,6,101.93,2025-11-11 00:00:00
TX_001355,CUST_0165,PROD_064,7,484.75,2025-12-31 00:00:00
TX_001356,CUST_0363,PROD_083,7,38.11,2025-01-14 00:00:00
TX_001357,CUST_0178,PROD_083,6,241.01,2025-01-29 00:00:00
TX_001358,CUST_0123,PROD_032,2,339.21,2025-07-20 00:00:00
TX_001359,CUST_0905,PROD_081,8,318.14,2025-04-15 00:00:00
TX_001360,CUST_0407,PROD_016,9,181.09,2025/03/21
TX_001361,CUST_0583,PROD_048,7,114.23,2025/09/12
TX_001362,CUST_0312,PROD_025,1,24.82,2025-05-06 00:00:00
TX_001363,CUST_0504,PROD_069,10,454.39,2025-03-18 00:00:00
TX_001364,CUST_0150,PROD_034,7,175.57,2025-12-04 00:00:00
TX_001365,CUST_0779,PROD_017,8,378.71,2025-10-02 00:00:00
TX_001366,CUST_0414,PROD_064,7,174.54,2025-02-06 00:00:00
TX_001367,CUST_0431,PROD_018,1,51.65,2025-05-21 00:00:00
TX_001368,CUST_0795,PROD_021,7,199.5,2025-04-05 00:00:00
TX_001369,CUST_0452,PROD_048,2,403.71,2025-09-07 00:00:00
TX_001370,CUST_0708,PROD_032,8,475.34,2025-07-07 00:00:00
TX_001371,CUST_0791,PROD_053,5,266.82,2025-09-19 00:00:00
TX_001372,CUST_0338,PROD_074,5,355.54,2025/03/03
TX_001373,CUST_0283,PROD_053,10,69.16,2025-10-18 00:00:00
TX_001374,CUST_0684,PROD_019,1,433.85,2025-03-06 00:00:00
TX_001375,CUST_0393,PROD_030,6,352.57,2025-11-11 00:00:00
TX_001376,CUST_0528,PROD_035,3,41.11,2025-10-22 00:00:00
TX_001377,CUST_0761,PROD_024,3,394.77,2025-05-30 00:00:00
TX_001378,CUST_0013,PROD_045,8,362.9,2025-08-26 00:00:00
TX_001379,CUST_0239,PROD_038,1,232.18,2025-04-15 00:00:00
TX_001380,CUST_0275,PROD_058,9,341.91,2025-03-15 00:00:00
TX_001381,CUST_0320,PROD_073,5,161.74,2025-07-22 00:00:00
TX_001382,CUST_0912,PROD_999,4,206.46,2025-04-23 00:00:00
TX_001383,CUST_0874,PROD_015,2,494.28,2025/03/19
TX_001384,CUST_0101,PROD_093,9,149.63,2025-05-18 00:00:00
TX_001385,CUST_0417,PROD_097,4,214.32,2025-08-20 00:00:00
TX_001386,CUST_0341,PROD_089,9,304.6,2025-09-13 00:00:00
TX_001387,CUST_0424,PROD_043,5,305.26,2025-05-27 00:00:00
TX_001388,CUST_0273,PROD_048,7,143.57,2025-01-27 00:00:00
TX_001389,CUST_0536,PROD_098,2,454.51,2025-04-21 00:00:00
TX_001390,CUST_0002,PROD_043,5,198.79,2025-09-01 00:00:00
TX_001391,CUST_0123,PROD_007,4,476.07,2025-09-18 00:00:00
TX_001392,CUST_0074,PROD_082,2,35.32,2025-02-01 00:00:00
TX_001393,CUST_0831,PROD_066,6,42.54,2025-04-20 00:00:00
TX_001394,CUST_0212,PROD_083,4,241.27,2025-08-23 00:00:00
TX_001395,CUST_0404,PROD_082,1,56.04,2025-07-26 00:00:00
TX_001396,CUST_0578,PROD_063,8,276.71,2025/01/19
TX_001397,CUST_0077,PROD_060,2,205.38,2025-11-07 00:00:00
TX_001398,CUST_0419,PROD_014,7,51.24,2025-07-07 00:00:00
TX_001399,CUST_0866,PROD_073,10,237.66,2025-07-17 00:00:00
TX_001400,CUST_0414,PROD_021,-1,209.84,2025-09-01 00:00:00
TX_001401,CUST_0058,PROD_069,4,190.59,2025-05-11 00:00:00
TX_001402,CUST_0713,PROD_057,3,274.99,2025-05-07 00:00:00
TX_001403,CUST_0507,PROD_076,9,85.73,2025-03-23 00:00:00
TX_001404,CUST_0194,PROD_100,8,170.9,2025/01/23
TX_001405,CUST_0549,PROD_055,9,245.01,2025/04/17
TX_001406,CUST_0415,PROD_999,9,173.78,2025-03-22 00:00:00
TX_001407,CUST_0981,PROD_056,10,282.29,2025-11-28 00:00:00
TX_001408,CUST_0760,PROD_091,1,86.48,2025-03-06 00:00:00
TX_001409,CUST_0615,PROD_031,1,402.88,2025-08-28 00:00:00
TX_001410,CUST_0016,PROD_073,8,66.91,2025-01-05 00:00:00
TX_001411,CUST_0459,PROD_092,3,475.31,2025-09-01 00:00:00
TX_001412,CUST_0238,PROD_098,9,149.78,2025-06-13 00:00:00
TX_001413,CUST_0799,PROD_100,10,35.43,2025-08-15 00:00:00
TX_001414,CUST_0099,PROD_092,5,74.7,2025-06-01 00:00:00
TX_001415,CUST_0107,PROD_085,8,425.14,2025-12-21 00:00:00
TX_001416,CUST_0193,PROD_092,7,467.66,2025-12-14 00:00:00
TX_001417,CUST_0222,PROD_091,10,220.08,2025-07-24 00:00:00
TX_001418,CUST_0607,PROD_079,7,264.39,2025-05-01 00:00:00
TX_001419,CUST_0033,PROD_999,6,80.41,2025-05-25 00:00:00
TX_001420,CUST_0778,PROD_047,4,391.26,2025-11-16 00:00:00
TX_001421,CUST_0261,PROD_075,2,381.32,2025-05-05 00:00:00
TX_001422,CUST_0940,PROD_089,5,241.73,2025-05-05 00:00:00
TX_001423,CUST_0686,PROD_082,10,61.57,2025/06/18
TX_001424,CUST_0090,PROD_091,3,212.43,2025-01-16 00:00:00
TX_001425,CUST_0715,PROD_092,4,336.37,2025-08-28 00:00:00
TX_001426,CUST_0417,PROD_037,9,252.69,2025-04-16 00:00:00
TX_001427,CUST_0383,PROD_074,7,238.64,2025-02-16 00:00:00
TX_001428,CUST_0847,PROD_050,5,341.0,2025-05-03 00:00:00
TX_001429,CUST_0426,PROD_064,3,409.56,2025-07-28 00:00:00
TX_001430,CUST_0291,PROD_069,6,135.62,2025-10-31 00:00:00
TX_001431,CUST_0702,PROD_038,1,24.5,2025-01-18 00:00:00
TX_001432,CUST_0290,PROD_051,1,47.75,2025-12-08 00:00:00
TX_001433,CUST_0655,PROD_004,9,384.02,2025-05-24 00:00:00
TX_001434,CUST_0235,PROD_084,4,366.17,2025-11-27 00:00:00
TX_001435,CUST_0481,PROD_054,4,193.79,2025-12-31 00:00:00
TX_001436,CUST_0027,PROD_008,1,362.58,2025/10/29
TX_001437,CUST_0481,PROD_057,9,61.41,2025-01-02 00:00:00
TX_001438,CUST_0092,PROD_083,4,171.28,2025/05/23
TX_001439,CUST_0369,PROD_007,10,371.1,2025-01-26 00:00:00
TX_001440,CUST_0909,PROD_012,4,386.31,2025-07-21 00:00:00
TX_001441,CUST_0051,PROD_011,3,492.6,2025-12-12 00:00:00
TX_001442,CUST_0715,PROD_098,10,155.03,2025-08-23 00:00:00
TX_001443,CUST_0938,PROD_045,4,41.46,2025/02/15
TX_001444,CUST_0435,PROD_095,4,9.14,2025-11-10 00:00:00
TX_001445,CUST_0918,PROD_038,3,51.86,2025-10-27 00:00:00
TX_001446,CUST_0287,PROD_078,4,239.81,2025-07-28 00:00:00
TX_001447,CUST_0059,PROD_014,7,407.09,2025-08-07 00:00:00
TX_001448,CUST_0706,PROD_017,9,273.63,2025-04-21 00:00:00
TX_001449,CUST_0733,PROD_094,7,440.15,2025-11-24 00:00:00
TX_001450,CUST_0353,PROD_024,7,218.97,2025-08-16 00:00:00
TX_001451,CUST_0023,PROD_089,4,226.54,2025/07/23
TX_001452,CUST_0666,PROD_071,10,339.61,2026-01-01 00:00:00
TX_001453,CUST_0950,PROD_075,4,405.17,2025-10-17 00:00:00
TX_001454,CUST_0700,PROD_062,8,80.39,2025-06-15 00:00:00
TX_001455,CUST_0779,PROD_071,4,456.51,2025-07-09 00:00:00
TX_001456,CUST_0650,PROD_010,5,66.78,2025-08-14 00:00:00
TX_001457,CUST_0794,PROD_071,10,98.29,2025-02-05 00:00:00
TX_001458,CUST_0722,PROD_045,2,269.52,2025/08/14
TX_001459,CUST_0632,PROD_006,1,437.15,2025-07-04 00:00:00
TX_001460,CUST_9999,PROD_034,5,299.21,2025-11-23 00:00:00
TX_001461,CUST_0882,PROD_060,1,315.1,2025/11/25
TX_001462,CUST_0402,PROD_999,2,366.89,2025-03-18 00:00:00
TX_001463,CUST_9999,PROD_051,1,249.24,2025-03-29 00:00:00
TX_001464,CUST_0823,PROD_077,6,78.87,2025-04-03 00:00:00
TX_001465,CUST_0836,PROD_016,9,12.76,2025-03-28 00:00:00
TX_001466,CUST_9999,PROD_082,4,14.81,2025-03-11 00:00:00
TX_001467,CUST_0789,PROD_055,3,133.48,2025-10-21 00:00:00
TX_001468,CUST_0591,PROD_090,6,249.93,2025/12/20
TX_001469,CUST_0568,PROD_085,10,186.9,2025-07-28 00:00:00
TX_001470,CUST_0524,PROD_049,9,452.09,2025-04-17 00:00:00
TX_001471,CUST_0764,PROD_043,2,143.94,2025-12-02 00:00:00
TX_001472,CUST_0858,PROD_066,4,334.8,2025-05-18 00:00:00
TX_001473,CUST_0469,PROD_046,9,472.63,2025-11-19 00:00:00
TX_001474,CUST_0101,PROD_051,5,261.2,2025-05-04 00:00:00
TX_001475,CUST_0944,PROD_068,8,7.26,2025-09-18 00:00:00
TX_001476,CUST_0326,PROD_084,7,386.87,2025-11-09 00:00:00
TX_001477,CUST_0516,PROD_094,7,498.42,2025-12-20 00:00:00
TX_001478,CUST_0730,PROD_093,5,162.97,2025-01-31 00:00:00
TX_001479,CUST_0359,PROD_052,8,86.77,2025/01/05
TX_001480,CUST_0353,PROD_098,10,380.45,2025/10/18
TX_001481,CUST_0466,PROD_063,3,423.05,2025-10-30 00:00:00
TX_001482,CUST_0708,PROD_088,1,124.64,2025/01/15
TX_001483,CUST_0720,PROD_005,3,346.12,2025/11/22
TX_001484,CUST_0048,PROD_072,2,159.27,2025-06-25 00:00:00
TX_001485,CUST_0951,PROD_099,4,413.06,2025-09-09 00:00:00
TX_001486,CUST_0678,PROD_093,2,60.28,2025-05-03 00:00:00
TX_001487,CUST_0563,PROD_022,7,182.2,2025-08-24 00:00:00
TX_001488,CUST_0890,PROD_049,3,404.03,2025-06-26 00:00:00
TX_001489,CUST_0745,PROD_068,4,279.23,2025-12-13 00:00:00
TX_001490,CUST_0165,PROD_097,7,488.52,2025-11-06 00:00:00
TX_001491,CUST_0476,PROD_011,8,334.45,2025-06-05 00:00:00
TX_001492,CUST_0451,PROD_090,1,462.28,2025-08-02 00:00:00
TX_001493,CUST_0221,PROD_026,4,223.92,2025/07/17
TX_001494,CUST_0178,PROD_061,6,481.84,2025-03-27 00:00:00
TX_001495,CUST_0208,PROD_055,1,259.28,2025-09-27 00:00:00
TX_001496,CUST_0906,PROD_002,10,312.61,2025-01-31 00:00:00
TX_001497,CUST_0884,PROD_031,10,300.87,2025-02-07 00:00:00
TX_001498,CUST_0122,PROD_005,6,361.95,2025-10-30 00:00:00
TX_001499,CUST_0257,PROD_091,7,223.15,2025-12-13 00:00:00
TX_001500,CUST_0441,PROD_030,9,460.28,2025-09-29 00:00:00
TX_001501,CUST_0705,PROD_012,5,326.86,2025-01-30 00:00:00
TX_001502,CUST_0497,PROD_047,1,430.22,2025-03-16 00:00:00
TX_001503,CUST_0487,PROD_033,3,238.33,2025-07-09 00:00:00
TX_001504,CUST_0131,PROD_043,5,297.28,2025-05-27 00:00:00
TX_001505,CUST_0175,PROD_091,4,325.21,2025-05-08 00:00:00
TX_001506,CUST_0461,PROD_011,1,344.41,2025-03-22 00:00:00
TX_001507,CUST_0991,PROD_083,2,163.74,2025-07-28 00:00:00
TX_001508,CUST_0958,PROD_050,6,405.4,2025-08-20 00:00:00
TX_001509,CUST_0229,PROD_019,10,46.27,2025-01-28 00:00:00
TX_001510,CUST_0319,PROD_076,9,126.86,2025-10-18 00:00:00
TX_001511,CUST_0907,PROD_059,7,390.12,2025-02-28 00:00:00
TX_001512,CUST_0925,PROD_057,5,176.4,2025-11-01 00:00:00
TX_001513,CUST_0166,PROD_026,1,130.88,2025/06/12
TX_001514,CUST_0364,PROD_999,7,372.49,2025-09-24 00:00:00
TX_001515,CUST_0071,PROD_096,5,320.79,2025-01-29 00:00:00
TX_001516,CUST_0819,PROD_051,1,122.68,2025-01-25 00:00:00
TX_001517,CUST_0422,PROD_088,8,341.31,2025-06-02 00:00:00
TX_001518,CUST_0300,PROD_055,9,254.97,2025/01/23
TX_001519,CUST_0271,PROD_010,1,436.32,2025-06-10 00:00:00
TX_001520,CUST_0769,PROD_070,5,84.04,2025/01/02
TX_001521,CUST_0347,PROD_031,3,20.61,2025-10-09 00:00:00
TX_001522,CUST_0158,PROD_087,7,263.87,2025-11-23 00:00:00
TX_001523,CUST_0019,PROD_073,2,326.01,2025-12-26 00:00:00
TX_001524,CUST_0780,PROD_060,9,298.29,2025-06-06 00:00:00
TX_001525,CUST_0378,PROD_003,6,69.05,2025-05-12 00:00:00
TX_001526,CUST_0104,PROD_002,8,61.5,2025-05-04 00:00:00
TX_001527,CUST_0057,PROD_086,9,419.79,2025-06-14 00:00:00
TX_001528,CUST_0014,PROD_011,2,441.67,2025-10-27 00:00:00
TX_001529,CUST_0623,PROD_047,7,304.73,2025-03-14 00:00:00
TX_001530,CUST_0798,PROD_077,3,229.49,2025/09/13
TX_001531,CUST_0239,PROD_087,9,252.74,2025-03-14 00:00:00
TX_001532,CUST_0726,PROD_018,7,383.63,2025-07-15 00:00:00
TX_001533,CUST_0449,PROD_048,6,249.74,2025/08/23
TX_001534,CUST_0979,PROD_006,3,366.07,2025-04-22 00:00:00
TX_001535,CUST_0592,PROD_009,5,152.07,2025-07-20 00:00:00
TX_001536,CUST_0869,PROD_028,1,151.94,2025-12-15 00:00:00
TX_001537,CUST_0853,PROD_088,5,91.19,2025-12-10 00:00:00
TX_001538,CUST_0465,PROD_051,9,369.88,2025-04-17 00:00:00
TX_001539,CUST_0982,PROD_033,7,160.03,2025-10-03 00:00:00
TX_001540,CUST_0990,PROD_028,7,277.85,2025/04/29
TX_001541,CUST_0451,PROD_078,4,203.77,2025-04-27 00:00:00
TX_001542,CUST_0706,PROD_024,3,390.83,2025-12-28 00:00:00
TX_001543,CUST_0344,PROD_008,7,168.27,2025-04-25 00:00:00
TX_001544,CUST_0542,PROD_096,3,291.61,2025-02-11 00:00:00
TX_001545,CUST_0322,PROD_016,9,100.33,2025-02-14 00:00:00
TX_001546,CUST_0821,PROD_062,6,340.19,2025-09-27 00:00:00
TX_001547,CUST_0517,PROD_062,5,292.91,2025-08-18 00:00:00
TX_001548,CUST_0331,PROD_018,2,247.71,2025-02-26 00:00:00
TX_001549,CUST_0688,PROD_046,9,370.2,2025-10-11 00:00:00
TX_001550,CUST_0020,PROD_064,4,317.76,2025-12-17 00:00:00
TX_001551,CUST_0642,PROD_032,2,496.61,2025-04-13 00:00:00
TX_001552,CUST_0945,PROD_047,6,227.07,2025-04-02 00:00:00
TX_001553,CUST_0212,PROD_040,10,208.21,2025-09-07 00:00:00
TX_001554,CUST_0182,PROD_028,9,427.21,2025-12-30 00:00:00
TX_001555,CUST_0110,PROD_022,1,61.35,2025-04-17 00:00:00
TX_001556,CUST_9999,PROD_064,6,98.32,2025-12-16 00:00:00
TX_001557,CUST_0455,PROD_089,4,213.69,2025-03-03 00:00:00
TX_001558,CUST_0963,PROD_068,6,137.54,2025-01-19 00:00:00
TX_001559,CUST_0116,PROD_087,3,302.68,2025-06-01 00:00:00
TX_001560,CUST_0461,PROD_054,4,341.64,2025-10-28 00:00:00
TX_001561,CUST_0314,PROD_036,4,303.86,2025-03-20 00:00:00
TX_001562,CUST_0701,PROD_035,2,417.65,2025-12-25 00:00:00
TX_001563,CUST_0137,PROD_033,8,434.48,2025-04-02 00:00:00
TX_001564,CUST_0374,PROD_052,1,65.15,2025-10-05 00:00:00
TX_001565,CUST_0535,PROD_013,4,363.05,2025-10-12 00:00:00
TX_001566,CUST_0643,PROD_100,1,303.54,2025-01-05 00:00:00
TX_001567,CUST_0820,PROD_095,6,388.71,2025/11/15
TX_001568,CUST_0627,PROD_075,9,235.08,2025-11-19 00:00:00
TX_001569,CUST_0361,PROD_059,8,319.85,2025-04-07 00:00:00
TX_001570,CUST_0191,PROD_066,2,37.94,2025-04-16 00:00:00
TX_001571,CUST_0394,PROD_058,1,241.72,2025-03-11 00:00:00
TX_001572,CUST_0602,PROD_091,3,156.29,2025-11-30 00:00:00
TX_001573,CUST_0554,PROD_079,9,440.38,2025-04-28 00:00:00
TX_001574,CUST_0504,PROD_031,7,159.77,2025/01/08
TX_001575,CUST_0635,PROD_022,5,381.59,2025-10-11 00:00:00
TX_001576,CUST_0064,PROD_036,4,405.21,2025/07/08
TX_001577,CUST_0900,PROD_090,2,63.42,2025-09-21 00:00:00
TX_001578,CUST_0689,PROD_036,1,308.28,2025-10-22 00:00:00
TX_001579,CUST_0720,PROD_070,10,354.81,2025-04-09 00:00:00
TX_001580,CUST_0275,PROD_042,2,343.77,2025/11/16
TX_001581,CUST_0367,PROD_010,2,18.44,2025-04-13 00:00:00
TX_001582,CUST_0548,PROD_074,10,495.09,2025-01-19 00:00:00
TX_001583,CUST_0984,PROD_049,7,293.63,2025-08-05 00:00:00
TX_001584,CUST_0711,PROD_069,7,51.17,2025/05/09
TX_001585,CUST_0393,PROD_003,10,397.56,2025-06-06 00:00:00
TX_001586,CUST_0305,PROD_049,7,338.31,2025-09-20 00:00:00
TX_001587,CUST_0392,PROD_039,9,271.7,2025-04-28 00:00:00
TX_001588,CUST_0968,PROD_095,9,193.72,2025-11-10 00:00:00
TX_001589,CUST_0891,PROD_047,5,91.99,2025-05-08 00:00:00
TX_001590,CUST_0274,PROD_044,1,227.63,2025-04-15 00:00:00
TX_001591,CUST_0712,PROD_098,9,318.63,2025-09-25 00:00:00
TX_001592,CUST_0558,PROD_062,1,128.13,2025-08-07 00:00:00
TX_001593,CUST_0865,PROD_027,6,302.47,2025-08-29 00:00:00
TX_001594,CUST_0938,PROD_071,9,104.7,2025-01-20 00:00:00
TX_001595,CUST_0697,PROD_071,9,475.02,2025-04-19 00:00:00
TX_001596,CUST_0824,PROD_067,7,217.7,2025-10-29 00:00:00
TX_001597,CUST_0936,PROD_999,2,231.5,2025/11/25
TX_001598,CUST_0888,PROD_011,5,312.51,2025/02/12
TX_001599,CUST_0441,PROD_034,8,55.8,2025-07-20 00:00:00
TX_001600,CUST_0886,PROD_001,-1,328.05,2025-02-09 00:00:00
TX_001601,CUST_0041,PROD_050,8,332.78,2025-05-14 00:00:00
TX_001602,CUST_0371,PROD_089,4,484.98,2025-07-08 00:00:00
TX_001603,CUST_0891,PROD_042,1,442.06,2025-05-23 00:00:00
TX_001604,CUST_0687,PROD_053,10,396.54,2025-04-28 00:00:00
TX_001605,CUST_0278,PROD_096,5,451.11,2025-10-15 00:00:00
TX_001606,CUST_0344,PROD_058,2,153.83,2025-01-18 00:00:00
TX_001607,CUST_0493,PROD_091,8,216.78,2025-03-30 00:00:00
TX_001608,CUST_0617,PROD_010,7,381.49,2025-05-08 00:00:00
TX_001609,CUST_0501,PROD_053,9,434.75,2025-12-10 00:00:00
TX_001610,CUST_0719,PROD_093,2,15.76,2025-02-10 00:00:00
TX_001611,CUST_0773,PROD_011,10,326.02,2025-01-01 00:00:00
TX_001612,CUST_0756,PROD_091,8,232.53,2025-09-26 00:00:00
TX_001613,CUST_0443,PROD_054,3,30.54,2025-04-10 00:00:00
TX_001614,CUST_0623,PROD_028,10,132.79,2025-09-18 00:00:00
TX_001615,CUST_0501,PROD_069,2,338.76,2025-03-19 00:00:00
TX_001616,CUST_0864,PROD_092,1,227.0,2025-04-23 00:00:00
TX_001617,CUST_0618,PROD_046,8,233.47,2025-08-08 00:00:00
TX_001618,CUST_0279,PROD_051,8,271.4,2025/12/23
TX_001619,CUST_0328,PROD_034,8,483.26,2025-07-11 00:00:00
TX_001620,CUST_0491,PROD_065,6,73.48,2025-07-01 00:00:00
TX_001621,CUST_0942,PROD_004,4,240.72,2025-08-27 00:00:00
TX_001622,CUST_0052,PROD_020,1,479.36,2025-09-03 00:00:00
TX_001623,CUST_0632,PROD_045,4,152.53,2025-02-08 00:00:00
TX_001624,CUST_0426,PROD_027,1,312.89,2025-01-30 00:00:00
TX_001625,CUST_0096,PROD_036,1,399.17,2025-07-10 00:00:00
TX_001626,CUST_0308,PROD_038,5,174.99,2025-09-26 00:00:00
TX_001627,CUST_0866,PROD_044,3,457.33,2025-12-13 00:00:00
TX_001628,CUST_0066,PROD_086,1,431.54,2025-01-19 00:00:00
TX_001629,CUST_0162,PROD_095,4,408.39,2025-10-27 00:00:00
TX_001630,CUST_0864,PROD_077,10,253.42,2025-10-30 00:00:00
TX_001631,CUST_0165,PROD_014,6,253.68,2025-08-18 00:00:00
TX_001632,CUST_0874,PROD_094,5,237.84,2025-08-06 00:00:00
TX_001633,CUST_0837,PROD_086,1,143.93,2025-08-25 00:00:00
TX_001634,CUST_0786,PROD_019,10,12.83,2025-07-10 00:00:00
TX_001635,CUST_0703,PROD_076,6,13.3,2025-11-25 00:00:00
TX_001636,CUST_0337,PROD_089,4,6.79,2025-04-03 00:00:00
TX_001637,CUST_0866,PROD_003,6,142.73,2025-09-04 00:00:00
TX_001638,CUST_0865,PROD_020,2,130.42,2025/07/01
TX_001639,CUST_0796,PROD_040,8,157.23,2025-05-05 00:00:00
TX_001640,CUST_0185,PROD_094,9,173.09,2025-05-14 00:00:00
TX_001641,CUST_0263,PROD_999,6,304.83,2025-05-25 00:00:00
TX_001642,CUST_0341,PROD_029,9,243.02,2025-04-26 00:00:00
TX_001643,CUST_0833,PROD_064,8,154.71,2025/04/15
TX_001644,CUST_0751,PROD_087,4,9.29,2025-07-01 00:00:00
TX_001645,CUST_0857,PROD_069,2,177.88,2025-11-15 00:00:00
TX_001646,CUST_0747,PROD_089,2,247.03,2025-11-05 00:00:00
TX_001647,CUST_0119,PROD_067,5,354.41,2025-12-13 00:00:00
TX_001648,CUST_0350,PROD_071,7,168.49,2025-09-23 00:00:00
TX_001649,CUST_0227,PROD_045,10,93.02,2025-10-03 00:00:00
TX_001650,CUST_0452,PROD_098,10,50.39,2025-01-22 00:00:00
TX_001651,CUST_0134,PROD_050,4,133.26,2025-12-27 00:00:00
TX_001652,CUST_0639,PROD_014,10,438.77,2025-10-22 00:00:00
TX_001653,CUST_0107,PROD_095,2,90.83,2025-09-21 00:00:00
TX_001654,CUST_0396,PROD_012,5,363.25,2025-02-15 00:00:00
TX_001655,CUST_0730,PROD_007,2,163.76,2025-01-20 00:00:00
TX_001656,CUST_0608,PROD_999,8,268.75,2025-12-10 00:00:00
TX_001657,CUST_0835,PROD_071,5,333.5,2025-06-10 00:00:00
TX_001658,CUST_0886,PROD_040,6,494.04,2025-06-05 00:00:00
TX_001659,CUST_0377,PROD_013,3,206.27,2025-11-11 00:00:00
TX_001660,CUST_0699,PROD_054,5,343.8,2025-11-13 00:00:00
TX_001661,CUST_0047,PROD_014,7,491.19,2025-07-14 00:00:00
TX_001662,CUST_0121,PROD_090,9,320.04,2025-03-23 00:00:00
TX_001663,CUST_0253,PROD_019,7,412.99,2025-03-06 00:00:00
TX_001664,CUST_0028,PROD_082,7,89.4,2025-07-15 00:00:00
TX_001665,CUST_0782,PROD_004,9,100.81,2025-05-19 00:00:00
TX_001666,CUST_0177,PROD_002,6,286.51,2025-03-13 00:00:00
TX_001667,CUST_0721,PROD_098,3,277.88,2025/08/22
TX_001668,CUST_0299,PROD_083,8,456.87,2025-05-17 00:00:00
TX_001669,CUST_0264,PROD_025,9,234.22,2025-03-04 00:00:00
TX_001670,CUST_0605,PROD_092,1,168.94,2025-09-20 00:00:00
TX_001671,CUST_0048,PROD_019,9,202.72,2025/07/14
TX_001672,CUST_0356,PROD_024,5,11.33,2025-07-03 00:00:00
TX_001673,CUST_0540,PROD_052,10,483.19,2025-01-22 00:00:00
TX_001674,CUST_0171,PROD_094,10,255.0,2025-08-12 00:00:00
TX_001675,CUST_0419,PROD_050,6,315.37,2025-07-01 00:00:00
TX_001676,CUST_0817,PROD_066,8,365.36,2025-07-15 00:00:00
TX_001677,CUST_0487,PROD_050,1,211.26,2025-03-07 00:00:00
TX_001678,CUST_0048,PROD_013,4,280.23,2025-01-05 00:00:00
TX_001679,CUST_0568,PROD_058,2,378.06,2025/11/12
TX_001680,CUST_0425,PROD_098,5,429.13,2025-09-24 00:00:00
TX_001681,CUST_0661,PROD_072,3,475.62,2025-10-19 00:00:00
TX_001682,CUST_0250,PROD_073,1,478.73,2025-04-30 00:00:00
TX_001683,CUST_0491,PROD_012,7,239.74,2025/11/24
TX_001684,CUST_0453,PROD_094,7,249.25,2025-10-12 00:00:00
TX_001685,CUST_0828,PROD_068,7,418.18,2025-06-19 00:00:00
TX_001686,CUST_0342,PROD_085,9,333.46,2025-03-23 00:00:00
TX_001687,CUST_0004,PROD_015,9,113.08,2025-05-06 00:00:00
TX_001688,CUST_0703,PROD_094,5,342.35,2025-08-05 00:00:00
TX_001689,CUST_0706,PROD_079,7,142.88,2025-10-10 00:00:00
TX_001690,CUST_0575,PROD_074,8,170.69,2025-02-10 00:00:00
TX_001691,CUST_0167,PROD_042,6,343.42,2025-12-30 00:00:00
TX_001692,CUST_0328,PROD_091,8,482.86,2025-02-14 00:00:00
TX_001693,CUST_0597,PROD_050,3,217.13,2025-06-15 00:00:00
TX_001694,CUST_0242,PROD_080,8,215.08,2025-06-21 00:00:00
TX_001695,CUST_0729,PROD_010,6,390.43,2025-08-12 00:00:00
TX_001696,CUST_0826,PROD_077,7,122.6,2025-01-05 00:00:00
TX_001697,CUST_0424,PROD_065,3,35.21,2025-02-26 00:00:00
TX_001698,CUST_0078,PROD_095,6,289.93,2025-11-30 00:00:00
TX_001699,CUST_0576,PROD_068,5,380.87,2025-04-21 00:00:00
TX_001700,CUST_0343,PROD_053,9,29.17,2025-11-18 00:00:00
TX_001701,CUST_0101,PROD_082,9,485.56,2025/05/21
TX_001702,CUST_0615,PROD_010,6,435.88,2025-08-13 00:00:00
TX_001703,CUST_0818,PROD_096,8,56.64,2025-06-27 00:00:00
TX_001704,CUST_0033,PROD_075,3,446.79,2025-01-21 00:00:00
TX_001705,CUST_0548,PROD_052,3,250.41,2025-01-25 00:00:00
TX_001706,CUST_0810,PROD_039,10,288.83,2025-02-24 00:00:00
TX_001707,CUST_0715,PROD_095,3,402.49,2025-07-06 00:00:00
TX_001708,CUST_0176,PROD_046,6,362.71,2025-11-29 00:00:00
TX_001709,CUST_0504,PROD_087,8,229.72,2025-06-13 00:00:00
TX_001710,CUST_0326,PROD_054,5,112.68,2025-11-07 00:00:00
TX_001711,CUST_0547,PROD_051,1,225.68,2025-11-09 00:00:00
TX_001712,CUST_0985,PROD_011,10,350.0,2025-02-21 00:00:00
TX_001713,CUST_0990,PROD_009,3,288.43,2025-12-19 00:00:00
TX_001714,CUST_0629,PROD_022,6,106.97,2025-02-21 00:00:00
TX_001715,CUST_0365,PROD_087,4,261.09,2025-11-26 00:00:00
TX_001716,CUST_0558,PROD_056,6,192.72,2025-06-13 00:00:00
TX_001717,CUST_0039,PROD_039,10,135.35,2025-12-29 00:00:00
TX_001718,CUST_0456,PROD_056,9,238.02,2025-09-10 00:00:00
TX_001719,CUST_0358,PROD_093,1,415.88,2025-05-17 00:00:00
TX_001720,CUST_0111,PROD_089,4,152.74,2025-02-27 00:00:00
TX_001721,CUST_0950,PROD_007,1,59.35,2025-06-20 00:00:00
TX_001722,CUST_0469,PROD_079,5,123.99,2025-02-06 00:00:00
TX_001723,CUST_0991,PROD_046,6,236.81,2025-09-14 00:00:00
TX_001724,CUST_0458,PROD_083,8,157.97,2025-07-21 00:00:00
TX_001725,CUST_0767,PROD_080,6,80.07,2025-03-16 00:00:00
TX_001726,CUST_0716,PROD_100,10,393.95,2025-06-26 00:00:00
TX_001727,CUST_1000,PROD_065,2,328.54,2025/07/26
TX_001728,CUST_0538,PROD_016,4,208.22,2025-05-03 00:00:00
TX_001729,CUST_0619,PROD_039,1,235.18,2025-05-09 00:00:00
TX_001730,CUST_0911,PROD_013,5,366.12,2025-09-10 00:00:00
TX_001731,CUST_0503,PROD_016,9,177.9,2025-06-13 00:00:00
TX_001732,CUST_0444,PROD_037,6,358.37,2025/07/26
TX_001733,CUST_0392,PROD_050,2,14.55,2025-08-24 00:00:00
TX_001734,CUST_0081,PROD_057,1,470.36,2025-08-24 00:00:00
TX_001735,CUST_0069,PROD_056,10,93.16,2025-09-28 00:00:00
TX_001736,CUST_0815,PROD_020,2,375.88,2025-07-06 00:00:00
TX_001737,CUST_0869,PROD_087,4,179.71,2025-04-12 00:00:00
TX_001738,CUST_0492,PROD_087,6,353.1,2025-11-01 00:00:00
TX_001739,CUST_0931,PROD_069,9,111.13,2025-02-13 00:00:00
TX_001740,CUST_0708,PROD_097,4,307.99,2025-02-08 00:00:00
TX_001741,CUST_0959,PROD_040,3,248.79,2025-06-08 00:00:00
TX_001742,CUST_0830,PROD_029,6,242.49,2025-10-18 00:00:00
TX_001743,CUST_0129,PROD_035,9,481.82,2025-04-11 00:00:00
TX_001744,CUST_0023,PROD_059,4,403.27,2025-11-18 00:00:00
TX_001745,CUST_0315,PROD_004,9,91.18,2025-06-25 00:00:00
TX_001746,CUST_0851,PROD_094,8,405.84,2025-05-16 00:00:00
TX_001747,CUST_0290,PROD_098,9,198.22,2025-10-26 00:00:00
TX_001748,CUST_0264,PROD_022,2,135.61,2025-12-03 00:00:00
TX_001749,CUST_0774,PROD_014,10,247.17,2025-11-25 00:00:00
TX_001750,CUST_0301,PROD_080,0,433.25,2025-07-21 00:00:00
TX_001751,CUST_0925,PROD_081,5,191.88,2025-07-10 00:00:00
TX_001752,CUST_0650,PROD_010,2,262.78,2025-12-19 00:00:00
TX_001753,CUST_0702,PROD_049,8,97.85,2025-01-10 00:00:00
TX_001754,CUST_0423,PROD_083,9,54.63,2025-10-31 00:00:00
TX_001755,CUST_0879,PROD_100,2,270.84,2025-05-24 00:00:00
TX_001756,CUST_0533,PROD_018,3,18.81,2025-02-08 00:00:00
TX_001757,CUST_0407,PROD_035,1,450.2,2025-02-26 00:00:00
TX_001758,CUST_0425,PROD_002,4,5.8,2025-09-04 00:00:00
TX_001759,CUST_0597,PROD_062,1,367.5,2025-01-06 00:00:00
TX_001760,CUST_0990,PROD_070,4,388.86,2025-07-13 00:00:00
TX_001761,CUST_0006,PROD_084,8,346.08,2025-02-03 00:00:00
TX_001762,CUST_0193,PROD_006,5,275.07,2025-09-22 00:00:00
TX_001763,CUST_0614,PROD_050,10,115.07,2025-04-26 00:00:00
TX_001764,CUST_0793,PROD_084,6,398.94,2025-05-12 00:00:00
TX_001765,CUST_0224,PROD_011,7,23.32,2025-12-17 00:00:00
TX_001766,CUST_0042,PROD_033,10,21.43,2025-10-17 00:00:00
TX_001767,CUST_0032,PROD_017,6,408.1,2025-02-28 00:00:00
TX_001768,CUST_0109,PROD_009,6,281.53,2025-02-21 00:00:00
TX_001769,CUST_0292,PROD_060,1,233.87,2025-03-31 00:00:00
TX_001770,CUST_0506,PROD_032,7,365.67,2025-06-24 00:00:00
TX_001771,CUST_0008,PROD_015,7,287.84,2025-01-13 00:00:00
TX_001772,CUST_0752,PROD_066,1,75.07,2025-11-05 00:00:00
TX_001773,CUST_0754,PROD_097,9,414.64,2025-04-09 00:00:00
TX_001774,CUST_0170,PROD_999,6,227.07,2025-06-17 00:00:00
TX_001775,CUST_0693,PROD_049,10,112.75,2025-12-20 00:00:00
TX_001776,CUST_0334,PROD_039,1,454.14,2025-02-15 00:00:00
TX_001777,CUST_0388,PROD_043,6,259.05,2025-11-22 00:00:00
TX_001778,CUST_0025,PROD_044,10,229.63,2025-09-10 00:00:00
TX_001779,CUST_0996,PROD_025,1,175.97,2025-09-14 00:00:00
TX_001780,CUST_0622,PROD_033,7,7.38,2025-02-17 00:00:00
TX_001781,CUST_0475,PROD_081,9,297.35,2025-04-17 00:00:00
TX_001782,CUST_0531,PROD_072,8,383.16,2025-07-26 00:00:00
TX_001783,CUST_0893,PROD_002,7,143.51,2025-06-08 00:00:00
TX_001784,CUST_0932,PROD_086,4,422.17,2025-11-24 00:00:00
TX_001785,CUST_0092,PROD_023,5,292.17,2025-08-04 00:00:00
TX_001786,CUST_0925,PROD_097,8,448.59,2025-05-16 00:00:00
TX_001787,CUST_0001,PROD_036,9,430.1,2025-10-28 00:00:00
TX_001788,CUST_0899,PROD_028,2,272.99,2025-06-26 00:00:00
TX_001789,CUST_0593,PROD_007,8,299.2,2025-10-26 00:00:00
TX_001790,CUST_0613,PROD_053,2,57.07,2025-01-27 00:00:00
TX_001791,CUST_0969,PROD_058,6,148.52,2025-06-29 00:00:00
TX_001792,CUST_0934,PROD_050,10,108.99,2025-09-17 00:00:00
TX_001793,CUST_0051,PROD_075,1,306.38,2025-05-13 00:00:00
TX_001794,CUST_0715,PROD_002,7,192.58,2025-10-30 00:00:00
TX_001795,CUST_0836,PROD_067,3,466.09,2025-10-08 00:00:00
TX_001796,CUST_0907,PROD_059,8,300.09,2025/08/28
TX_001797,CUST_0833,PROD_029,8,236.88,2025-04-05 00:00:00
TX_001798,CUST_0910,PROD_011,1,473.44,2025-05-03 00:00:00
TX_001799,CUST_0860,PROD_085,1,206.4,2025-12-01 00:00:00
TX_001800,CUST_0336,PROD_088,-1,471.11,2025/05/04
TX_001801,CUST_0471,PROD_049,1,394.81,2025-12-29 00:00:00
TX_001802,CUST_0774,PROD_034,4,341.63,2025-01-02 00:00:00
TX_001803,CUST_0268,PROD_057,9,440.58,2025-06-15 00:00:00
TX_001804,CUST_0186,PROD_044,4,243.79,2025/01/25
TX_001805,CUST_0543,PROD_072,6,147.2,2025-09-03 00:00:00
TX_001806,CUST_0219,PROD_075,9,392.73,2025-05-12 00:00:00
TX_001807,CUST_0637,PROD_068,1,165.37,2025-08-16 00:00:00
TX_001808,CUST_0271,PROD_004,8,280.78,2025-08-06 00:00:00
TX_001809,CUST_0915,PROD_004,3,25.81,2025-10-30 00:00:00
TX_001810,CUST_0511,PROD_062,1,451.47,2025-02-17 00:00:00
TX_001811,CUST_0668,PROD_054,4,475.95,2025-10-23 00:00:00
TX_001812,CUST_0967,PROD_100,8,83.94,2025-09-23 00:00:00
TX_001813,CUST_0157,PROD_021,5,285.86,2025-07-29 00:00:00
TX_001814,CUST_0971,PROD_074,7,158.31,2025-02-28 00:00:00
TX_001815,CUST_0375,PROD_065,1,238.15,2025-01-10 00:00:00
TX_001816,CUST_0367,PROD_040,6,343.96,2025-03-18 00:00:00
TX_001817,CUST_0327,PROD_084,1,45.72,2025-09-08 00:00:00
TX_001818,CUST_0557,PROD_036,9,251.65,2025-03-12 00:00:00
TX_001819,CUST_0114,PROD_035,7,210.45,2025-08-27 00:00:00
TX_001820,CUST_0201,PROD_052,10,226.42,2025-05-22 00:00:00
TX_001821,CUST_0816,PROD_069,6,149.72,2025-10-05 00:00:00
TX_001822,CUST_0414,PROD_999,6,256.31,2025-09-10 00:00:00
TX_001823,CUST_0443,PROD_091,1,215.99,2025-02-15 00:00:00
TX_001824,CUST_0315,PROD_052,8,42.36,2025-12-06 00:00:00
TX_001825,CUST_0205,PROD_059,1,52.35,2025-01-23 00:00:00
TX_001826,CUST_0636,PROD_062,3,18.72,2025-03-08 00:00:00
TX_001827,CUST_0095,PROD_072,3,277.11,2025-06-30 00:00:00
TX_001828,CUST_0306,PROD_058,1,416.51,2025-10-22 00:00:00
TX_001829,CUST_0977,PROD_065,3,298.73,2025-02-22 00:00:00
TX_001830,CUST_0762,PROD_016,2,217.53,2025-04-19 00:00:00
TX_001831,CUST_0171,PROD_022,1,452.5,2025-08-27 00:00:00
TX_001832,CUST_0620,PROD_015,5,457.8,2025-06-03 00:00:00
TX_001833,CUST_0488,PROD_021,7,69.49,2025/11/04
TX_001834,CUST_0487,PROD_023,5,328.3,2025-08-29 00:00:00
TX_001835,CUST_0890,PROD_060,8,90.07,2025-05-13 00:00:00
TX_001836,CUST_0405,PROD_044,5,313.2,2025-08-25 00:00:00
TX_001837,CUST_0771,PROD_015,6,452.48,2025-12-31 00:00:00
TX_001838,CUST_0089,PROD_079,10,28.2,2025-04-26 00:00:00
TX_001839,CUST_0039,PROD_017,5,238.1,2025-08-03 00:00:00
TX_001840,CUST_0103,PROD_002,10,37.58,2025-12-24 00:00:00
TX_001841,CUST_0851,PROD_022,7,194.06,2025-12-22 00:00:00
TX_001842,CUST_0536,PROD_005,4,209.23,2025-11-03 00:00:00
TX_001843,CUST_0174,PROD_035,1,456.62,2025-12-14 00:00:00
TX_001844,CUST_0223,PROD_015,8,96.25,2025-04-04 00:00:00
TX_001845,CUST_0530,PROD_043,7,287.93,2025-01-07 00:00:00
TX_001846,CUST_0545,PROD_079,4,112.63,2025-06-18 00:00:00
TX_001847,CUST_0559,PROD_040,3,83.17,2025-10-03 00:00:00
TX_001848,CUST_0662,PROD_088,7,456.24,2025-09-04 00:00:00
TX_001849,CUST_0169,PROD_032,10,14.84,2025-03-28 00:00:00
TX_001850,CUST_0335,PROD_060,4,204.33,2025/01/06
TX_001851,CUST_0033,PROD_091,1,219.0,2025-08-21 00:00:00
TX_001852,CUST_0639,PROD_058,9,247.0,2025-12-28 00:00:00
TX_001853,CUST_0108,PROD_037,3,322.44,2025-03-05 00:00:00
TX_001854,CUST_0295,PROD_096,1,368.68,2025-08-15 00:00:00
TX_001855,CUST_0549,PROD_029,10,102.24,2025-04-29 00:00:00
TX_001856,CUST_0040,PROD_028,10,433.24,2025-12-19 00:00:00
TX_001857,CUST_0456,PROD_026,4,414.48,2025/09/19
TX_001858,CUST_0041,PROD_030,5,173.49,2025-11-19 00:00:00
TX_001859,CUST_0104,PROD_030,7,158.56,2025-04-02 00:00:00
TX_001860,CUST_0520,PROD_073,9,190.28,2026-01-01 00:00:00
TX_001861,CUST_0496,PROD_006,6,458.35,2025/07/24
TX_001862,CUST_0271,PROD_004,8,355.81,2025-07-07 00:00:00
TX_001863,CUST_0503,PROD_076,5,318.85,2025/12/24
TX_001864,CUST_0613,PROD_051,5,40.25,2025-10-31 00:00:00
TX_001865,CUST_0763,PROD_017,6,120.12,2025-01-19 00:00:00
TX_001866,CUST_0155,PROD_032,6,452.19,2025-06-28 00:00:00
TX_001867,CUST_0636,PROD_033,2,310.15,2025-08-29 00:00:00
TX_001868,CUST_0644,PROD_016,7,218.96,2025-04-29 00:00:00
TX_001869,CUST_0270,PROD_053,4,13.64,2025-08-09 00:00:00
TX_001870,CUST_0153,PROD_069,6,446.43,2025-08-10 00:00:00
TX_001871,CUST_0002,PROD_010,6,25.56,2025/03/20
TX_001872,CUST_0790,PROD_046,7,299.84,2025-08-24 00:00:00
TX_001873,CUST_0442,PROD_055,1,456.89,2025/09/16
TX_001874,CUST_0078,PROD_011,5,383.82,2025-08-02 00:00:00
TX_001875,CUST_0444,PROD_063,9,264.6,2025/10/13
TX_001876,CUST_0079,PROD_051,2,196.01,2025-05-05 00:00:00
TX_001877,CUST_0969,PROD_094,6,48.85,2025-12-17 00:00:00
TX_001878,CUST_0094,PROD_081,1,332.11,2025-07-15 00:00:00
TX_001879,CUST_0329,PROD_023,9,21.97,2025-09-03 00:00:00
TX_001880,CUST_0321,PROD_093,9,60.57,2025-12-09 00:00:00
TX_001881,CUST_0317,PROD_059,4,179.09,2025/05/25
TX_001882,CUST_0059,PROD_029,1,385.48,2025-11-06 00:00:00
TX_001883,CUST_0761,PROD_033,6,488.59,2025-11-08 00:00:00
TX_001884,CUST_0163,PROD_062,5,284.33,2025-08-11 00:00:00
TX_001885,CUST_0856,PROD_009,9,172.13,2025-09-09 00:00:00
TX_001886,CUST_0624,PROD_006,6,336.07,2025-07-07 00:00:00
TX_001887,CUST_0622,PROD_097,2,254.37,2025-11-17 00:00:00
TX_001888,CUST_0301,PROD_999,1,71.68,2025-09-28 00:00:00
TX_001889,CUST_0679,PROD_028,4,386.41,2025-12-27 00:00:00
TX_001890,CUST_0038,PROD_013,7,250.09,2025-10-13 00:00:00
TX_001891,CUST_0330,PROD_014,6,145.17,2025-09-04 00:00:00
TX_001892,CUST_9999,PROD_034,1,73.56,2025-07-11 00:00:00
TX_001893,CUST_0658,PROD_008,6,151.41,2025-01-17 00:00:00
TX_001894,CUST_0075,PROD_076,9,422.25,2025-10-18 00:00:00
TX_001895,CUST_0939,PROD_066,8,71.88,2025/07/13
TX_001896,CUST_0415,PROD_099,5,128.12,2025-04-23 00:00:00
TX_001897,CUST_0062,PROD_038,4,159.87,2025-11-11 00:00:00
TX_001898,CUST_0037,PROD_092,5,57.65,2025-10-18 00:00:00
TX_001899,CUST_0644,PROD_053,7,80.54,2025-11-14 00:00:00
TX_001900,CUST_0205,PROD_049,3,76.91,2025-03-21 00:00:00
TX_001901,CUST_0828,PROD_022,3,128.66,2025-03-08 00:00:00
TX_001902,CUST_0080,PROD_096,8,228.55,2025-02-22 00:00:00
TX_001903,CUST_0756,PROD_095,1,413.9,2025-02-22 00:00:00
TX_001904,CUST_0340,PROD_065,1,171.72,2025-07-31 00:00:00
TX_001905,CUST_0236,PROD_028,10,67.91,2025-09-27 00:00:00
TX_001906,CUST_0996,PROD_005,10,280.65,2025-04-10 00:00:00
TX_001907,CUST_0971,PROD_042,9,406.11,2025-05-25 00:00:00
TX_001908,CUST_0297,PROD_034,9,78.84,2025-10-02 00:00:00
TX_001909,CUST_0145,PROD_060,4,233.7,2025-06-03 00:00:00
TX_001910,CUST_0151,PROD_015,9,20.63,2025-03-20 00:00:00
TX_001911,CUST_0250,PROD_016,10,382.31,2025-12-09 00:00:00
TX_001912,CUST_9999,PROD_034,8,465.69,2025-02-17 00:00:00
TX_001913,CUST_0255,PROD_075,10,66.97,2025-06-11 00:00:00
TX_001914,CUST_0293,PROD_093,8,207.56,2025-10-10 00:00:00
TX_001915,CUST_0130,PROD_029,5,43.85,2025-02-17 00:00:00
TX_001916,CUST_0213,PROD_072,2,159.46,2025-06-25 00:00:00
TX_001917,CUST_0475,PROD_082,2,225.24,2025-10-28 00:00:00
TX_001918,CUST_0923,PROD_047,7,5.67,2025-05-21 00:00:00
TX_001919,CUST_0792,PROD_038,9,232.09,2025/04/19
TX_001920,CUST_0538,PROD_046,7,139.52,2025-08-31 00:00:00
TX_001921,CUST_0938,PROD_061,10,138.05,2025-01-28 00:00:00
TX_001922,CUST_0456,PROD_058,5,132.84,2025-11-18 00:00:00
TX_001923,CUST_0922,PROD_999,4,127.23,2025-02-24 00:00:00
TX_001924,CUST_0592,PROD_081,7,481.92,2025/02/06
TX_001925,CUST_0460,PROD_098,8,178.54,2025-02-03 00:00:00
TX_001926,CUST_0713,PROD_051,4,48.36,2025/01/19
TX_001927,CUST_0832,PROD_038,7,394.47,2025-03-26 00:00:00
TX_001928,CUST_0796,PROD_003,1,144.04,2025-05-29 00:00:00
TX_001929,CUST_0616,PROD_049,10,409.07,2025-10-30 00:00:00
TX_001930,CUST_0143,PROD_084,4,205.62,2025/02/24
TX_001931,CUST_0934,PROD_001,2,225.04,2025-04-24 00:00:00
TX_001932,CUST_0635,PROD_026,1,224.85,2025-02-22 00:00:00
TX_001933,CUST_0906,PROD_091,7,416.91,2025-01-19 00:00:00
TX_001934,CUST_0191,PROD_038,2,472.68,2025-07-02 00:00:00
TX_001935,CUST_0917,PROD_030,4,334.46,2025-09-23 00:00:00
TX_001936,CUST_0834,PROD_044,6,470.36,2025-04-28 00:00:00
TX_001937,CUST_0055,PROD_094,4,183.3,2025-01-01 00:00:00
TX_001938,CUST_0638,PROD_075,10,94.16,2025-11-17 00:00:00
TX_001939,CUST_0791,PROD_095,10,241.42,2025-08-22 00:00:00
TX_001940,CUST_0444,PROD_039,7,348.76,2025-03-21 00:00:00
TX_001941,CUST_0312,PROD_026,9,412.23,2025-09-27 00:00:00
TX_001942,CUST_0499,PROD_020,8,331.13,2025-07-18 00:00:00
TX_001943,CUST_0535,PROD_031,5,290.37,2025-03-05 00:00:00
TX_001944,CUST_0800,PROD_005,7,7.9,2025-07-06 00:00:00
TX_001945,CUST_0469,PROD_060,10,67.02,2025-03-04 00:00:00
TX_001946,CUST_0806,PROD_076,9,308.12,2025-07-09 00:00:00
TX_001947,CUST_0821,PROD_076,9,348.51,2025/08/18
TX_001948,CUST_0672,PROD_001,4,301.65,2025-05-02 00:00:00
TX_001949,CUST_0203,PROD_051,7,477.11,2025-10-26 00:00:00
TX_001950,CUST_0259,PROD_084,1,167.99,2025-11-15 00:00:00
TX_001951,CUST_0110,PROD_999,2,392.97,2025-02-26 00:00:00
TX_001952,CUST_0171,PROD_055,2,210.56,2025-10-27 00:00:00
TX_001953,CUST_0517,PROD_096,10,315.27,2025-02-11 00:00:00
TX_001954,CUST_0474,PROD_999,9,258.44,2025-12-02 00:00:00
TX_001955,CUST_0621,PROD_049,10,314.12,2025-12-15 00:00:00
TX_001956,CUST_0830,PROD_026,4,41.42,2025-05-16 00:00:00
TX_001957,CUST_0789,PROD_060,4,315.92,2025-07-31 00:00:00
TX_001958,CUST_0650,PROD_009,10,73.56,2025-02-06 00:00:00
TX_001959,CUST_0279,PROD_003,7,110.59,2025-02-11 00:00:00
TX_001960,CUST_0589,PROD_050,2,320.85,2025-11-18 00:00:00
TX_001961,CUST_0060,PROD_053,5,383.47,2025-12-20 00:00:00
TX_001962,CUST_0868,PROD_041,10,297.57,2025-07-31 00:00:00
TX_001963,CUST_0031,PROD_019,4,391.87,2025/12/08
TX_001964,CUST_0468,PROD_044,3,395.26,2025-10-01 00:00:00
TX_001965,CUST_0824,PROD_014,3,193.36,2025-11-05 00:00:00
TX_001966,CUST_0658,PROD_022,3,159.95,2025-11-11 00:00:00
TX_001967,CUST_0618,PROD_036,4,401.71,2025-11-19 00:00:00
TX_001968,CUST_0891,PROD_015,2,158.01,2025-04-24 00:00:00
TX_001969,CUST_0050,PROD_067,1,163.63,2025-09-13 00:00:00
TX_001970,CUST_0650,PROD_077,1,386.61,2025-07-18 00:00:00
TX_001971,CUST_0987,PROD_079,1,90.01,2025-07-02 00:00:00
TX_001972,CUST_0033,PROD_035,7,477.09,2025-08-28 00:00:00
TX_001973,CUST_0813,PROD_003,4,77.15,2025-06-15 00:00:00
TX_001974,CUST_0014,PROD_041,6,330.66,2025-10-29 00:00:00
TX_001975,CUST_0466,PROD_074,4,302.81,2025-07-03 00:00:00
TX_001976,CUST_0647,PROD_009,10,481.03,2025-03-16 00:00:00
TX_001977,CUST_0175,PROD_062,4,493.88,2025/08/22
TX_001978,CUST_0872,PROD_046,7,479.13,2025-08-26 00:00:00
TX_001979,CUST_0329,PROD_072,5,366.49,2025-03-24 00:00:00
TX_001980,CUST_0030,PROD_047,7,478.34,2025-01-17 00:00:00
TX_001981,CUST_0300,PROD_022,5,497.14,2025-10-14 00:00:00
TX_001982,CUST_0351,PROD_006,8,343.06,2025-09-25 00:00:00
TX_001983,CUST_0904,PROD_055,6,382.44,2025-05-29 00:00:00
TX_001984,CUST_0006,PROD_001,2,310.51,2025-01-12 00:00:00
TX_001985,CUST_0963,PROD_087,2,221.24,2025-03-24 00:00:00
TX_001986,CUST_0429,PROD_042,2,82.72,2025-06-17 00:00:00
TX_001987,CUST_0040,PROD_999,6,443.08,2025-01-17 00:00:00
TX_001988,CUST_0525,PROD_017,7,439.17,2025-04-17 00:00:00
TX_001989,CUST_9999,PROD_058,3,68.86,2025/06/14
TX_001990,CUST_0473,PROD_999,4,336.48,2025-12-16 00:00:00
TX_001991,CUST_0563,PROD_059,6,404.4,2025-10-22 00:00:00
TX_001992,CUST_0290,PROD_072,1,432.91,2025-02-27 00:00:00
TX_001993,CUST_0453,PROD_055,10,195.83,2025-10-13 00:00:00
TX_001994,CUST_0019,PROD_001,5,190.04,2025/05/10
TX_001995,CUST_9999,PROD_051,5,292.24,2025/01/03
TX_001996,CUST_0595,PROD_043,9,18.6,2025-06-18 00:00:00
TX_001997,CUST_0834,PROD_075,7,415.92,2025-03-29 00:00:00
TX_001998,CUST_0606,PROD_046,1,162.34,2025-01-10 00:00:00
TX_001999,CUST_0836,PROD_091,7,53.86,2025-04-10 00:00:00
TX_002000,CUST_0679,PROD_090,-1,126.05,2025-03-25 00:00:00
TX_002001,CUST_0099,PROD_071,4,492.13,2025-11-28 00:00:00
TX_002002,CUST_0717,PROD_095,1,477.55,2026-01-01 00:00:00
TX_002003,CUST_0358,PROD_096,4,299.93,2025-01-24 00:00:00
TX_002004,CUST_0676,PROD_042,6,255.74,2025-08-11 00:00:00
TX_002005,CUST_0363,PROD_029,2,491.67,2025-05-22 00:00:00
TX_002006,CUST_9999,PROD_033,6,402.16,2025-10-01 00:00:00
TX_002007,CUST_0965,PROD_070,7,38.37,2025-06-08 00:00:00
TX_002008,CUST_0451,PROD_090,6,480.01,2025-06-01 00:00:00
TX_002009,CUST_0371,PROD_095,6,283.95,2025-08-15 00:00:00
TX_002010,CUST_0181,PROD_025,8,494.77,2025-10-08 00:00:00
TX_002011,CUST_0679,PROD_019,8,437.65,2025-06-16 00:00:00
TX_002012,CUST_0180,PROD_001,9,287.14,2025-07-02 00:00:00
TX_002013,CUST_0080,PROD_014,6,331.35,2025-03-27 00:00:00
TX_002014,CUST_0413,PROD_067,10,389.54,2025/02/01
TX_002015,CUST_0558,PROD_088,2,69.3,2025-09-17 00:00:00
TX_002016,CUST_0466,PROD_999,8,143.98,2025-02-24 00:00:00
TX_002017,CUST_0982,PROD_077,3,235.94,2025-11-21 00:00:00
TX_002018,CUST_0807,PROD_029,4,262.83,2025-09-06 00:00:00
TX_002019,CUST_0723,PROD_019,9,185.92,2025-11-26 00:00:00
TX_002020,CUST_0813,PROD_014,9,387.62,2025-05-13 00:00:00
TX_002021,CUST_0958,PROD_032,1,357.32,2025/10/19
TX_002022,CUST_9999,PROD_076,5,309.66,2025-11-10 00:00:00
TX_002023,CUST_0609,PROD_041,8,343.58,2025-11-25 00:00:00
TX_002024,CUST_0635,PROD_006,8,204.48,2025-03-29 00:00:00
TX_002025,CUST_0704,PROD_030,5,385.45,2025-07-01 00:00:00
TX_002026,CUST_0801,PROD_094,5,128.5,2025-10-24 00:00:00
TX_002027,CUST_0675,PROD_082,10,371.68,2025-08-25 00:00:00
TX_002028,CUST_0879,PROD_041,8,256.15,2025-04-25 00:00:00
TX_002029,CUST_0854,PROD_071,2,192.32,2025-09-27 00:00:00
TX_002030,CUST_0628,PROD_063,4,33.11,2025-08-15 00:00:00
TX_002031,CUST_0955,PROD_050,2,440.68,2025-12-18 00:00:00
TX_002032,CUST_0053,PROD_001,8,256.39,2025-04-22 00:00:00
TX_002033,CUST_0391,PROD_092,9,164.17,2025-01-07 00:00:00
TX_002034,CUST_0697,PROD_071,6,342.65,2025-01-23 00:00:00
TX_002035,CUST_0284,PROD_088,7,160.96,2025-03-23 00:00:00
TX_002036,CUST_0678,PROD_037,10,227.99,2025-05-15 00:00:00
TX_002037,CUST_0287,PROD_032,5,243.63,2025-02-08 00:00:00
TX_002038,CUST_0676,PROD_075,4,356.63,2025-06-10 00:00:00
TX_002039,CUST_0086,PROD_020,1,25.27,2025-02-28 00:00:00
TX_002040,CUST_0857,PROD_034,6,283.98,2025-08-29 00:00:00
TX_002041,CUST_0328,PROD_073,4,463.95,2025/11/02
TX_002042,CUST_0979,PROD_097,1,422.16,2025/06/16
TX_002043,CUST_0212,PROD_022,3,453.64,2025-10-05 00:00:00
TX_002044,CUST_0055,PROD_038,5,212.53,2025-12-22 00:00:00
TX_002045,CUST_0526,PROD_042,6,292.41,2025-01-27 00:00:00
TX_002046,CUST_0682,PROD_064,8,246.21,2025-10-03 00:00:00
TX_002047,CUST_0444,PROD_018,8,207.92,2025-04-09 00:00:00
TX_002048,CUST_0539,PROD_053,1,19.47,2025-04-02 00:00:00
TX_002049,CUST_0820,PROD_093,3,474.28,2025-08-06 00:00:00
TX_002050,CUST_0377,PROD_024,3,35.72,2025-08-16 00:00:00
TX_002051,CUST_0048,PROD_059,10,23.38,2025-11-26 00:00:00
TX_002052,CUST_0138,PROD_087,2,90.46,2025-01-29 00:00:00
TX_002053,CUST_0518,PROD_005,8,221.03,2025-09-01 00:00:00
TX_002054,CUST_0784,PROD_010,9,326.28,2025-12-18 00:00:00
TX_002055,CUST_0474,PROD_082,2,371.61,2025-03-22 00:00:00
TX_002056,CUST_0301,PROD_044,4,17.32,2025-02-13 00:00:00
TX_002057,CUST_0087,PROD_072,3,442.81,2025-09-19 00:00:00
TX_002058,CUST_0573,PROD_100,1,161.2,2025-11-14 00:00:00
TX_002059,CUST_0912,PROD_071,3,35.76,2025-04-10 00:00:00
TX_002060,CUST_0053,PROD_022,7,488.14,2025/10/11
TX_002061,CUST_0852,PROD_047,9,291.9,2025-03-12 00:00:00
TX_002062,CUST_0837,PROD_999,10,211.39,2025-12-21 00:00:00
TX_002063,CUST_0544,PROD_089,5,458.82,2025-06-25 00:00:00
TX_002064,CUST_0928,PROD_089,5,237.29,2025-10-08 00:00:00
TX_002065,CUST_0905,PROD_999,10,139.93,2025-06-12 00:00:00
TX_002066,CUST_0109,PROD_012,3,452.92,2025-09-21 00:00:00
TX_002067,CUST_0314,PROD_020,7,263.61,2025-11-03 00:00:00
TX_002068,CUST_0301,PROD_088,2,355.18,2025-07-13 00:00:00
TX_002069,CUST_0003,PROD_064,2,324.51,2025/08/06
TX_002070,CUST_0815,PROD_002,4,41.76,2025-11-25 00:00:00
TX_002071,CUST_0967,PROD_074,6,319.81,2025-03-15 00:00:00
TX_002072,CUST_0253,PROD_098,5,71.1,2025-12-17 00:00:00
TX_002073,CUST_0554,PROD_052,1,46.95,2025/11/06
TX_002074,CUST_0536,PROD_067,8,6.37,2025-12-26 00:00:00
TX_002075,CUST_9999,PROD_093,7,245.52,2025-02-22 00:00:00
TX_002076,CUST_0958,PROD_093,1,238.29,2025/05/27
TX_002077,CUST_0870,PROD_075,6,367.34,2025-11-02 00:00:00
TX_002078,CUST_0602,PROD_086,1,167.12,2025/02/04
TX_002079,CUST_0002,PROD_061,1,408.54,2025-09-12 00:00:00
TX_002080,CUST_0362,PROD_999,1,78.56,2025-12-07 00:00:00
TX_002081,CUST_0471,PROD_080,3,21.22,2025-01-07 00:00:00
TX_002082,CUST_0964,PROD_080,10,239.32,2025-11-28 00:00:00
TX_002083,CUST_0684,PROD_077,7,164.04,2025-08-20 00:00:00
TX_002084,CUST_0343,PROD_050,10,382.96,2025-05-13 00:00:00
TX_002085,CUST_0577,PROD_037,2,177.86,2025-04-19 00:00:00
TX_002086,CUST_0751,PROD_025,4,232.0,2025-11-10 00:00:00
TX_002087,CUST_0868,PROD_051,10,386.87,2025-12-18 00:00:00
TX_002088,CUST_0236,PROD_049,1,419.55,2025-06-13 00:00:00
TX_002089,CUST_0938,PROD_085,1,400.97,2025-09-24 00:00:00
TX_002090,CUST_0162,PROD_076,10,22.26,2025-01-30 00:00:00
TX_002091,CUST_0692,PROD_022,5,368.56,2025-12-12 00:00:00
TX_002092,CUST_0678,PROD_080,10,281.13,2025-04-18 00:00:00
TX_002093,CUST_0499,PROD_057,10,59.09,2025/03/01
TX_002094,CUST_0762,PROD_010,9,128.89,2025-12-13 00:00:00
TX_002095,CUST_0659,PROD_022,2,125.17,2025-10-23 00:00:00
TX_002096,CUST_0430,PROD_085,8,362.99,2025-04-12 00:00:00
TX_002097,CUST_0018,PROD_006,3,78.16,2025-08-03 00:00:00
TX_002098,CUST_0706,PROD_018,1,170.8,2025-06-19 00:00:00
TX_002099,CUST_0992,PROD_071,2,360.54,2025-03-14 00:00:00
TX_002100,CUST_0578,PROD_088,0,131.42,2025-10-04 00:00:00
TX_002101,CUST_0011,PROD_075,4,468.06,2025-02-23 00:00:00
TX_002102,CUST_0517,PROD_024,2,134.81,2025-02-10 00:00:00
TX_002103,CUST_0098,PROD_045,3,312.64,2025-04-03 00:00:00
TX_002104,CUST_0877,PROD_065,9,326.28,2025-08-21 00:00:00
TX_002105,CUST_0945,PROD_043,5,143.0,2025-09-20 00:00:00
TX_002106,CUST_0604,PROD_031,5,7.11,2025-11-09 00:00:00
TX_002107,CUST_0437,PROD_001,6,481.47,2025-08-11 00:00:00
TX_002108,CUST_0132,PROD_075,4,129.33,2025-05-08 00:00:00
TX_002109,CUST_0314,PROD_068,5,394.87,2025-09-03 00:00:00
TX_002110,CUST_0716,PROD_009,6,207.75,2025-07-25 00:00:00
TX_002111,CUST_0492,PROD_008,8,18.97,2025-08-03 00:00:00
TX_002112,CUST_0062,PROD_030,2,192.49,2025-03-09 00:00:00
TX_002113,CUST_0614,PROD_007,4,419.31,2025-12-12 00:00:00
TX_002114,CUST_0817,PROD_053,3,145.71,2025-08-22 00:00:00
TX_002115,CUST_0386,PROD_014,3,314.64,2025-04-18 00:00:00
TX_002116,CUST_9999,PROD_024,9,452.52,2025-10-04 00:00:00
TX_002117,CUST_0810,PROD_041,5,176.62,2025-09-19 00:00:00
TX_002118,CUST_0475,PROD_042,5,44.55,2025-01-15 00:00:00
TX_002119,CUST_0361,PROD_010,3,457.86,2025-09-25 00:00:00
TX_002120,CUST_0085,PROD_041,10,139.89,2025-10-29 00:00:00
TX_002121,CUST_0636,PROD_065,3,496.8,2025-09-30 00:00:00
TX_002122,CUST_0074,PROD_006,4,44.23,2025-04-23 00:00:00
TX_002123,CUST_0943,PROD_094,3,108.76,2025-03-23 00:00:00
TX_002124,CUST_0886,PROD_067,7,490.18,2025-03-06 00:00:00
TX_002125,CUST_0985,PROD_018,7,472.65,2025-12-26 00:00:00
TX_002126,CUST_0966,PROD_060,7,490.87,2025-05-05 00:00:00
TX_002127,CUST_0990,PROD_029,5,221.63,2025-02-10 00:00:00
TX_002128,CUST_9999,PROD_069,4,412.82,2025-05-17 00:00:00
TX_002129,CUST_0755,PROD_044,7,90.87,2025-11-29 00:00:00
TX_002130,CUST_0928,PROD_092,1,32.69,2025-06-19 00:00:00
TX_002131,CUST_0963,PROD_017,8,114.21,2025-11-22 00:00:00
TX_002132,CUST_0706,PROD_058,1,159.53,2025-03-25 00:00:00
TX_002133,CUST_0313,PROD_044,5,454.58,2025-09-24 00:00:00
TX_002134,CUST_0457,PROD_058,8,326.37,2025-05-31 00:00:00
TX_002135,CUST_0142,PROD_075,7,320.63,2025-05-27 00:00:00
TX_002136,CUST_0477,PROD_044,7,306.32,2025-06-02 00:00:00
TX_002137,CUST_0542,PROD_056,8,374.32,2025-04-17 00:00:00
TX_002138,CUST_0145,PROD_021,5,274.46,2025-06-19 00:00:00
TX_002139,CUST_0897,PROD_085,7,446.13,2025-05-03 00:00:00
TX_002140,CUST_0641,PROD_076,5,479.65,2025-08-04 00:00:00
TX_002141,CUST_0050,PROD_077,6,107.13,2025-02-13 00:00:00
TX_002142,CUST_0462,PROD_032,10,258.27,2025-12-22 00:00:00
TX_002143,CUST_0503,PROD_098,7,76.17,2025-04-25 00:00:00
TX_002144,CUST_0110,PROD_071,2,23.9,2025/12/11
TX_002145,CUST_0448,PROD_036,4,166.41,2025/08/23
TX_002146,CUST_0922,PROD_066,8,40.08,2025-06-13 00:00:00
TX_002147,CUST_0884,PROD_048,8,349.93,2025-10-25 00:00:00
TX_002148,CUST_0433,PROD_044,10,287.17,2025/07/08
TX_002149,CUST_0492,PROD_050,3,283.76,2025/11/20
TX_002150,CUST_0747,PROD_037,2,281.78,2025-11-16 00:00:00
TX_002151,CUST_0641,PROD_085,6,75.99,2025-02-01 00:00:00
TX_002152,CUST_0986,PROD_098,2,200.21,2025/06/10
TX_002153,CUST_0379,PROD_048,8,151.22,2025-06-01 00:00:00
TX_002154,CUST_0419,PROD_086,3,239.42,2025-07-17 00:00:00
TX_002155,CUST_0949,PROD_066,9,75.04,2025-01-30 00:00:00
TX_002156,CUST_0496,PROD_012,3,370.22,2025-05-26 00:00:00
TX_002157,CUST_0355,PROD_099,7,120.61,2025-11-26 00:00:00
TX_002158,CUST_0514,PROD_092,2,412.26,2025-01-20 00:00:00
TX_002159,CUST_0338,PROD_074,6,293.58,2025-02-01 00:00:00
TX_002160,CUST_0980,PROD_033,2,72.47,2025-12-02 00:00:00
TX_002161,CUST_0620,PROD_012,9,450.52,2025-02-14 00:00:00
TX_002162,CUST_0418,PROD_095,4,134.68,2025-09-15 00:00:00
TX_002163,CUST_0414,PROD_099,10,219.04,2025-04-01 00:00:00
TX_002164,CUST_0852,PROD_064,4,148.73,2025-03-07 00:00:00
TX_002165,CUST_0054,PROD_080,2,442.01,2025-12-29 00:00:00
TX_002166,CUST_0459,PROD_038,10,430.35,2025/10/14
TX_002167,CUST_0104,PROD_083,9,357.15,2025-10-24 00:00:00
TX_002168,CUST_0739,PROD_015,10,58.31,2025-10-22 00:00:00
TX_002169,CUST_0316,PROD_028,4,163.86,2025-10-15 00:00:00
TX_002170,CUST_0193,PROD_020,4,381.39,2025-11-17 00:00:00
TX_002171,CUST_0616,PROD_092,2,456.09,2025/02/13
TX_002172,CUST_0189,PROD_065,8,148.83,2025-06-14 00:00:00
TX_002173,CUST_0490,PROD_021,1,382.9,2025-05-08 00:00:00
TX_002174,CUST_0754,PROD_064,2,131.77,2025-09-23 00:00:00
TX_002175,CUST_0119,PROD_064,8,176.64,2025-12-27 00:00:00
TX_002176,CUST_0941,PROD_010,7,379.17,2025-04-17 00:00:00
TX_002177,CUST_0402,PROD_083,9,365.4,2025-02-17 00:00:00
TX_002178,CUST_0113,PROD_089,8,488.39,2025-01-16 00:00:00
TX_002179,CUST_0777,PROD_027,1,215.14,2025/08/25
TX_002180,CUST_0576,PROD_077,7,201.62,2025-11-06 00:00:00
TX_002181,CUST_0508,PROD_060,1,19.49,2025-02-25 00:00:00
TX_002182,CUST_0019,PROD_075,8,433.99,2025-02-03 00:00:00
TX_002183,CUST_0862,PROD_024,4,152.63,2025-01-16 00:00:00
TX_002184,CUST_0485,PROD_090,9,348.28,2025-10-10 00:00:00
TX_002185,CUST_0351,PROD_043,10,367.44,2025-10-23 00:00:00
TX_002186,CUST_0666,PROD_089,3,344.52,2025-10-09 00:00:00
TX_002187,CUST_0730,PROD_015,4,312.0,2025-02-28 00:00:00
TX_002188,CUST_0050,PROD_040,9,431.66,2025-05-01 00:00:00
TX_002189,CUST_0423,PROD_063,4,201.21,2025-10-16 00:00:00
TX_002190,CUST_0493,PROD_005,5,348.95,2025-07-30 00:00:00
TX_002191,CUST_0638,PROD_036,9,218.21,2025-09-03 00:00:00
TX_002192,CUST_0805,PROD_099,2,69.48,2025-07-24 00:00:00
TX_002193,CUST_0707,PROD_074,8,242.99,2025-01-20 00:00:00
TX_002194,CUST_0619,PROD_999,2,59.9,2025-05-18 00:00:00
TX_002195,CUST_0900,PROD_015,5,357.11,2025-12-26 00:00:00
TX_002196,CUST_0849,PROD_016,2,156.92,2025-01-16 00:00:00
TX_002197,CUST_0156,PROD_078,3,202.84,2025-01-12 00:00:00
TX_002198,CUST_0553,PROD_045,5,91.85,2025-07-23 00:00:00
TX_002199,CUST_0524,PROD_100,4,252.42,2025-02-15 00:00:00
TX_002200,CUST_0407,PROD_087,-1,139.98,2025-12-18 00:00:00
TX_002201,CUST_0726,PROD_055,1,9.39,2025-01-04 00:00:00
TX_002202,CUST_0848,PROD_018,3,250.79,2025-03-18 00:00:00
TX_002203,CUST_0771,PROD_061,5,345.06,2025/12/20
TX_002204,CUST_0912,PROD_027,7,399.93,2025-04-29 00:00:00
TX_002205,CUST_0114,PROD_042,8,15.63,2025-10-27 00:00:00
TX_002206,CUST_0175,PROD_047,1,274.08,2025-02-05 00:00:00
TX_002207,CUST_0532,PROD_097,1,124.07,2025-09-28 00:00:00
TX_002208,CUST_0387,PROD_061,8,21.79,2025-12-20 00:00:00
TX_002209,CUST_0678,PROD_074,6,438.76,2025-03-05 00:00:00
TX_002210,CUST_0728,PROD_079,7,216.73,2025-06-18 00:00:00
TX_002211,CUST_0975,PROD_090,6,423.15,2025-03-08 00:00:00
TX_002212,CUST_0016,PROD_015,7,483.59,2025-02-04 00:00:00
TX_002213,CUST_0555,PROD_075,5,350.07,2025-06-13 00:00:00
TX_002214,CUST_0241,PROD_092,4,277.65,2025-03-25 00:00:00
TX_002215,CUST_0997,PROD_088,1,31.25,2025/08/16
TX_002216,CUST_0212,PROD_092,10,145.52,2025-12-02 00:00:00
TX_002217,CUST_0154,PROD_031,1,428.94,2025-10-17 00:00:00
TX_002218,CUST_0591,PROD_091,4,160.12,2025-06-29 00:00:00
TX_002219,CUST_0414,PROD_062,3,338.88,2025-08-30 00:00:00
TX_002220,CUST_0817,PROD_072,2,331.47,2025-01-25 00:00:00
TX_002221,CUST_0668,PROD_082,8,475.54,2025/08/30
TX_002222,CUST_0267,PROD_094,2,418.72,2025-08-28 00:00:00
TX_002223,CUST_0569,PROD_093,1,246.38,2025-10-23 00:00:00
TX_002224,CUST_0245,PROD_052,5,131.02,2025-12-31 00:00:00
TX_002225,CUST_0494,PROD_074,8,184.8,2025-06-05 00:00:00
TX_002226,CUST_0032,PROD_094,9,459.04,2025-11-30 00:00:00
TX_002227,CUST_0379,PROD_093,8,485.39,2025-10-14 00:00:00
TX_002228,CUST_0706,PROD_008,8,282.36,2025-03-03 00:00:00
TX_002229,CUST_0354,PROD_013,3,47.84,2025-11-29 00:00:00
TX_002230,CUST_0064,PROD_021,3,206.06,2025-10-20 00:00:00
TX_002231,CUST_0838,PROD_053,1,78.46,2025-08-09 00:00:00
TX_002232,CUST_0417,PROD_028,10,325.06,2025-07-04 00:00:00
TX_002233,CUST_0825,PROD_086,9,71.13,2025-02-25 00:00:00
TX_002234,CUST_9999,PROD_999,8,9.77,2025-10-31 00:00:00
TX_002235,CUST_0096,PROD_063,9,389.47,2025-09-28 00:00:00
TX_002236,CUST_0854,PROD_091,7,376.97,2025-10-24 00:00:00
TX_002237,CUST_0072,PROD_066,4,140.12,2025-05-19 00:00:00
TX_002238,CUST_0892,PROD_039,9,222.93,2025-07-29 00:00:00
TX_002239,CUST_0840,PROD_061,5,338.23,2025-05-18 00:00:00
TX_002240,CUST_0905,PROD_061,7,183.42,2025/05/22
TX_002241,CUST_0329,PROD_058,10,139.37,2025-09-02 00:00:00
TX_002242,CUST_9999,PROD_006,4,157.13,2025-03-09 00:00:00
TX_002243,CUST_0896,PROD_051,10,495.89,2025/04/26
TX_002244,CUST_0797,PROD_033,6,90.06,2025-07-10 00:00:00
TX_002245,CUST_0021,PROD_092,1,499.55,2025-08-25 00:00:00
TX_002246,CUST_0081,PROD_030,6,47.84,2025-09-21 00:00:00
TX_002247,CUST_0557,PROD_096,8,187.21,2025-03-06 00:00:00
TX_002248,CUST_0988,PROD_074,10,491.8,2025-02-01 00:00:00
TX_002249,CUST_0430,PROD_099,7,302.24,2025-04-17 00:00:00
TX_002250,CUST_0473,PROD_034,3,78.98,2025-07-01 00:00:00
TX_002251,CUST_0473,PROD_029,8,338.71,2025-04-06 00:00:00
TX_002252,CUST_0209,PROD_030,8,413.15,2025-12-24 00:00:00
TX_002253,CUST_0640,PROD_027,5,468.12,2025-01-18 00:00:00
TX_002254,CUST_0548,PROD_030,4,342.99,2025-11-20 00:00:00
TX_002255,CUST_0432,PROD_047,7,319.14,2025-02-12 00:00:00
TX_002256,CUST_0026,PROD_029,8,55.01,2025-09-26 00:00:00
TX_002257,CUST_0762,PROD_088,2,241.37,2025-08-04 00:00:00
TX_002258,CUST_0034,PROD_084,7,151.42,2025-12-28 00:00:00
TX_002259,CUST_0296,PROD_063,9,396.82,2025-08-26 00:00:00
TX_002260,CUST_0593,PROD_027,3,316.47,2025-08-19 00:00:00
TX_002261,CUST_0878,PROD_047,10,106.07,2025-03-09 00:00:00
TX_002262,CUST_0078,PROD_059,10,455.54,2025-08-28 00:00:00
TX_002263,CUST_0446,PROD_011,6,16.31,2025/03/26
TX_002264,CUST_0862,PROD_047,2,342.06,2025-01-16 00:00:00
TX_002265,CUST_9999,PROD_095,9,205.37,2025-12-10 00:00:00
TX_002266,CUST_0938,PROD_039,8,211.69,2025-02-17 00:00:00
TX_002267,CUST_0878,PROD_072,10,182.4,2025/11/12
TX_002268,CUST_0474,PROD_024,5,77.59,2025-08-29 00:00:00
TX_002269,CUST_0667,PROD_098,7,124.8,2025-12-13 00:00:00
TX_002270,CUST_0850,PROD_078,5,309.47,2025-11-02 00:00:00
TX_002271,CUST_0713,PROD_096,5,210.31,2025-08-11 00:00:00
TX_002272,CUST_0407,PROD_008,9,247.85,2025/01/17
TX_002273,CUST_0187,PROD_999,3,369.47,2025-08-28 00:00:00
TX_002274,CUST_0771,PROD_096,3,178.71,2025-07-19 00:00:00
TX_002275,CUST_0381,PROD_094,4,146.12,2025-09-16 00:00:00
TX_002276,CUST_0134,PROD_051,1,399.49,2025-10-25 00:00:00
TX_002277,CUST_0620,PROD_056,7,361.4,2025-01-12 00:00:00
TX_002278,CUST_0316,PROD_039,8,387.91,2025-10-13 00:00:00
TX_002279,CUST_0405,PROD_066,6,308.95,2025-11-19 00:00:00
TX_002280,CUST_0883,PROD_079,1,301.74,2025/09/11
TX_002281,CUST_0750,PROD_072,2,12.17,2025-06-29 00:00:00
TX_002282,CUST_0557,PROD_074,5,131.2,2025-09-10 00:00:00
TX_002283,CUST_0479,PROD_099,9,441.68,2025-12-31 00:00:00
TX_002284,CUST_0062,PROD_050,7,175.66,2025-02-14 00:00:00
TX_002285,CUST_0621,PROD_057,2,298.74,2025-10-04 00:00:00
TX_002286,CUST_0561,PROD_034,6,26.48,2025-07-26 00:00:00
TX_002287,CUST_0084,PROD_096,6,33.59,2025/05/03
TX_002288,CUST_0799,PROD_078,3,136.28,2025-04-24 00:00:00
TX_002289,CUST_0734,PROD_052,10,168.34,2025-02-27 00:00:00
TX_002290,CUST_0729,PROD_031,9,228.68,2025-01-03 00:00:00
TX_002291,CUST_0677,PROD_054,10,148.92,2025/08/07
TX_002292,CUST_0121,PROD_052,5,223.44,2025-08-24 00:00:00
TX_002293,CUST_0251,PROD_011,7,45.13,2025-04-01 00:00:00
TX_002294,CUST_0487,PROD_088,7,350.88,2025-06-29 00:00:00
TX_002295,CUST_0089,PROD_090,2,321.04,2025/11/24
TX_002296,CUST_0620,PROD_067,10,114.7,2025-04-21 00:00:00
TX_002297,CUST_0852,PROD_085,7,5.63,2025-04-25 00:00:00
TX_002298,CUST_0001,PROD_004,3,295.13,2025-09-04 00:00:00
TX_002299,CUST_0217,PROD_004,2,96.26,2025-05-31 00:00:00
TX_002300,CUST_0194,PROD_012,6,281.67,2025-07-17 00:00:00
TX_002301,CUST_0186,PROD_078,10,386.51,2025-03-01 00:00:00
TX_002302,CUST_0766,PROD_046,6,64.8,2025-02-18 00:00:00
TX_002303,CUST_0456,PROD_074,7,268.47,2025-02-11 00:00:00
TX_002304,CUST_0393,PROD_001,9,10.68,2025-06-09 00:00:00
TX_002305,CUST_0418,PROD_097,9,454.05,2025/07/07
TX_002306,CUST_0208,PROD_011,3,481.61,2025-04-23 00:00:00
TX_002307,CUST_0399,PROD_046,3,481.05,2025-01-22 00:00:00
TX_002308,CUST_0544,PROD_007,4,241.61,2025/12/13
TX_002309,CUST_0602,PROD_072,6,195.75,2025-08-18 00:00:00
TX_002310,CUST_9999,PROD_009,3,453.03,2025-03-09 00:00:00
TX_002311,CUST_0122,PROD_076,6,471.88,2025-08-08 00:00:00
TX_002312,CUST_0345,PROD_071,7,28.79,2025/11/26
TX_002313,CUST_0249,PROD_017,4,438.03,2025-11-11 00:00:00
TX_002314,CUST_0401,PROD_042,6,293.94,2025-09-18 00:00:00
TX_002315,CUST_0278,PROD_020,4,61.94,2025-05-26 00:00:00
TX_002316,CUST_0882,PROD_089,9,352.05,2025-02-23 00:00:00
TX_002317,CUST_0793,PROD_074,7,430.79,2025-01-25 00:00:00
TX_002318,CUST_0705,PROD_009,3,378.49,2025-04-22 00:00:00
TX_002319,CUST_9999,PROD_036,2,471.01,2025-10-13 00:00:00
TX_002320,CUST_0834,PROD_070,2,347.44,2025-09-13 00:00:00
TX_002321,CUST_0484,PROD_073,6,135.49,2025-10-17 00:00:00
TX_002322,CUST_0828,PROD_999,6,415.17,2025/09/14
TX_002323,CUST_0936,PROD_051,7,299.09,2025-04-23 00:00:00
TX_002324,CUST_0714,PROD_006,8,132.66,2025-11-08 00:00:00
TX_002325,CUST_0294,PROD_085,1,148.73,2025-07-03 00:00:00
TX_002326,CUST_0908,PROD_023,6,424.75,2025-12-12 00:00:00
TX_002327,CUST_0931,PROD_050,10,47.36,2025-11-04 00:00:00
TX_002328,CUST_0197,PROD_037,8,73.8,2025-11-19 00:00:00
TX_002329,CUST_0602,PROD_049,9,163.48,2025-01-08 00:00:00
TX_002330,CUST_0794,PROD_058,7,46.98,2025-07-19 00:00:00
TX_002331,CUST_0818,PROD_099,4,157.68,2025-09-25 00:00:00
TX_002332,CUST_0820,PROD_077,7,244.14,2025-01-24 00:00:00
TX_002333,CUST_0323,PROD_096,8,411.65,2025/06/01
TX_002334,CUST_0746,PROD_064,3,107.11,2025-03-17 00:00:00
TX_002335,CUST_0416,PROD_044,7,416.42,2025-01-01 00:00:00
TX_002336,CUST_0633,PROD_009,8,93.98,2025-07-05 00:00:00
TX_002337,CUST_0308,PROD_999,6,454.56,2025-04-27 00:00:00
TX_002338,CUST_0386,PROD_066,5,188.88,2025/07/31
TX_002339,CUST_0471,PROD_020,4,78.96,2025-12-31 00:00:00
TX_002340,CUST_0301,PROD_075,5,458.63,2025-04-26 00:00:00
TX_002341,CUST_0568,PROD_083,2,144.11,2025-01-16 00:00:00
TX_002342,CUST_0995,PROD_034,4,342.05,2025-11-22 00:00:00
TX_002343,CUST_0310,PROD_039,1,379.38,2025-02-19 00:00:00
TX_002344,CUST_0302,PROD_028,8,313.24,2025-10-17 00:00:00
TX_002345,CUST_0166,PROD_084,1,480.26,2025-12-15 00:00:00
TX_002346,CUST_0637,PROD_053,6,496.72,2025-09-23 00:00:00
TX_002347,CUST_0892,PROD_087,6,184.0,2025-08-31 00:00:00
TX_002348,CUST_0711,PROD_054,4,384.79,2025-06-03 00:00:00
TX_002349,CUST_0295,PROD_097,8,412.86,2025-03-18 00:00:00
TX_002350,CUST_0381,PROD_042,4,166.83,2025-02-04 00:00:00
TX_002351,CUST_0383,PROD_043,1,492.53,2025-05-09 00:00:00
TX_002352,CUST_0383,PROD_061,3,8.52,2025-05-15 00:00:00
TX_002353,CUST_0778,PROD_091,1,268.48,2025-10-04 00:00:00
TX_002354,CUST_0658,PROD_065,8,44.12,2025-12-07 00:00:00
TX_002355,CUST_0642,PROD_088,4,359.81,2025-07-19 00:00:00
TX_002356,CUST_0211,PROD_097,3,201.09,2025-02-18 00:00:00
TX_002357,CUST_0606,PROD_011,5,396.22,2025-05-15 00:00:00
TX_002358,CUST_0250,PROD_999,7,45.4,2025-05-27 00:00:00
TX_002359,CUST_0783,PROD_046,8,159.38,2025-04-15 00:00:00
TX_002360,CUST_0981,PROD_016,6,117.26,2025-05-05 00:00:00
TX_002361,CUST_0924,PROD_056,10,236.36,2025/02/17
TX_002362,CUST_0422,PROD_039,4,150.77,2025-11-04 00:00:00
TX_002363,CUST_0729,PROD_092,7,315.31,2025-09-29 00:00:00
TX_002364,CUST_0976,PROD_007,3,62.22,2025-10-21 00:00:00
TX_002365,CUST_0523,PROD_056,4,259.91,2025-09-09 00:00:00
TX_002366,CUST_0093,PROD_027,4,63.17,2025-03-27 00:00:00
TX_002367,CUST_0659,PROD_006,8,11.82,2025-08-19 00:00:00
TX_002368,CUST_0640,PROD_095,9,113.08,2025-07-22 00:00:00
TX_002369,CUST_0966,PROD_064,5,8.16,2025-01-10 00:00:00
TX_002370,CUST_0724,PROD_001,8,191.92,2025-03-13 00:00:00
TX_002371,CUST_0317,PROD_024,9,67.89,2025-10-25 00:00:00
TX_002372,CUST_0851,PROD_069,3,242.98,2025-05-14 00:00:00
TX_002373,CUST_0536,PROD_028,10,106.97,2025-01-06 00:00:00
TX_002374,CUST_0738,PROD_056,10,87.22,2025-01-19 00:00:00
TX_002375,CUST_0814,PROD_035,9,179.4,2025/04/29
TX_002376,CUST_0542,PROD_044,9,406.63,2025-05-22 00:00:00
TX_002377,CUST_0188,PROD_067,5,490.82,2025-08-10 00:00:00
TX_002378,CUST_0536,PROD_004,7,375.93,2025-08-28 00:00:00
TX_002379,CUST_0039,PROD_091,4,395.7,2025-05-10 00:00:00
TX_002380,CUST_0171,PROD_094,6,291.8,2025-07-05 00:00:00
TX_002381,CUST_0763,PROD_034,3,41.26,2025-05-07 00:00:00
TX_002382,CUST_0214,PROD_053,4,455.25,2025-07-21 00:00:00
TX_002383,CUST_0360,PROD_055,9,248.72,2025-09-07 00:00:00
TX_002384,CUST_0871,PROD_100,5,49.2,2025-05-12 00:00:00
TX_002385,CUST_0709,PROD_072,1,480.17,2025-12-01 00:00:00
TX_002386,CUST_0886,PROD_017,4,104.24,2025/11/07
TX_002387,CUST_0832,PROD_004,1,51.52,2025-02-11 00:00:00
TX_002388,CUST_0631,PROD_001,5,145.11,2025-04-12 00:00:00
TX_002389,CUST_0321,PROD_034,10,303.84,2025/02/14
TX_002390,CUST_0807,PROD_050,5,413.63,2025-12-27 00:00:00
TX_002391,CUST_0184,PROD_062,4,267.51,2025-01-14 00:00:00
TX_002392,CUST_0781,PROD_030,7,228.78,2025-01-19 00:00:00
TX_002393,CUST_0093,PROD_098,4,231.74,2025-08-10 00:00:00
TX_002394,CUST_0118,PROD_050,10,285.12,2025-03-23 00:00:00
TX_002395,CUST_0961,PROD_097,6,184.15,2025-12-16 00:00:00
TX_002396,CUST_0360,PROD_016,2,342.24,2025-06-07 00:00:00
TX_002397,CUST_0956,PROD_027,3,366.43,2025/07/31
TX_002398,CUST_0869,PROD_053,9,278.15,2025-10-02 00:00:00
TX_002399,CUST_0861,PROD_005,9,174.8,2025-11-06 00:00:00
TX_002400,CUST_0986,PROD_062,-1,431.69,2025-10-30 00:00:00
TX_002401,CUST_0399,PROD_053,5,139.41,2025/09/12
TX_002402,CUST_0308,PROD_064,7,443.09,2025-06-29 00:00:00
TX_002403,CUST_0541,PROD_067,8,329.63,2025-07-18 00:00:00
TX_002404,CUST_0543,PROD_096,2,177.69,2025-11-18 00:00:00
TX_002405,CUST_0908,PROD_041,1,359.87,2025-03-08 00:00:00
TX_002406,CUST_0495,PROD_022,10,325.49,2025-10-14 00:00:00
TX_002407,CUST_0816,PROD_030,10,133.06,2025-01-14 00:00:00
TX_002408,CUST_0716,PROD_005,8,264.86,2025-07-11 00:00:00
TX_002409,CUST_0762,PROD_075,4,97.33,2025-11-07 00:00:00
TX_002410,CUST_0778,PROD_095,9,26.24,2025-05-22 00:00:00
TX_002411,CUST_0454,PROD_008,5,48.24,2025-01-01 00:00:00
TX_002412,CUST_0362,PROD_091,5,420.02,2025-06-10 00:00:00
TX_002413,CUST_0290,PROD_067,4,435.33,2025-08-20 00:00:00
TX_002414,CUST_0414,PROD_051,8,144.16,2025-08-07 00:00:00
TX_002415,CUST_0808,PROD_096,1,127.58,2025-03-11 00:00:00
TX_002416,CUST_0972,PROD_043,10,77.59,2025-01-28 00:00:00
TX_002417,CUST_0581,PROD_009,1,439.18,2025-01-11 00:00:00
TX_002418,CUST_0092,PROD_069,2,342.62,2025-11-02 00:00:00
TX_002419,CUST_0538,PROD_060,8,285.06,2025-08-29 00:00:00
TX_002420,CUST_0484,PROD_003,7,48.16,2025-05-09 00:00:00
TX_002421,CUST_0761,PROD_061,9,297.07,2025/06/24
TX_002422,CUST_0705,PROD_099,3,207.9,2025-04-06 00:00:00
TX_002423,CUST_0827,PROD_061,6,219.19,2025/08/29
TX_002424,CUST_0246,PROD_077,3,123.38,2025-07-24 00:00:00
TX_002425,CUST_0225,PROD_063,8,130.51,2025-11-03 00:00:00
TX_002426,CUST_0610,PROD_014,4,455.07,2025-05-08 00:00:00
TX_002427,CUST_0914,PROD_999,9,390.36,2025-01-06 00:00:00
TX_002428,CUST_0092,PROD_097,7,423.29,2025-07-06 00:00:00
TX_002429,CUST_0876,PROD_064,1,482.98,2025-09-28 00:00:00
TX_002430,CUST_0618,PROD_094,5,258.58,2025-04-11 00:00:00
TX_002431,CUST_0720,PROD_056,6,331.67,2025-12-20 00:00:00
TX_002432,CUST_0538,PROD_062,3,259.47,2025/11/11
TX_002433,CUST_0926,PROD_065,4,396.97,2025-07-19 00:00:00
TX_002434,CUST_0170,PROD_096,9,166.18,2025-11-16 00:00:00
TX_002435,CUST_0535,PROD_006,9,283.17,2025-10-21 00:00:00
TX_002436,CUST_0442,PROD_024,1,233.28,2025-07-10 00:00:00
TX_002437,CUST_0701,PROD_080,10,391.71,2025-03-05 00:00:00
TX_002438,CUST_0078,PROD_078,10,330.91,2025-07-25 00:00:00
TX_002439,CUST_0339,PROD_046,7,179.55,2025-01-02 00:00:00
TX_002440,CUST_0241,PROD_036,1,403.13,2025-12-16 00:00:00
TX_002441,CUST_0053,PROD_081,10,181.85,2025-02-17 00:00:00
TX_002442,CUST_0009,PROD_017,4,43.8,2025-09-30 00:00:00
TX_002443,CUST_0788,PROD_017,1,153.97,2025-03-05 00:00:00
TX_002444,CUST_0487,PROD_008,6,152.17,2025-05-28 00:00:00
TX_002445,CUST_0736,PROD_063,10,226.3,2025-04-15 00:00:00
TX_002446,CUST_0308,PROD_092,6,320.85,2025-06-17 00:00:00
TX_002447,CUST_0768,PROD_069,3,245.58,2025-12-14 00:00:00
TX_002448,CUST_0283,PROD_036,3,295.51,2025-02-20 00:00:00
TX_002449,CUST_0743,PROD_060,7,388.13,2025-09-27 00:00:00
TX_002450,CUST_0694,PROD_032,0,31.55,2025-09-20 00:00:00
TX_002451,CUST_0673,PROD_034,9,229.47,2025-02-22 00:00:00
TX_002452,CUST_0603,PROD_037,10,371.03,2026-01-01 00:00:00
TX_002453,CUST_0279,PROD_037,7,357.36,2025-01-22 00:00:00
TX_002454,CUST_0909,PROD_053,10,465.49,2025-06-27 00:00:00
TX_002455,CUST_0431,PROD_043,9,257.84,2025-02-01 00:00:00
TX_002456,CUST_0313,PROD_100,6,153.51,2025-08-20 00:00:00
TX_002457,CUST_0557,PROD_024,6,145.52,2025-12-29 00:00:00
TX_002458,CUST_0917,PROD_037,10,407.06,2025-05-08 00:00:00
TX_002459,CUST_0079,PROD_999,1,356.79,2025-06-19 00:00:00
TX_002460,CUST_0583,PROD_040,10,345.55,2025-08-02 00:00:00
TX_002461,CUST_0217,PROD_017,4,340.48,2025-06-24 00:00:00
TX_002462,CUST_0328,PROD_043,6,295.13,2025-06-25 00:00:00
TX_002463,CUST_0923,PROD_034,10,368.45,2025-01-11 00:00:00
TX_002464,CUST_0318,PROD_020,8,78.03,2025-09-05 00:00:00
TX_002465,CUST_0129,PROD_048,2,348.25,2025-04-14 00:00:00
TX_002466,CUST_0102,PROD_037,6,171.51,2025-05-04 00:00:00
TX_002467,CUST_0689,PROD_047,7,401.7,2025-03-04 00:00:00
TX_002468,CUST_0440,PROD_085,8,351.18,2025-08-01 00:00:00
TX_002469,CUST_0730,PROD_039,10,50.37,2025-09-15 00:00:00
TX_002470,CUST_0602,PROD_061,2,188.43,2025-06-18 00:00:00
TX_002471,CUST_0325,PROD_092,10,231.11,2025-04-29 00:00:00
TX_002472,CUST_0095,PROD_079,4,435.82,2025-12-09 00:00:00
TX_002473,CUST_0718,PROD_004,2,21.54,2025-07-10 00:00:00
TX_002474,CUST_0161,PROD_048,4,90.74,2025-03-24 00:00:00
TX_002475,CUST_0389,PROD_094,4,355.27,2025-10-20 00:00:00
TX_002476,CUST_0088,PROD_001,4,273.95,2025-11-22 00:00:00
TX_002477,CUST_0129,PROD_079,4,266.47,2025-05-26 00:00:00
TX_002478,CUST_0204,PROD_053,8,218.98,2025-05-08 00:00:00
TX_002479,CUST_0277,PROD_070,4,152.99,2025/12/25
TX_002480,CUST_0829,PROD_062,5,78.71,2025-07-31 00:00:00
TX_002481,CUST_0528,PROD_072,4,384.42,2025-03-27 00:00:00
TX_002482,CUST_0890,PROD_057,10,393.52,2025-06-17 00:00:00
TX_002483,CUST_0972,PROD_039,5,306.65,2025-03-28 00:00:00
TX_002484,CUST_0181,PROD_033,7,408.65,2025-04-22 00:00:00
TX_002485,CUST_0686,PROD_042,6,405.0,2025-07-26 00:00:00
TX_002486,CUST_0572,PROD_999,3,315.17,2025-10-26 00:00:00
TX_002487,CUST_0769,PROD_076,7,198.28,2025-12-08 00:00:00
TX_002488,CUST_0250,PROD_069,3,420.69,2025-10-23 00:00:00
TX_002489,CUST_0280,PROD_072,8,73.0,2025-01-27 00:00:00
TX_002490,CUST_0996,PROD_100,5,31.35,2025-07-18 00:00:00
TX_002491,CUST_0848,PROD_039,9,482.01,2025-09-11 00:00:00
TX_002492,CUST_0544,PROD_042,10,195.6,2025-06-16 00:00:00
TX_002493,CUST_0818,PROD_086,6,413.71,2025-08-24 00:00:00
TX_002494,CUST_0005,PROD_046,6,38.22,2025-03-09 00:00:00
TX_002495,CUST_0981,PROD_034,5,470.62,2025-05-16 00:00:00
TX_002496,CUST_0460,PROD_005,6,208.49,2025-05-11 00:00:00
TX_002497,CUST_0515,PROD_023,1,35.42,2025/03/19
TX_002498,CUST_0884,PROD_059,2,433.4,2025/03/12
TX_002499,CUST_0190,PROD_068,6,336.98,2025/12/03
TX_002500,CUST_0767,PROD_031,4,161.72,2025-10-08 00:00:00
TX_002501,CUST_0539,PROD_024,3,356.24,2025-09-14 00:00:00
TX_002502,CUST_0867,PROD_027,3,427.83,2025-12-10 00:00:00
TX_002503,CUST_0572,PROD_027,9,52.42,2025/07/25
TX_002504,CUST_0159,PROD_063,1,23.89,2025-03-19 00:00:00
TX_002505,CUST_0548,PROD_084,5,292.29,2025-07-28 00:00:00
TX_002506,CUST_0684,PROD_061,1,353.13,2025-06-29 00:00:00
TX_002507,CUST_0232,PROD_028,6,452.27,2025-09-15 00:00:00
TX_002508,CUST_0013,PROD_062,6,66.13,2025-01-21 00:00:00
TX_002509,CUST_9999,PROD_018,2,203.72,2025-10-28 00:00:00
TX_002510,CUST_0412,PROD_015,5,499.18,2025-05-03 00:00:00
TX_002511,CUST_0581,PROD_079,3,224.52,2025-05-08 00:00:00
TX_002512,CUST_0871,PROD_051,1,91.89,2025-04-14 00:00:00
TX_002513,CUST_0729,PROD_003,7,382.6,2025-05-09 00:00:00
TX_002514,CUST_0307,PROD_018,1,338.85,2025-07-27 00:00:00
TX_002515,CUST_0118,PROD_093,6,60.8,2025-01-04 00:00:00
TX_002516,CUST_0895,PROD_006,7,291.63,2025-06-13 00:00:00
TX_002517,CUST_0146,PROD_011,9,50.2,2025-07-16 00:00:00
TX_002518,CUST_0415,PROD_031,6,400.72,2025-04-07 00:00:00
TX_002519,CUST_0474,PROD_999,6,139.96,2025-05-25 00:00:00
TX_002520,CUST_0168,PROD_054,6,239.17,2025-01-29 00:00:00
TX_002521,CUST_0386,PROD_014,9,117.47,2025-03-17 00:00:00
TX_002522,CUST_0543,PROD_068,6,315.9,2025-12-17 00:00:00
TX_002523,CUST_0051,PROD_005,5,39.07,2025-12-01 00:00:00
TX_002524,CUST_0625,PROD_005,6,53.77,2025-11-07 00:00:00
TX_002525,CUST_0748,PROD_029,7,105.53,2025/05/02
TX_002526,CUST_0755,PROD_025,8,351.78,2025/01/28
TX_002527,CUST_0578,PROD_099,5,120.48,2025/08/18
TX_002528,CUST_0197,PROD_002,5,223.21,2025-02-26 00:00:00
TX_002529,CUST_0348,PROD_088,4,431.99,2025-11-18 00:00:00
TX_002530,CUST_0190,PROD_070,6,193.44,2025-02-25 00:00:00
TX_002531,CUST_0768,PROD_078,2,249.32,2025-05-02 00:00:00
TX_002532,CUST_0490,PROD_090,2,490.61,2025-12-18 00:00:00
TX_002533,CUST_0172,PROD_078,9,98.66,2025/11/30
TX_002534,CUST_0770,PROD_064,1,261.97,2026-01-01 00:00:00
TX_002535,CUST_0089,PROD_091,5,464.4,2025-07-01 00:00:00
TX_002536,CUST_0685,PROD_048,8,15.62,2025-09-12 00:00:00
TX_002537,CUST_0756,PROD_999,5,199.02,2025-01-07 00:00:00
TX_002538,CUST_0657,PROD_084,3,227.83,2025-10-25 00:00:00
TX_002539,CUST_0054,PROD_081,7,394.88,2025-02-03 00:00:00
TX_002540,CUST_0041,PROD_004,10,443.64,2025-04-23 00:00:00
TX_002541,CUST_9999,PROD_076,5,422.94,2025-01-02 00:00:00
TX_002542,CUST_0958,PROD_026,3,252.3,2025-07-27 00:00:00
TX_002543,CUST_0706,PROD_086,9,233.61,2025-09-09 00:00:00
TX_002544,CUST_0174,PROD_076,8,71.4,2025-07-17 00:00:00
TX_002545,CUST_0206,PROD_043,7,325.5,2025-11-04 00:00:00
TX_002546,CUST_0058,PROD_058,4,319.69,2025-11-01 00:00:00
TX_002547,CUST_0230,PROD_022,3,23.27,2025-03-03 00:00:00
TX_002548,CUST_0492,PROD_094,10,467.21,2025-12-06 00:00:00
TX_002549,CUST_0358,PROD_007,8,181.68,2025-08-06 00:00:00
TX_002550,CUST_0853,PROD_025,6,272.96,2025-10-10 00:00:00
TX_002551,CUST_0902,PROD_058,5,252.07,2025-11-07 00:00:00
TX_002552,CUST_0683,PROD_040,4,270.84,2025-07-10 00:00:00
TX_002553,CUST_0962,PROD_023,6,76.57,2025-01-19 00:00:00
TX_002554,CUST_0127,PROD_033,7,322.0,2025-03-05 00:00:00
TX_002555,CUST_0230,PROD_073,7,481.27,2025-10-22 00:00:00
TX_002556,CUST_0077,PROD_010,4,383.5,2025-09-02 00:00:00
TX_002557,CUST_0806,PROD_066,8,190.09,2025-05-01 00:00:00
TX_002558,CUST_0868,PROD_007,3,301.12,2025-05-22 00:00:00
TX_002559,CUST_0520,PROD_016,2,97.22,2025-03-22 00:00:00
TX_002560,CUST_0404,PROD_048,2,228.77,2025-10-20 00:00:00
TX_002561,CUST_0282,PROD_011,8,324.17,2025-09-19 00:00:00
TX_002562,CUST_0017,PROD_073,5,344.4,2025-08-13 00:00:00
TX_002563,CUST_0114,PROD_062,8,363.76,2025/10/16
TX_002564,CUST_0152,PROD_086,5,109.78,2025-11-25 00:00:00
TX_002565,CUST_0089,PROD_010,2,346.52,2025-09-11 00:00:00
TX_002566,CUST_0289,PROD_059,3,29.83,2025-05-20 00:00:00
TX_002567,CUST_0386,PROD_090,6,228.1,2025-06-30 00:00:00
TX_002568,CUST_0526,PROD_074,2,206.43,2025-07-13 00:00:00
TX_002569,CUST_0010,PROD_069,6,165.63,2025-07-24 00:00:00
TX_002570,CUST_0559,PROD_014,1,394.0,2025/02/04
TX_002571,CUST_0997,PROD_076,8,133.92,2025-04-09 00:00:00
TX_002572,CUST_0308,PROD_001,2,426.15,2025-02-06 00:00:00
TX_002573,CUST_0852,PROD_080,2,110.99,2025-03-21 00:00:00
TX_002574,CUST_0503,PROD_042,4,266.69,2025-09-15 00:00:00
TX_002575,CUST_0183,PROD_064,1,428.27,2025-06-03 00:00:00
TX_002576,CUST_0190,PROD_053,5,421.57,2025-12-18 00:00:00
TX_002577,CUST_0685,PROD_037,7,494.63,2025-01-02 00:00:00
TX_002578,CUST_0473,PROD_033,7,313.38,2025-12-23 00:00:00
TX_002579,CUST_0583,PROD_999,2,376.62,2025-05-07 00:00:00
TX_002580,CUST_0789,PROD_008,10,463.33,2025-05-13 00:00:00
TX_002581,CUST_0104,PROD_032,10,265.12,2025/02/09
TX_002582,CUST_0733,PROD_025,6,71.06,2025-05-13 00:00:00
TX_002583,CUST_0364,PROD_999,3,86.9,2025-11-21 00:00:00
TX_002584,CUST_0138,PROD_006,10,172.03,2025-05-10 00:00:00
TX_002585,CUST_0688,PROD_025,4,338.69,2025-08-11 00:00:00
TX_002586,CUST_0026,PROD_044,10,401.06,2025-02-04 00:00:00
TX_002587,CUST_0655,PROD_057,10,53.96,2025-07-11 00:00:00
TX_002588,CUST_0122,PROD_023,5,298.36,2025/03/29
TX_002589,CUST_0238,PROD_014,5,84.22,2025-10-26 00:00:00
TX_002590,CUST_0232,PROD_037,1,376.78,2025-04-21 00:00:00
TX_002591,CUST_0813,PROD_075,4,292.34,2025-05-26 00:00:00
TX_002592,CUST_0316,PROD_999,2,415.28,2025/12/30
TX_002593,CUST_0088,PROD_080,9,325.07,2025-12-26 00:00:00
TX_002594,CUST_0801,PROD_080,5,274.16,2025-12-20 00:00:00
TX_002595,CUST_0256,PROD_050,8,444.02,2025-06-17 00:00:00
TX_002596,CUST_0853,PROD_035,10,66.26,2025-06-10 00:00:00
TX_002597,CUST_0233,PROD_004,2,53.7,2025-02-01 00:00:00
TX_002598,CUST_0446,PROD_052,9,384.91,2025-05-01 00:00:00
TX_002599,CUST_0026,PROD_019,5,200.3,2025-07-21 00:00:00
TX_002600,CUST_0498,PROD_021,-1,9.96,2025-03-13 00:00:00
TX_002601,CUST_0519,PROD_069,7,223.3,2025-01-21 00:00:00
TX_002602,CUST_0061,PROD_018,10,459.76,2025-04-12 00:00:00
TX_002603,CUST_0552,PROD_055,7,455.43,2025/06/04
TX_002604,CUST_0028,PROD_018,2,24.66,2025-11-29 00:00:00
TX_002605,CUST_0107,PROD_028,1,441.82,2025-07-09 00:00:00
TX_002606,CUST_9999,PROD_097,10,358.77,2025-09-10 00:00:00
TX_002607,CUST_0947,PROD_018,6,141.87,2025-08-10 00:00:00
TX_002608,CUST_0895,PROD_086,9,298.34,2025-04-17 00:00:00
TX_002609,CUST_0890,PROD_097,4,292.56,2025-06-13 00:00:00
TX_002610,CUST_0212,PROD_022,9,290.4,2025-07-15 00:00:00
TX_002611,CUST_0341,PROD_059,9,327.2,2025/09/22
TX_002612,CUST_0082,PROD_084,4,179.38,2025-08-22 00:00:00
TX_002613,CUST_0753,PROD_010,2,364.11,2025-12-16 00:00:00
TX_002614,CUST_0166,PROD_041,4,159.67,2025-08-28 00:00:00
TX_002615,CUST_0962,PROD_084,1,250.33,2025/07/11
TX_002616,CUST_0610,PROD_085,10,306.66,2025-07-24 00:00:00
TX_002617,CUST_0774,PROD_091,7,67.0,2025-02-06 00:00:00
TX_002618,CUST_0667,PROD_046,2,307.39,2025-05-12 00:00:00
TX_002619,CUST_0570,PROD_021,6,293.44,2025-06-22 00:00:00
TX_002620,CUST_0387,PROD_096,6,308.11,2025-06-29 00:00:00
TX_002621,CUST_0427,PROD_046,2,460.76,2025-12-27 00:00:00
TX_002622,CUST_0842,PROD_044,2,337.9,2025-08-08 00:00:00
TX_002623,CUST_0021,PROD_043,1,129.65,2025-09-09 00:00:00
TX_002624,CUST_0292,PROD_034,3,212.81,2025-12-26 00:00:00
TX_002625,CUST_0955,PROD_006,4,442.34,2025-12-14 00:00:00
TX_002626,CUST_0230,PROD_011,8,36.25,2025-09-27 00:00:00
TX_002627,CUST_0472,PROD_040,8,372.15,2025-06-13 00:00:00
TX_002628,CUST_0246,PROD_021,8,375.86,2025-10-25 00:00:00
TX_002629,CUST_0995,PROD_028,2,48.4,2025-11-07 00:00:00
TX_002630,CUST_0216,PROD_069,9,204.36,2025/05/04
TX_002631,CUST_0685,PROD_075,5,338.3,2025/01/14
TX_002632,CUST_0196,PROD_003,4,353.97,2025-06-02 00:00:00
TX_002633,CUST_0190,PROD_006,3,38.52,2025-03-20 00:00:00
TX_002634,CUST_0049,PROD_058,1,71.68,2025-05-15 00:00:00
TX_002635,CUST_0964,PROD_083,4,95.94,2025-02-02 00:00:00
TX_002636,CUST_0980,PROD_002,4,334.05,2025-01-11 00:00:00
TX_002637,CUST_0706,PROD_093,4,156.86,2025-03-08 00:00:00
TX_002638,CUST_0136,PROD_003,5,422.51,2025/01/01
TX_002639,CUST_0227,PROD_031,6,186.36,2025-08-22 00:00:00
TX_002640,CUST_0968,PROD_019,3,341.11,2025-11-02 00:00:00
TX_002641,CUST_0951,PROD_011,8,192.0,2025-02-09 00:00:00
TX_002642,CUST_0902,PROD_059,8,214.64,2025-08-13 00:00:00
TX_002643,CUST_0446,PROD_060,2,68.75,2025-04-20 00:00:00
TX_002644,CUST_0458,PROD_083,3,25.65,2025-09-17 00:00:00
TX_002645,CUST_0740,PROD_033,6,174.08,2025-09-14 00:00:00
TX_002646,CUST_0174,PROD_059,4,143.87,2025-10-03 00:00:00
TX_002647,CUST_0503,PROD_075,7,390.54,2025/12/13
TX_002648,CUST_0220,PROD_063,6,257.45,2025-11-14 00:00:00
TX_002649,CUST_0667,PROD_051,3,21.32,2025-05-23 00:00:00
TX_002650,CUST_0483,PROD_058,2,338.76,2025-06-11 00:00:00
TX_002651,CUST_0467,PROD_054,8,9.17,2025-01-28 00:00:00
TX_002652,CUST_0153,PROD_026,8,281.67,2025-05-23 00:00:00
TX_002653,CUST_0710,PROD_084,6,360.9,2025-04-23 00:00:00
TX_002654,CUST_0074,PROD_067,10,340.38,2025-08-22 00:00:00
TX_002655,CUST_0338,PROD_094,3,487.6,2025-02-24 00:00:00
TX_002656,CUST_0080,PROD_018,1,463.16,2025-01-12 00:00:00
TX_002657,CUST_0101,PROD_009,2,392.23,2025-06-01 00:00:00
TX_002658,CUST_0752,PROD_069,1,446.79,2025/05/24
TX_002659,CUST_0637,PROD_053,8,45.5,2025-08-03 00:00:00
TX_002660,CUST_0888,PROD_038,5,412.74,2025/09/12
TX_002661,CUST_0849,PROD_015,1,489.93,2025-09-15 00:00:00
TX_002662,CUST_0473,PROD_042,8,389.4,2025-12-21 00:00:00
TX_002663,CUST_0060,PROD_018,5,420.85,2025-12-04 00:00:00
TX_002664,CUST_0989,PROD_033,10,406.59,2025/12/14
TX_002665,CUST_0117,PROD_030,9,491.39,2025-08-26 00:00:00
TX_002666,CUST_0040,PROD_074,3,134.26,2025-10-21 00:00:00
TX_002667,CUST_0579,PROD_016,2,464.9,2025-12-15 00:00:00
TX_002668,CUST_0873,PROD_037,4,72.27,2025-02-12 00:00:00
TX_002669,CUST_0777,PROD_013,9,394.64,2025-03-27 00:00:00
TX_002670,CUST_0973,PROD_032,5,124.81,2025-08-24 00:00:00
TX_002671,CUST_0317,PROD_049,8,151.53,2025-12-19 00:00:00
TX_002672,CUST_0646,PROD_084,3,106.72,2025-02-07 00:00:00
TX_002673,CUST_0137,PROD_004,3,18.75,2025-01-06 00:00:00
TX_002674,CUST_0824,PROD_027,1,393.11,2025-07-04 00:00:00
TX_002675,CUST_0634,PROD_083,7,393.17,2025-08-13 00:00:00
TX_002676,CUST_0749,PROD_072,5,336.54,2025-06-11 00:00:00
TX_002677,CUST_0839,PROD_088,6,335.7,2025-11-15 00:00:00
TX_002678,CUST_0554,PROD_053,2,269.3,2025-06-18 00:00:00
TX_002679,CUST_0649,PROD_020,7,267.33,2025-11-25 00:00:00
TX_002680,CUST_0219,PROD_079,10,409.43,2025-12-03 00:00:00
TX_002681,CUST_0393,PROD_045,9,188.37,2025-04-28 00:00:00
TX_002682,CUST_0423,PROD_095,6,438.57,2025-03-29 00:00:00
TX_002683,CUST_0058,PROD_064,6,27.56,2025-09-12 00:00:00
TX_002684,CUST_0924,PROD_047,5,395.24,2025-05-31 00:00:00
TX_002685,CUST_0575,PROD_061,8,246.89,2025-05-10 00:00:00
TX_002686,CUST_0800,PROD_076,4,21.79,2025-08-07 00:00:00
TX_002687,CUST_0891,PROD_999,10,268.38,2025-09-19 00:00:00
TX_002688,CUST_0890,PROD_095,8,185.26,2025-07-06 00:00:00
TX_002689,CUST_0467,PROD_072,6,452.09,2025-05-29 00:00:00
TX_002690,CUST_0207,PROD_003,5,17.06,2025-03-22 00:00:00
TX_002691,CUST_0726,PROD_078,7,26.54,2025/08/11
TX_002692,CUST_0456,PROD_081,5,237.02,2025-08-14 00:00:00
TX_002693,CUST_0279,PROD_014,8,151.84,2025-03-05 00:00:00
TX_002694,CUST_0446,PROD_008,4,376.01,2025-12-21 00:00:00
TX_002695,CUST_0530,PROD_020,8,280.62,2025-07-03 00:00:00
TX_002696,CUST_0876,PROD_064,10,455.61,2025-10-19 00:00:00
TX_002697,CUST_0628,PROD_096,6,357.07,2025-07-01 00:00:00
TX_002698,CUST_0238,PROD_093,4,364.2,2025-09-10 00:00:00
TX_002699,CUST_0295,PROD_014,9,118.15,2025-03-16 00:00:00
TX_002700,CUST_0049,PROD_077,4,200.1,2025-12-07 00:00:00
TX_002701,CUST_0210,PROD_035,1,384.39,2025-05-22 00:00:00
TX_002702,CUST_0798,PROD_047,2,44.98,2025-10-10 00:00:00
TX_002703,CUST_0252,PROD_045,1,469.17,2025-12-29 00:00:00
TX_002704,CUST_0332,PROD_100,5,341.19,2025-06-23 00:00:00
TX_002705,CUST_0277,PROD_054,8,243.35,2025-05-20 00:00:00
TX_002706,CUST_0652,PROD_028,4,410.86,2025-08-22 00:00:00
TX_002707,CUST_0903,PROD_028,10,212.02,2025-10-24 00:00:00
TX_002708,CUST_0706,PROD_002,3,192.78,2025-09-08 00:00:00
TX_002709,CUST_0528,PROD_081,5,477.11,2025-12-23 00:00:00
TX_002710,CUST_0784,PROD_044,4,437.92,2025-02-04 00:00:00
TX_002711,CUST_0510,PROD_004,6,94.85,2025-10-14 00:00:00
TX_002712,CUST_0929,PROD_086,10,494.13,2025-01-27 00:00:00
TX_002713,CUST_0478,PROD_030,2,491.29,2025-11-10 00:00:00
TX_002714,CUST_0564,PROD_095,5,261.01,2025-01-27 00:00:00
TX_002715,CUST_0930,PROD_048,10,321.26,2025/12/23
TX_002716,CUST_0038,PROD_999,1,238.67,2025/03/30
TX_002717,CUST_0979,PROD_021,2,263.61,2025-05-23 00:00:00
TX_002718,CUST_0663,PROD_099,1,70.05,2025/04/18
TX_002719,CUST_0952,PROD_015,8,183.59,2025/11/14
TX_002720,CUST_0029,PROD_071,9,271.52,2025-08-11 00:00:00
TX_002721,CUST_0580,PROD_060,6,10.83,2025-05-24 00:00:00
TX_002722,CUST_0050,PROD_066,9,214.48,2025-11-29 00:00:00
TX_002723,CUST_0993,PROD_088,9,172.35,2025-01-03 00:00:00
TX_002724,CUST_0199,PROD_006,5,311.21,2025-08-13 00:00:00
TX_002725,CUST_0845,PROD_087,7,68.33,2025-04-02 00:00:00
TX_002726,CUST_0214,PROD_016,5,384.75,2025/03/10
TX_002727,CUST_0463,PROD_035,6,457.09,2025-12-16 00:00:00
TX_002728,CUST_0822,PROD_063,7,134.09,2025-04-10 00:00:00
TX_002729,CUST_0413,PROD_037,2,215.74,2025-07-13 00:00:00
TX_002730,CUST_0905,PROD_087,9,337.65,2025-12-22 00:00:00
TX_002731,CUST_0738,PROD_058,5,312.19,2025/02/14
TX_002732,CUST_0895,PROD_020,7,148.4,2025-02-16 00:00:00
TX_002733,CUST_0922,PROD_041,4,229.98,2025/01/27
TX_002734,CUST_0436,PROD_015,7,371.56,2025-07-02 00:00:00
TX_002735,CUST_0302,PROD_034,4,493.35,2025-08-13 00:00:00
TX_002736,CUST_0006,PROD_062,10,104.45,2025/06/26
TX_002737,CUST_0916,PROD_075,3,492.95,2025-12-23 00:00:00
TX_002738,CUST_0103,PROD_100,4,335.77,2025-03-23 00:00:00
TX_002739,CUST_0702,PROD_016,3,185.28,2025-09-05 00:00:00
TX_002740,CUST_0317,PROD_001,1,278.52,2025-06-24 00:00:00
TX_002741,CUST_0715,PROD_015,6,120.89,2025-12-28 00:00:00
TX_002742,CUST_0796,PROD_001,10,272.13,2025-01-01 00:00:00
TX_002743,CUST_0485,PROD_028,7,328.41,2025-01-24 00:00:00
TX_002744,CUST_0415,PROD_035,2,411.47,2025-05-06 00:00:00
TX_002745,CUST_0388,PROD_066,6,219.67,2025-10-02 00:00:00
TX_002746,CUST_0909,PROD_057,1,369.5,2025-01-23 00:00:00
TX_002747,CUST_0558,PROD_013,5,394.65,2025-05-07 00:00:00
TX_002748,CUST_0105,PROD_094,10,44.28,2025-12-05 00:00:00
TX_002749,CUST_0582,PROD_072,8,45.81,2025-11-23 00:00:00
TX_002750,CUST_0489,PROD_090,8,221.15,2025-02-10 00:00:00
TX_002751,CUST_0262,PROD_001,6,131.21,2025-07-11 00:00:00
TX_002752,CUST_0250,PROD_038,9,363.59,2025/06/07
TX_002753,CUST_0741,PROD_081,2,129.09,2025-11-06 00:00:00
TX_002754,CUST_0857,PROD_034,10,90.15,2025-11-21 00:00:00
TX_002755,CUST_0449,PROD_075,9,449.04,2025-03-23 00:00:00
TX_002756,CUST_0049,PROD_999,2,109.75,2025-03-12 00:00:00
TX_002757,CUST_9999,PROD_066,5,461.88,2025-06-29 00:00:00
TX_002758,CUST_0990,PROD_086,5,59.68,2025-08-26 00:00:00
TX_002759,CUST_0015,PROD_054,9,296.6,2025-04-29 00:00:00
TX_002760,CUST_0824,PROD_095,5,188.44,2025-12-01 00:00:00
TX_002761,CUST_0922,PROD_052,6,409.13,2025-08-10 00:00:00
TX_002762,CUST_0985,PROD_006,9,179.63,2025-01-05 00:00:00
TX_002763,CUST_0701,PROD_018,10,220.72,2025-06-18 00:00:00
TX_002764,CUST_0145,PROD_008,5,288.75,2025-10-03 00:00:00
TX_002765,CUST_0500,PROD_019,8,183.49,2025-05-22 00:00:00
TX_002766,CUST_9999,PROD_090,9,184.1,2025-01-21 00:00:00
TX_002767,CUST_0958,PROD_030,9,218.74,2025-12-18 00:00:00
TX_002768,CUST_0981,PROD_054,7,105.07,2025-01-20 00:00:00
TX_002769,CUST_0180,PROD_008,4,49.04,2025-12-23 00:00:00
TX_002770,CUST_0490,PROD_003,2,58.7,2025-02-27 00:00:00
TX_002771,CUST_0044,PROD_033,9,268.23,2025-06-25 00:00:00
TX_002772,CUST_0274,PROD_046,3,286.91,2025-02-23 00:00:00
TX_002773,CUST_0844,PROD_033,6,230.14,2025-09-25 00:00:00
TX_002774,CUST_0928,PROD_070,4,326.83,2025-08-22 00:00:00
TX_002775,CUST_0495,PROD_051,7,457.36,2025-08-10 00:00:00
TX_002776,CUST_0417,PROD_070,10,180.92,2025-10-03 00:00:00
TX_002777,CUST_0951,PROD_019,6,472.55,2025-07-18 00:00:00
TX_002778,CUST_0228,PROD_095,7,68.81,2025-08-06 00:00:00
TX_002779,CUST_0964,PROD_022,10,101.98,2025-12-17 00:00:00
TX_002780,CUST_0884,PROD_047,2,245.2,2025-10-30 00:00:00
TX_002781,CUST_0100,PROD_001,3,329.21,2025-09-11 00:00:00
TX_002782,CUST_0120,PROD_080,6,428.75,2025-12-13 00:00:00
TX_002783,CUST_0385,PROD_085,8,83.63,2025-03-07 00:00:00
TX_002784,CUST_0749,PROD_074,1,318.79,2025-06-30 00:00:00
TX_002785,CUST_0625,PROD_093,5,211.45,2025-04-04 00:00:00
TX_002786,CUST_0690,PROD_028,4,302.8,2025-12-14 00:00:00
TX_002787,CUST_0590,PROD_017,7,68.47,2025-05-04 00:00:00
TX_002788,CUST_0567,PROD_999,1,323.39,2025-06-10 00:00:00
TX_002789,CUST_0582,PROD_036,3,35.34,2025-05-25 00:00:00
TX_002790,CUST_0710,PROD_036,6,12.17,2025-11-04 00:00:00
TX_002791,CUST_0378,PROD_075,10,306.01,2025/08/27
TX_002792,CUST_0009,PROD_026,2,16.9,2025/11/14
TX_002793,CUST_0357,PROD_043,4,469.66,2025-03-08 00:00:00
TX_002794,CUST_0452,PROD_046,6,132.34,2025/07/23
TX_002795,CUST_0732,PROD_029,6,163.64,2025-10-13 00:00:00
TX_002796,CUST_0200,PROD_050,7,216.86,2025-06-23 00:00:00
TX_002797,CUST_0445,PROD_074,3,305.57,2025-04-02 00:00:00
TX_002798,CUST_0285,PROD_045,1,467.2,2025-02-20 00:00:00
TX_002799,CUST_0456,PROD_073,1,221.15,2025-08-30 00:00:00
TX_002800,CUST_0677,PROD_037,-1,407.12,2025-08-31 00:00:00
TX_002801,CUST_0144,PROD_078,10,432.95,2025-04-24 00:00:00
TX_002802,CUST_0225,PROD_057,6,301.73,2025-10-18 00:00:00
TX_002803,CUST_0947,PROD_012,5,402.01,2025-02-13 00:00:00
TX_002804,CUST_0383,PROD_005,7,428.91,2025-12-11 00:00:00
TX_002805,CUST_0008,PROD_033,4,199.97,2025-04-21 00:00:00
TX_002806,CUST_0431,PROD_096,10,405.14,2025-08-03 00:00:00
TX_002807,CUST_0321,PROD_091,1,317.61,2025-08-26 00:00:00
TX_002808,CUST_0905,PROD_065,4,162.97,2025-08-25 00:00:00
TX_002809,CUST_0914,PROD_041,8,57.68,2025-11-05 00:00:00
TX_002810,CUST_0763,PROD_002,1,296.06,2025-01-31 00:00:00
TX_002811,CUST_0288,PROD_094,7,324.47,2025-09-01 00:00:00
TX_002812,CUST_0581,PROD_071,7,64.69,2025-03-26 00:00:00
TX_002813,CUST_0948,PROD_031,5,140.74,2025-08-04 00:00:00
TX_002814,CUST_0588,PROD_046,7,428.56,2025-09-28 00:00:00
TX_002815,CUST_0134,PROD_096,7,368.75,2025-06-20 00:00:00
TX_002816,CUST_0418,PROD_097,2,409.72,2025-09-21 00:00:00
TX_002817,CUST_0390,PROD_087,7,182.69,2025-10-17 00:00:00
TX_002818,CUST_0671,PROD_002,1,393.89,2025-11-24 00:00:00
TX_002819,CUST_0469,PROD_058,6,80.96,2025-10-19 00:00:00
TX_002820,CUST_0525,PROD_012,1,284.16,2025-04-05 00:00:00
TX_002821,CUST_0190,PROD_044,6,242.58,2025-10-28 00:00:00
TX_002822,CUST_0406,PROD_017,4,244.91,2025/07/31
TX_002823,CUST_0295,PROD_040,4,33.42,2025-11-13 00:00:00
TX_002824,CUST_0159,PROD_063,3,93.57,2025-10-14 00:00:00
TX_002825,CUST_9999,PROD_047,3,159.14,2025-12-10 00:00:00
TX_002826,CUST_0757,PROD_092,5,286.04,2025-03-10 00:00:00
TX_002827,CUST_0886,PROD_086,10,405.94,2025-04-12 00:00:00
TX_002828,CUST_0959,PROD_028,5,377.0,2025-07-26 00:00:00
TX_002829,CUST_0104,PROD_057,9,82.14,2025-06-05 00:00:00
TX_002830,CUST_0773,PROD_089,9,114.88,2025-12-17 00:00:00
TX_002831,CUST_0634,PROD_053,9,83.59,2025-12-16 00:00:00
TX_002832,CUST_0034,PROD_043,10,94.48,2025-11-21 00:00:00
TX_002833,CUST_0378,PROD_073,3,109.3,2025-03-15 00:00:00
TX_002834,CUST_0326,PROD_081,5,360.33,2025-07-31 00:00:00
TX_002835,CUST_0340,PROD_008,5,236.42,2025-04-09 00:00:00
TX_002836,CUST_0519,PROD_056,7,201.89,2025-01-24 00:00:00
TX_002837,CUST_0611,PROD_096,7,48.03,2025-01-25 00:00:00
TX_002838,CUST_0811,PROD_071,7,380.09,2025-09-24 00:00:00
TX_002839,CUST_0347,PROD_033,10,447.6,2025-05-11 00:00:00
TX_002840,CUST_0738,PROD_055,10,355.1,2025-08-02 00:00:00
TX_002841,CUST_0614,PROD_072,9,117.79,2025-12-02 00:00:00
TX_002842,CUST_0508,PROD_016,7,291.75,2025-04-08 00:00:00
TX_002843,CUST_0140,PROD_083,4,249.51,2025-09-10 00:00:00
TX_002844,CUST_0005,PROD_087,3,84.17,2025/01/15
TX_002845,CUST_0500,PROD_024,1,7.92,2025-03-20 00:00:00
TX_002846,CUST_0312,PROD_025,4,407.78,2025-07-22 00:00:00
TX_002847,CUST_0137,PROD_001,10,278.89,2025-02-10 00:00:00
TX_002848,CUST_0501,PROD_077,7,244.53,2025-01-18 00:00:00
TX_002849,CUST_0713,PROD_032,2,333.23,2025-08-22 00:00:00
TX_002850,CUST_0029,PROD_999,1,346.68,2025-12-02 00:00:00
TX_002851,CUST_0163,PROD_049,6,422.23,2025-04-19 00:00:00
TX_002852,CUST_0603,PROD_068,4,132.3,2025-04-22 00:00:00
TX_002853,CUST_0986,PROD_010,6,145.92,2025-09-10 00:00:00
TX_002854,CUST_0233,PROD_081,1,449.47,2025-12-20 00:00:00
TX_002855,CUST_9999,PROD_069,3,453.53,2025/05/11
TX_002856,CUST_0020,PROD_070,4,145.1,2026-01-01 00:00:00
TX_002857,CUST_0420,PROD_049,1,17.38,2025-11-04 00:00:00
TX_002858,CUST_0544,PROD_070,4,73.72,2025-06-29 00:00:00
TX_002859,CUST_0329,PROD_084,1,442.61,2025-02-15 00:00:00
TX_002860,CUST_0958,PROD_093,5,86.98,2025-04-21 00:00:00
TX_002861,CUST_0055,PROD_097,2,203.44,2025-09-16 00:00:00
TX_002862,CUST_0960,PROD_095,9,208.66,2025-03-11 00:00:00
TX_002863,CUST_9999,PROD_043,4,256.06,2025-05-12 00:00:00
TX_002864,CUST_0479,PROD_022,3,25.19,2025-10-21 00:00:00
TX_002865,CUST_0693,PROD_003,5,472.98,2025-01-07 00:00:00
TX_002866,CUST_0576,PROD_008,6,18.6,2025-06-15 00:00:00
TX_002867,CUST_9999,PROD_041,3,276.14,2025-07-31 00:00:00
TX_002868,CUST_0477,PROD_065,5,220.9,2025-11-09 00:00:00
TX_002869,CUST_0466,PROD_084,8,199.39,2025-12-04 00:00:00
TX_002870,CUST_0476,PROD_092,1,46.68,2025-03-25 00:00:00
TX_002871,CUST_0907,PROD_093,3,276.51,2025/10/17
TX_002872,CUST_0484,PROD_047,2,49.55,2025/03/22
TX_002873,CUST_0057,PROD_026,7,269.41,2025-02-07 00:00:00
TX_002874,CUST_0746,PROD_039,1,203.61,2025/02/02
TX_002875,CUST_0560,PROD_061,2,360.91,2025/08/24
TX_002876,CUST_0721,PROD_057,10,220.64,2025-09-19 00:00:00
TX_002877,CUST_0184,PROD_033,1,226.68,2025-12-05 00:00:00
TX_002878,CUST_0610,PROD_011,4,273.49,2025-12-03 00:00:00
TX_002879,CUST_0255,PROD_097,5,411.37,2025-06-21 00:00:00
TX_002880,CUST_0824,PROD_054,2,294.31,2025-06-23 00:00:00
TX_002881,CUST_0060,PROD_005,10,80.87,2025-02-18 00:00:00
TX_002882,CUST_0154,PROD_062,8,380.4,2025-01-21 00:00:00
TX_002883,CUST_0422,PROD_033,6,478.84,2025-06-06 00:00:00
TX_002884,CUST_0902,PROD_018,6,431.71,2025/03/18
TX_002885,CUST_0374,PROD_068,10,280.04,2025-05-01 00:00:00
TX_002886,CUST_0358,PROD_022,10,305.8,2025-04-08 00:00:00
TX_002887,CUST_0968,PROD_081,1,85.89,2025/05/11
TX_002888,CUST_0498,PROD_052,7,101.75,2025-11-07 00:00:00
TX_002889,CUST_0787,PROD_037,5,71.98,2025-08-21 00:00:00
TX_002890,CUST_0654,PROD_051,6,69.78,2025-05-03 00:00:00
TX_002891,CUST_0853,PROD_052,3,395.57,2025-03-21 00:00:00
TX_002892,CUST_0463,PROD_040,1,469.84,2025-11-19 00:00:00
TX_002893,CUST_0842,PROD_032,5,390.87,2025-03-01 00:00:00
TX_002894,CUST_0189,PROD_089,4,131.44,2025-12-19 00:00:00
TX_002895,CUST_0852,PROD_022,9,280.52,2025-04-04 00:00:00
TX_002896,CUST_0941,PROD_036,5,185.08,2025-03-02 00:00:00
TX_002897,CUST_0628,PROD_038,3,46.61,2025-02-23 00:00:00
TX_002898,CUST_0543,PROD_073,6,241.64,2025-05-28 00:00:00
TX_002899,CUST_0613,PROD_081,5,192.39,2025-09-16 00:00:00
TX_002900,CUST_0331,PROD_016,7,140.19,2025-09-09 00:00:00
TX_002901,CUST_0516,PROD_037,3,295.38,2025-09-14 00:00:00
TX_002902,CUST_0904,PROD_042,4,327.65,2025-11-15 00:00:00
TX_002903,CUST_0768,PROD_073,2,183.27,2025/01/02
TX_002904,CUST_0245,PROD_084,2,399.48,2025-04-23 00:00:00
TX_002905,CUST_0364,PROD_031,1,173.1,2025-08-27 00:00:00
TX_002906,CUST_0533,PROD_026,2,17.73,2025/09/15
TX_002907,CUST_0615,PROD_031,8,269.86,2025-12-15 00:00:00
TX_002908,CUST_0345,PROD_096,1,493.95,2025/11/22
TX_002909,CUST_0852,PROD_999,7,369.51,2025-10-30 00:00:00
TX_002910,CUST_0774,PROD_077,7,124.96,2025-08-17 00:00:00
TX_002911,CUST_0302,PROD_009,9,456.87,2025-11-03 00:00:00
TX_002912,CUST_0791,PROD_055,2,425.5,2025-05-17 00:00:00
TX_002913,CUST_0019,PROD_022,6,6.1,2025/04/08
TX_002914,CUST_0521,PROD_024,8,86.7,2025-11-14 00:00:00
TX_002915,CUST_0465,PROD_015,3,34.74,2025-07-20 00:00:00
TX_002916,CUST_0605,PROD_005,8,311.15,2025-07-14 00:00:00
TX_002917,CUST_0928,PROD_034,3,21.05,2025-02-01 00:00:00
TX_002918,CUST_0570,PROD_018,5,199.17,2025-11-25 00:00:00
TX_002919,CUST_0348,PROD_069,7,38.53,2025-07-01 00:00:00
TX_002920,CUST_0660,PROD_091,10,140.26,2025-06-15 00:00:00
TX_002921,CUST_0437,PROD_063,10,254.4,2025-10-31 00:00:00
TX_002922,CUST_0503,PROD_061,10,322.45,2025-04-17 00:00:00
TX_002923,CUST_0961,PROD_081,2,24.98,2025-10-28 00:00:00
TX_002924,CUST_0212,PROD_099,5,409.57,2025-04-28 00:00:00
TX_002925,CUST_0699,PROD_056,1,437.91,2025-09-29 00:00:00
TX_002926,CUST_0840,PROD_050,7,359.76,2025-11-13 00:00:00
TX_002927,CUST_0959,PROD_051,1,453.84,2025-06-17 00:00:00
TX_002928,CUST_0179,PROD_065,5,69.12,2025-03-26 00:00:00
TX_002929,CUST_0586,PROD_068,1,438.84,2025-03-08 00:00:00
TX_002930,CUST_0601,PROD_045,10,318.44,2025-06-14 00:00:00
TX_002931,CUST_0323,PROD_083,4,237.96,2025-08-21 00:00:00
TX_002932,CUST_0678,PROD_058,7,460.97,2025-07-05 00:00:00
TX_002933,CUST_0458,PROD_033,9,407.15,2025-06-30 00:00:00
TX_002934,CUST_0677,PROD_022,6,469.41,2025-10-10 00:00:00
TX_002935,CUST_0106,PROD_063,6,387.56,2025-03-22 00:00:00
TX_002936,CUST_0359,PROD_073,7,167.24,2025-03-24 00:00:00
TX_002937,CUST_0636,PROD_075,10,310.2,2025/03/14
TX_002938,CUST_0696,PROD_057,1,34.13,2025-05-15 00:00:00
TX_002939,CUST_0169,PROD_037,3,210.35,2025-06-13 00:00:00
TX_002940,CUST_0698,PROD_026,10,436.02,2025-07-12 00:00:00
TX_002941,CUST_0583,PROD_040,3,362.89,2025/03/27
TX_002942,CUST_0726,PROD_051,4,106.22,2025/07/28
TX_002943,CUST_0702,PROD_025,8,76.24,2025-04-02 00:00:00
TX_002944,CUST_0387,PROD_089,9,25.33,2025-02-22 00:00:00
TX_002945,CUST_0986,PROD_050,1,496.23,2025-04-14 00:00:00
TX_002946,CUST_0474,PROD_048,5,144.28,2025-09-28 00:00:00
TX_002947,CUST_0881,PROD_024,1,317.08,2025/04/12
TX_002948,CUST_0099,PROD_088,2,20.55,2025-05-04 00:00:00
TX_002949,CUST_0847,PROD_059,8,230.19,2025-08-02 00:00:00
TX_002950,CUST_0774,PROD_045,5,168.76,2025-01-30 00:00:00
TX_002951,CUST_0227,PROD_090,5,105.01,2025-02-26 00:00:00
TX_002952,CUST_0782,PROD_074,6,188.87,2025-05-01 00:00:00
TX_002953,CUST_0278,PROD_032,4,328.14,2025-02-12 00:00:00
TX_002954,CUST_0144,PROD_084,9,160.88,2025-01-15 00:00:00
TX_002955,CUST_0513,PROD_999,3,401.14,2025/08/05
TX_002956,CUST_0218,PROD_016,5,156.33,2025-09-17 00:00:00
TX_002957,CUST_0861,PROD_072,4,368.71,2025-05-11 00:00:00
TX_002958,CUST_0929,PROD_023,10,144.53,2025-08-12 00:00:00
TX_002959,CUST_0346,PROD_086,1,83.05,2025-07-04 00:00:00
TX_002960,CUST_0947,PROD_021,6,275.37,2025-10-02 00:00:00
TX_002961,CUST_0174,PROD_092,10,477.09,2025-06-03 00:00:00
TX_002962,CUST_0170,PROD_093,6,314.35,2025-02-04 00:00:00
TX_002963,CUST_0566,PROD_051,5,499.23,2025-08-10 00:00:00
TX_002964,CUST_0488,PROD_001,1,132.62,2025-07-09 00:00:00
TX_002965,CUST_0770,PROD_047,6,131.54,2025-01-05 00:00:00
TX_002966,CUST_0963,PROD_077,6,383.43,2025-03-05 00:00:00
TX_002967,CUST_0925,PROD_096,10,341.14,2025-04-27 00:00:00
TX_002968,CUST_0704,PROD_096,3,454.26,2025/12/24
TX_002969,CUST_0635,PROD_060,8,450.65,2025-01-17 00:00:00
TX_002970,CUST_0553,PROD_055,1,338.1,2025-02-24 00:00:00
TX_002971,CUST_0611,PROD_999,8,295.77,2025-03-07 00:00:00
TX_002972,CUST_0790,PROD_045,8,165.19,2025-04-01 00:00:00
TX_002973,CUST_0367,PROD_092,4,435.26,2025-10-15 00:00:00
TX_002974,CUST_0928,PROD_012,6,341.63,2025-08-05 00:00:00
TX_002975,CUST_0144,PROD_096,8,59.36,2025-06-16 00:00:00
TX_002976,CUST_0853,PROD_054,7,282.04,2025-10-26 00:00:00
TX_002977,CUST_0491,PROD_096,4,197.06,2025-07-28 00:00:00
TX_002978,CUST_0759,PROD_090,7,62.7,2025-02-06 00:00:00
TX_002979,CUST_0851,PROD_024,3,134.1,2025-07-10 00:00:00
TX_002980,CUST_0765,PROD_052,2,298.76,2025-02-11 00:00:00
TX_002981,CUST_0880,PROD_058,5,281.23,2025-12-25 00:00:00
TX_002982,CUST_0623,PROD_074,9,315.6,2025-07-29 00:00:00
TX_002983,CUST_0871,PROD_008,6,85.21,2025/11/18
TX_002984,CUST_0797,PROD_024,3,382.15,2025-10-16 00:00:00
TX_002985,CUST_0273,PROD_016,3,243.93,2025-07-27 00:00:00
TX_002986,CUST_0021,PROD_050,4,486.65,2025/11/07
TX_002987,CUST_0871,PROD_088,1,419.24,2025-07-05 00:00:00
TX_002988,CUST_0796,PROD_999,3,91.02,2025-01-07 00:00:00
TX_002989,CUST_0964,PROD_095,6,247.71,2025-07-11 00:00:00
TX_002990,CUST_0341,PROD_067,5,401.19,2025-01-01 00:00:00
TX_002991,CUST_0073,PROD_096,3,237.04,2025-01-10 00:00:00
TX_002992,CUST_0357,PROD_039,7,107.47,2025-06-16 00:00:00
TX_002993,CUST_0700,PROD_011,2,280.61,2025-12-20 00:00:00
TX_002994,CUST_9999,PROD_070,1,344.93,2025-08-08 00:00:00
TX_002995,CUST_0675,PROD_053,3,332.35,2025-10-15 00:00:00
TX_002996,CUST_0132,PROD_013,3,253.75,2025-02-10 00:00:00
TX_002997,CUST_0062,PROD_027,7,214.83,2025-07-21 00:00:00
TX_002998,CUST_0623,PROD_065,2,326.77,2025-03-23 00:00:00
TX_002999,CUST_0574,PROD_025,4,488.7,2025-09-09 00:00:00
TX_003000,CUST_0570,PROD_004,-1,417.14,2025-09-09 00:00:00
TX_003001,CUST_0406,PROD_014,4,81.87,2025-05-09 00:00:00
TX_003002,CUST_0918,PROD_043,7,228.56,2025-02-20 00:00:00
TX_003003,CUST_0512,PROD_052,9,230.11,2025-02-01 00:00:00
TX_003004,CUST_0816,PROD_037,10,149.59,2025-10-05 00:00:00
TX_003005,CUST_0328,PROD_077,9,122.79,2025-09-15 00:00:00
TX_003006,CUST_0152,PROD_036,10,236.07,2025-09-12 00:00:00
TX_003007,CUST_0504,PROD_011,7,429.27,2025-08-14 00:00:00
TX_003008,CUST_0342,PROD_091,7,58.72,2025-10-18 00:00:00
TX_003009,CUST_0049,PROD_017,10,155.94,2025-05-15 00:00:00
TX_003010,CUST_0525,PROD_041,8,242.73,2025-07-29 00:00:00
TX_003011,CUST_0487,PROD_069,7,174.91,2025/06/24
TX_003012,CUST_0070,PROD_075,2,350.23,2025-11-01 00:00:00
TX_003013,CUST_0909,PROD_019,4,284.34,2025-11-30 00:00:00
TX_003014,CUST_0747,PROD_097,10,379.52,2025-07-16 00:00:00
TX_003015,CUST_0584,PROD_082,8,20.19,2025-07-16 00:00:00
TX_003016,CUST_0471,PROD_091,9,248.9,2025-01-22 00:00:00
TX_003017,CUST_0002,PROD_004,4,463.58,2025-12-31 00:00:00
TX_003018,CUST_0206,PROD_021,1,380.38,2025-10-23 00:00:00
TX_003019,CUST_0977,PROD_029,8,86.13,2025-01-09 00:00:00
TX_003020,CUST_0605,PROD_065,4,493.53,2025-07-12 00:00:00
TX_003021,CUST_0943,PROD_075,1,177.02,2025-12-04 00:00:00
TX_003022,CUST_0588,PROD_025,10,206.98,2025/09/02
TX_003023,CUST_0923,PROD_032,2,199.27,2025/11/02
TX_003024,CUST_0700,PROD_055,9,328.63,2025-09-11 00:00:00
TX_003025,CUST_0103,PROD_067,9,217.23,2025/03/05
TX_003026,CUST_0435,PROD_018,10,401.4,2025-08-05 00:00:00
TX_003027,CUST_0648,PROD_064,9,447.82,2025/12/18
TX_003028,CUST_0106,PROD_012,5,196.12,2025-06-11 00:00:00
TX_003029,CUST_0027,PROD_010,10,337.4,2025-01-18 00:00:00
TX_003030,CUST_0656,PROD_057,4,317.25,2025-09-12 00:00:00
TX_003031,CUST_0476,PROD_082,1,279.46,2025-05-22 00:00:00
TX_003032,CUST_0652,PROD_049,8,38.5,2025-04-23 00:00:00
TX_003033,CUST_0028,PROD_017,9,320.51,2025-12-02 00:00:00
TX_003034,CUST_0139,PROD_075,1,102.18,2025-06-30 00:00:00
TX_003035,CUST_0030,PROD_022,10,144.93,2025-04-03 00:00:00
TX_003036,CUST_0075,PROD_030,3,127.22,2025-10-05 00:00:00
TX_003037,CUST_0959,PROD_056,1,496.9,2025-07-18 00:00:00
TX_003038,CUST_0656,PROD_010,4,391.64,2025/06/08
TX_003039,CUST_0964,PROD_069,8,146.95,2025-12-09 00:00:00
TX_003040,CUST_0205,PROD_053,4,84.73,2025-10-19 00:00:00
TX_003041,CUST_0917,PROD_024,7,377.29,2025-05-05 00:00:00
TX_003042,CUST_0967,PROD_040,9,44.52,2025-06-16 00:00:00
TX_003043,CUST_0216,PROD_061,9,210.41,2025-06-24 00:00:00
TX_003044,CUST_0927,PROD_076,3,493.83,2025-12-07 00:00:00
TX_003045,CUST_0069,PROD_008,3,267.68,2025-08-16 00:00:00
TX_003046,CUST_0069,PROD_080,3,122.92,2025-01-07 00:00:00
TX_003047,CUST_9999,PROD_068,8,59.83,2025-11-26 00:00:00
TX_003048,CUST_0967,PROD_023,7,165.2,2025/08/27
TX_003049,CUST_0578,PROD_054,8,474.27,2025-12-24 00:00:00
TX_003050,CUST_0634,PROD_058,6,383.93,2025-07-01 00:00:00
TX_003051,CUST_0609,PROD_067,9,77.38,2025-06-15 00:00:00
TX_003052,CUST_0100,PROD_067,6,474.4,2025-02-22 00:00:00
TX_003053,CUST_0887,PROD_032,4,274.01,2025/06/26
TX_003054,CUST_0588,PROD_064,1,326.26,2025-01-31 00:00:00
TX_003055,CUST_0019,PROD_070,4,254.48,2025-04-18 00:00:00
TX_003056,CUST_0458,PROD_042,1,92.85,2025-09-06 00:00:00
TX_003057,CUST_0106,PROD_081,5,374.54,2025-06-26 00:00:00
TX_003058,CUST_0424,PROD_074,3,125.88,2025-11-16 00:00:00
TX_003059,CUST_0572,PROD_058,1,172.81,2025-06-12 00:00:00
TX_003060,CUST_0964,PROD_082,3,204.2,2025-10-02 00:00:00
TX_003061,CUST_0415,PROD_035,3,234.67,2025-07-13 00:00:00
TX_003062,CUST_0799,PROD_092,9,455.09,2025-07-13 00:00:00
TX_003063,CUST_0514,PROD_093,3,476.57,2025-04-21 00:00:00
TX_003064,CUST_0706,PROD_036,8,282.33,2025-08-16 00:00:00
TX_003065,CUST_0847,PROD_074,4,459.41,2025-11-09 00:00:00
TX_003066,CUST_0575,PROD_092,3,466.91,2025-12-26 00:00:00
TX_003067,CUST_0002,PROD_098,7,96.79,2025-05-04 00:00:00
TX_003068,CUST_0195,PROD_047,5,174.15,2025/05/23
TX_003069,CUST_0337,PROD_068,4,47.34,2025/01/02
TX_003070,CUST_0824,PROD_026,3,255.02,2025-08-09 00:00:00
TX_003071,CUST_0621,PROD_002,5,492.01,2025-10-24 00:00:00
TX_003072,CUST_0779,PROD_013,7,415.02,2025-09-15 00:00:00
TX_003073,CUST_0286,PROD_019,6,34.54,2025-08-02 00:00:00
TX_003074,CUST_0643,PROD_081,4,152.54,2025/07/17
TX_003075,CUST_0359,PROD_074,3,426.26,2025-10-06 00:00:00
TX_003076,CUST_0593,PROD_086,4,199.5,2025-02-09 00:00:00
TX_003077,CUST_0602,PROD_014,8,83.06,2025-07-21 00:00:00
TX_003078,CUST_0030,PROD_027,7,159.24,2025-01-26 00:00:00
TX_003079,CUST_0390,PROD_011,2,219.39,2025-05-03 00:00:00
TX_003080,CUST_0456,PROD_088,1,118.23,2025/02/18
TX_003081,CUST_0201,PROD_031,7,218.61,2025-03-15 00:00:00
TX_003082,CUST_0652,PROD_038,1,269.04,2025-06-19 00:00:00
TX_003083,CUST_0775,PROD_074,6,42.6,2025-02-23 00:00:00
TX_003084,CUST_0875,PROD_049,7,374.99,2025-12-04 00:00:00
TX_003085,CUST_0798,PROD_038,7,297.61,2025-11-23 00:00:00
TX_003086,CUST_0688,PROD_082,10,57.45,2025-07-14 00:00:00
TX_003087,CUST_0640,PROD_004,7,197.49,2025-09-09 00:00:00
TX_003088,CUST_0964,PROD_029,3,455.04,2025-08-09 00:00:00
TX_003089,CUST_0561,PROD_028,9,288.26,2025-06-27 00:00:00
TX_003090,CUST_0029,PROD_009,1,345.07,2025-03-29 00:00:00
TX_003091,CUST_0346,PROD_085,1,495.28,2025-11-24 00:00:00
TX_003092,CUST_0872,PROD_013,5,272.74,2025-04-30 00:00:00
TX_003093,CUST_0250,PROD_011,5,230.27,2025-06-12 00:00:00
TX_003094,CUST_0136,PROD_071,3,149.89,2025-10-24 00:00:00
TX_003095,CUST_9999,PROD_065,9,40.75,2025-12-01 00:00:00
TX_003096,CUST_0726,PROD_057,7,276.03,2025-03-03 00:00:00
TX_003097,CUST_0881,PROD_006,6,380.83,2025-09-02 00:00:00
TX_003098,CUST_0279,PROD_077,2,119.68,2025-11-04 00:00:00
TX_003099,CUST_0346,PROD_095,3,245.74,2025-11-04 00:00:00
TX_003100,CUST_0491,PROD_065,5,151.37,2025-12-14 00:00:00
TX_003101,CUST_0805,PROD_027,10,294.1,2025-05-17 00:00:00
TX_003102,CUST_0730,PROD_003,4,116.26,2025-01-14 00:00:00
TX_003103,CUST_0197,PROD_053,4,415.6,2025-10-30 00:00:00
TX_003104,CUST_0042,PROD_008,5,468.99,2025-09-19 00:00:00
TX_003105,CUST_0686,PROD_041,2,280.76,2025-04-19 00:00:00
TX_003106,CUST_0122,PROD_062,5,148.03,2025-08-29 00:00:00
TX_003107,CUST_0220,PROD_061,2,244.79,2025-05-09 00:00:00
TX_003108,CUST_9999,PROD_033,6,200.27,2025-12-14 00:00:00
TX_003109,CUST_0812,PROD_063,4,242.04,2025-05-23 00:00:00
TX_003110,CUST_0011,PROD_029,7,192.33,2025-01-30 00:00:00
TX_003111,CUST_0963,PROD_019,1,281.37,2025/10/06
TX_003112,CUST_0432,PROD_020,6,420.9,2025-03-09 00:00:00
TX_003113,CUST_0578,PROD_999,4,292.53,2025-07-06 00:00:00
TX_003114,CUST_9999,PROD_100,6,244.16,2025-08-14 00:00:00
TX_003115,CUST_0882,PROD_038,9,467.98,2025-04-22 00:00:00
TX_003116,CUST_0403,PROD_067,2,232.67,2025-03-18 00:00:00
TX_003117,CUST_0138,PROD_032,8,195.81,2025-05-18 00:00:00
TX_003118,CUST_0472,PROD_029,1,108.55,2025-11-16 00:00:00
TX_003119,CUST_0751,PROD_090,7,25.67,2025-12-01 00:00:00
TX_003120,CUST_0371,PROD_072,8,440.43,2025-05-29 00:00:00
TX_003121,CUST_0173,PROD_078,8,418.7,2025-06-05 00:00:00
TX_003122,CUST_0032,PROD_084,8,428.83,2025-01-19 00:00:00
TX_003123,CUST_0082,PROD_054,8,269.33,2025-11-05 00:00:00
TX_003124,CUST_0798,PROD_044,10,242.24,2025-08-19 00:00:00
TX_003125,CUST_0065,PROD_099,5,15.51,2025-08-29 00:00:00
TX_003126,CUST_0198,PROD_067,1,150.2,2025-02-26 00:00:00
TX_003127,CUST_0643,PROD_082,5,445.75,2025-01-17 00:00:00
TX_003128,CUST_0331,PROD_088,9,331.82,2025-09-17 00:00:00
TX_003129,CUST_0140,PROD_055,10,296.16,2025-07-18 00:00:00
TX_003130,CUST_0475,PROD_040,2,63.76,2025-05-16 00:00:00
TX_003131,CUST_0860,PROD_015,3,195.59,2025-09-02 00:00:00
TX_003132,CUST_0137,PROD_019,10,420.83,2025-03-27 00:00:00
TX_003133,CUST_0752,PROD_022,5,290.84,2025-12-11 00:00:00
TX_003134,CUST_0829,PROD_068,5,54.46,2025-12-23 00:00:00
TX_003135,CUST_0686,PROD_025,8,358.06,2025-02-01 00:00:00
TX_003136,CUST_0934,PROD_027,2,267.16,2025-07-08 00:00:00
TX_003137,CUST_0045,PROD_016,7,376.93,2025-05-11 00:00:00
TX_003138,CUST_0196,PROD_040,1,7.37,2025/05/20
TX_003139,CUST_0841,PROD_031,2,30.2,2025-08-05 00:00:00
TX_003140,CUST_0911,PROD_078,8,83.66,2025-07-30 00:00:00
TX_003141,CUST_0677,PROD_040,3,229.46,2025-04-16 00:00:00
TX_003142,CUST_0995,PROD_095,10,78.85,2025-07-11 00:00:00
TX_003143,CUST_0984,PROD_053,7,317.38,2025-06-14 00:00:00
TX_003144,CUST_0751,PROD_060,9,352.61,2025-12-08 00:00:00
TX_003145,CUST_0992,PROD_008,6,97.82,2025-10-28 00:00:00
TX_003146,CUST_0113,PROD_089,8,232.5,2025-10-13 00:00:00
TX_003147,CUST_0005,PROD_014,8,148.29,2025-04-25 00:00:00
TX_003148,CUST_0324,PROD_008,1,150.29,2025-04-13 00:00:00
TX_003149,CUST_0813,PROD_060,6,78.09,2025-01-01 00:00:00
TX_003150,CUST_0918,PROD_091,0,368.82,2025-08-28 00:00:00
TX_003151,CUST_0668,PROD_999,5,93.33,2025-12-23 00:00:00
TX_003152,CUST_0049,PROD_027,9,276.14,2025-02-21 00:00:00
TX_003153,CUST_0946,PROD_022,8,22.15,2025-06-28 00:00:00
TX_003154,CUST_0812,PROD_030,10,38.04,2025-09-19 00:00:00
TX_003155,CUST_0989,PROD_054,1,413.95,2025-07-16 00:00:00
TX_003156,CUST_0323,PROD_006,4,220.74,2025-01-11 00:00:00
TX_003157,CUST_0656,PROD_090,6,21.24,2025-04-05 00:00:00
TX_003158,CUST_0528,PROD_080,8,117.09,2025-03-11 00:00:00
TX_003159,CUST_0114,PROD_092,7,195.02,2025-08-11 00:00:00
TX_003160,CUST_0009,PROD_095,3,142.47,2025-11-18 00:00:00
TX_003161,CUST_0844,PROD_036,4,170.8,2025-12-26 00:00:00
TX_003162,CUST_0890,PROD_060,9,334.44,2025-07-07 00:00:00
TX_003163,CUST_0066,PROD_058,4,97.46,2025-04-25 00:00:00
TX_003164,CUST_0789,PROD_043,6,71.02,2025-02-26 00:00:00
TX_003165,CUST_0023,PROD_045,6,490.98,2025-01-05 00:00:00
TX_003166,CUST_0765,PROD_052,9,248.89,2025-05-17 00:00:00
TX_003167,CUST_0392,PROD_087,10,293.36,2025-12-24 00:00:00
TX_003168,CUST_0355,PROD_041,9,201.59,2025-03-19 00:00:00
TX_003169,CUST_0883,PROD_050,3,170.69,2025/06/27
TX_003170,CUST_0915,PROD_047,2,433.67,2025-04-13 00:00:00
TX_003171,CUST_0686,PROD_023,8,402.29,2025-05-17 00:00:00
TX_003172,CUST_0685,PROD_003,2,314.08,2025-09-10 00:00:00
TX_003173,CUST_0405,PROD_054,2,201.37,2025-12-16 00:00:00
TX_003174,CUST_0884,PROD_032,3,407.14,2025-03-07 00:00:00
TX_003175,CUST_0921,PROD_087,9,51.92,2025-01-02 00:00:00
TX_003176,CUST_0222,PROD_093,8,40.79,2025-10-13 00:00:00
TX_003177,CUST_0515,PROD_099,5,279.13,2025-11-28 00:00:00
TX_003178,CUST_0245,PROD_052,9,59.43,2025-11-04 00:00:00
TX_003179,CUST_0038,PROD_070,10,305.97,2025-01-07 00:00:00
TX_003180,CUST_0086,PROD_035,1,100.33,2025-05-25 00:00:00
TX_003181,CUST_0069,PROD_095,2,348.96,2025-01-25 00:00:00
TX_003182,CUST_0454,PROD_083,9,361.73,2025-12-03 00:00:00
TX_003183,CUST_0078,PROD_014,4,499.83,2025-02-19 00:00:00
TX_003184,CUST_0622,PROD_018,2,84.58,2025-05-29 00:00:00
TX_003185,CUST_0865,PROD_019,9,61.8,2025-12-28 00:00:00
TX_003186,CUST_0390,PROD_021,1,231.23,2025-05-17 00:00:00
TX_003187,CUST_0540,PROD_089,6,301.42,2025-03-30 00:00:00
TX_003188,CUST_0305,PROD_999,4,44.12,2025-05-13 00:00:00
TX_003189,CUST_0725,PROD_016,7,198.42,2025-09-09 00:00:00
TX_003190,CUST_0198,PROD_037,10,313.69,2025-01-30 00:00:00
TX_003191,CUST_0812,PROD_013,7,138.98,2025-01-21 00:00:00
TX_003192,CUST_0662,PROD_017,3,424.27,2025-01-12 00:00:00
TX_003193,CUST_0556,PROD_071,8,195.85,2025-02-18 00:00:00
TX_003194,CUST_0446,PROD_073,6,408.3,2025-07-05 00:00:00
TX_003195,CUST_0813,PROD_096,1,345.48,2025-09-16 00:00:00
TX_003196,CUST_0075,PROD_048,5,318.58,2025-05-23 00:00:00
TX_003197,CUST_0971,PROD_046,10,275.13,2025-09-19 00:00:00
TX_003198,CUST_0888,PROD_048,7,308.55,2025-04-02 00:00:00
TX_003199,CUST_0850,PROD_059,7,345.73,2025-03-13 00:00:00
TX_003200,CUST_0170,PROD_061,-1,173.53,2025-05-11 00:00:00
TX_003201,CUST_0706,PROD_082,8,418.34,2025-01-17 00:00:00
TX_003202,CUST_0275,PROD_003,2,431.14,2025/09/12
TX_003203,CUST_0862,PROD_038,6,434.44,2025-01-10 00:00:00
TX_003204,CUST_0587,PROD_029,6,335.14,2025/05/23
TX_003205,CUST_0578,PROD_080,2,20.17,2025-04-22 00:00:00
TX_003206,CUST_0254,PROD_056,7,483.33,2025-10-21 00:00:00
TX_003207,CUST_0865,PROD_096,5,237.99,2025-11-27 00:00:00
TX_003208,CUST_0200,PROD_008,5,5.76,2025-04-28 00:00:00
TX_003209,CUST_0960,PROD_023,7,13.83,2025-02-13 00:00:00
TX_003210,CUST_0975,PROD_097,6,323.95,2025-04-07 00:00:00
TX_003211,CUST_0579,PROD_042,4,297.78,2025-11-12 00:00:00
TX_003212,CUST_0738,PROD_064,8,228.25,2025-04-03 00:00:00
TX_003213,CUST_0914,PROD_007,3,497.59,2025-12-04 00:00:00
TX_003214,CUST_0706,PROD_013,5,265.53,2025-08-10 00:00:00
TX_003215,CUST_0776,PROD_030,10,414.42,2025-12-31 00:00:00
TX_003216,CUST_0610,PROD_003,5,233.75,2025-12-19 00:00:00
TX_003217,CUST_0506,PROD_065,10,158.98,2025/09/01
TX_003218,CUST_0501,PROD_023,9,173.46,2025-03-08 00:00:00
TX_003219,CUST_0650,PROD_011,7,357.78,2025-12-27 00:00:00
TX_003220,CUST_0594,PROD_057,8,265.04,2025-02-04 00:00:00
TX_003221,CUST_0890,PROD_054,2,437.19,2025-10-21 00:00:00
TX_003222,CUST_0672,PROD_075,3,353.61,2025-02-03 00:00:00
TX_003223,CUST_0898,PROD_081,6,480.81,2025/01/27
TX_003224,CUST_0438,PROD_074,7,73.13,2025-12-12 00:00:00
TX_003225,CUST_0777,PROD_046,5,384.07,2025-10-16 00:00:00
TX_003226,CUST_0952,PROD_091,8,279.21,2025-11-20 00:00:00
TX_003227,CUST_0277,PROD_071,2,16.5,2025/01/16
TX_003228,CUST_0836,PROD_077,1,200.58,2025/06/13
TX_003229,CUST_0697,PROD_075,1,284.71,2025-07-23 00:00:00
TX_003230,CUST_0029,PROD_002,1,358.02,2025-11-20 00:00:00
TX_003231,CUST_0991,PROD_035,3,331.18,2025-09-05 00:00:00
TX_003232,CUST_0601,PROD_093,10,479.51,2025-08-05 00:00:00
TX_003233,CUST_0610,PROD_026,1,475.18,2025-06-26 00:00:00
TX_003234,CUST_0952,PROD_043,2,94.12,2025-04-22 00:00:00
TX_003235,CUST_0482,PROD_056,8,189.7,2025-08-18 00:00:00
TX_003236,CUST_0436,PROD_093,3,197.06,2025-06-21 00:00:00
TX_003237,CUST_0099,PROD_009,1,153.28,2025-11-28 00:00:00
TX_003238,CUST_0526,PROD_999,8,42.13,2025-12-18 00:00:00
TX_003239,CUST_0062,PROD_053,2,470.48,2025-10-23 00:00:00
TX_003240,CUST_0542,PROD_051,7,304.1,2025-09-12 00:00:00
TX_003241,CUST_0311,PROD_096,2,232.43,2025-03-29 00:00:00
TX_003242,CUST_0799,PROD_085,4,392.4,2025-01-26 00:00:00
TX_003243,CUST_0404,PROD_074,6,358.99,2025-07-05 00:00:00
TX_003244,CUST_0778,PROD_041,1,239.9,2025-10-14 00:00:00
TX_003245,CUST_0028,PROD_089,4,327.97,2025-06-02 00:00:00
TX_003246,CUST_0549,PROD_054,2,95.79,2025/07/13
TX_003247,CUST_0420,PROD_086,4,58.12,2025-10-21 00:00:00
TX_003248,CUST_0904,PROD_090,5,131.55,2025-10-25 00:00:00
TX_003249,CUST_0653,PROD_078,6,199.66,2025-07-25 00:00:00
TX_003250,CUST_9999,PROD_026,7,76.82,2025-03-02 00:00:00
TX_003251,CUST_0159,PROD_008,8,257.66,2025-12-31 00:00:00
TX_003252,CUST_0616,PROD_065,2,49.75,2025-12-01 00:00:00
TX_003253,CUST_0401,PROD_089,8,375.57,2025-12-10 00:00:00
TX_003254,CUST_0748,PROD_062,3,383.88,2025-11-01 00:00:00
TX_003255,CUST_0804,PROD_061,1,170.65,2025-06-02 00:00:00
TX_003256,CUST_0076,PROD_024,10,460.37,2025-07-16 00:00:00
TX_003257,CUST_0197,PROD_091,9,95.62,2025/09/02
TX_003258,CUST_0507,PROD_090,2,110.01,2025-03-07 00:00:00
TX_003259,CUST_0965,PROD_054,1,82.52,2025-05-08 00:00:00
TX_003260,CUST_0589,PROD_064,8,46.38,2025-03-11 00:00:00
TX_003261,CUST_0545,PROD_081,6,36.25,2025-10-30 00:00:00
TX_003262,CUST_0175,PROD_086,6,171.32,2025-11-04 00:00:00
TX_003263,CUST_0755,PROD_017,9,164.97,2025-09-09 00:00:00
TX_003264,CUST_0896,PROD_086,3,385.05,2025-10-08 00:00:00
TX_003265,CUST_0457,PROD_046,3,273.87,2025-08-13 00:00:00
TX_003266,CUST_0768,PROD_025,6,402.4,2025-11-03 00:00:00
TX_003267,CUST_0321,PROD_086,5,425.99,2025-09-13 00:00:00
TX_003268,CUST_0738,PROD_059,3,448.95,2025-05-06 00:00:00
TX_003269,CUST_9999,PROD_071,6,364.36,2025-01-26 00:00:00
TX_003270,CUST_0984,PROD_095,5,410.32,2025-06-29 00:00:00
TX_003271,CUST_0694,PROD_084,1,163.43,2025-01-06 00:00:00
TX_003272,CUST_0862,PROD_063,5,130.55,2025/08/11
TX_003273,CUST_0875,PROD_050,5,197.39,2025-06-19 00:00:00
TX_003274,CUST_0616,PROD_057,5,373.16,2025-07-29 00:00:00
TX_003275,CUST_0983,PROD_019,3,397.64,2025-12-21 00:00:00
TX_003276,CUST_0928,PROD_010,6,5.26,2025-04-22 00:00:00
TX_003277,CUST_0503,PROD_041,1,164.95,2025-03-26 00:00:00
TX_003278,CUST_0655,PROD_001,5,239.25,2025/08/02
TX_003279,CUST_0875,PROD_010,5,180.92,2025-10-28 00:00:00
TX_003280,CUST_0840,PROD_074,9,376.78,2025-06-12 00:00:00
TX_003281,CUST_0191,PROD_039,8,488.61,2025-04-29 00:00:00
TX_003282,CUST_0904,PROD_068,6,264.37,2025-06-03 00:00:00
TX_003283,CUST_0710,PROD_047,8,62.65,2025-02-27 00:00:00
TX_003284,CUST_0519,PROD_034,10,466.69,2025-02-03 00:00:00
TX_003285,CUST_0656,PROD_062,5,241.35,2025-09-05 00:00:00
TX_003286,CUST_0324,PROD_029,9,140.71,2025-08-22 00:00:00
TX_003287,CUST_0149,PROD_080,2,464.25,2025-10-16 00:00:00
TX_003288,CUST_0765,PROD_086,9,424.93,2025-04-24 00:00:00
TX_003289,CUST_0083,PROD_004,1,165.23,2025-01-07 00:00:00
TX_003290,CUST_0233,PROD_049,6,277.51,2025/05/26
TX_003291,CUST_0138,PROD_036,5,463.15,2025-05-29 00:00:00
TX_003292,CUST_0962,PROD_018,4,306.98,2025-05-07 00:00:00
TX_003293,CUST_0833,PROD_026,6,439.25,2025-04-10 00:00:00
TX_003294,CUST_0968,PROD_075,9,14.97,2025-07-22 00:00:00
TX_003295,CUST_0381,PROD_016,10,204.65,2025-01-01 00:00:00
TX_003296,CUST_0667,PROD_065,9,77.42,2025-12-26 00:00:00
TX_003297,CUST_0953,PROD_055,4,28.46,2025-08-29 00:00:00
TX_003298,CUST_0507,PROD_050,7,18.48,2025-09-13 00:00:00
TX_003299,CUST_0668,PROD_002,1,344.63,2025-05-30 00:00:00
TX_003300,CUST_0095,PROD_018,10,202.87,2025-11-09 00:00:00
TX_003301,CUST_0056,PROD_003,8,308.02,2025-12-30 00:00:00
TX_003302,CUST_0829,PROD_058,9,83.38,2025-05-29 00:00:00
TX_003303,CUST_9999,PROD_086,2,370.23,2025-08-06 00:00:00
TX_003304,CUST_0906,PROD_075,9,420.88,2025-08-15 00:00:00
TX_003305,CUST_0647,PROD_092,10,394.33,2025-10-11 00:00:00
TX_003306,CUST_0986,PROD_064,6,357.36,2025-04-13 00:00:00
TX_003307,CUST_0747,PROD_051,6,311.2,2025-09-02 00:00:00
TX_003308,CUST_0760,PROD_059,1,177.85,2025-04-08 00:00:00
TX_003309,CUST_0851,PROD_009,3,269.69,2025-06-12 00:00:00
TX_003310,CUST_0922,PROD_024,8,433.2,2025-09-24 00:00:00
TX_003311,CUST_0319,PROD_093,10,89.47,2025-02-13 00:00:00
TX_003312,CUST_0495,PROD_999,7,345.8,2025/10/17
TX_003313,CUST_0762,PROD_005,7,281.84,2025-12-16 00:00:00
TX_003314,CUST_0871,PROD_098,9,464.79,2025-08-05 00:00:00
TX_003315,CUST_0809,PROD_086,7,27.73,2025-07-24 00:00:00
TX_003316,CUST_0717,PROD_058,4,368.83,2025-06-17 00:00:00
TX_003317,CUST_0653,PROD_097,8,243.29,2025-12-04 00:00:00
TX_003318,CUST_0602,PROD_043,9,327.24,2025-09-15 00:00:00
TX_003319,CUST_0656,PROD_068,8,79.87,2025-06-25 00:00:00
TX_003320,CUST_0737,PROD_081,3,28.0,2025-01-11 00:00:00
TX_003321,CUST_0034,PROD_011,6,34.34,2025-08-28 00:00:00
TX_003322,CUST_0621,PROD_015,7,192.59,2025-09-25 00:00:00
TX_003323,CUST_0235,PROD_082,6,316.69,2025/08/12
TX_003324,CUST_0035,PROD_057,6,27.29,2025-01-22 00:00:00
TX_003325,CUST_0617,PROD_083,9,295.64,2025-03-08 00:00:00
TX_003326,CUST_0077,PROD_050,5,305.46,2025-06-07 00:00:00
TX_003327,CUST_0714,PROD_084,9,472.99,2025-12-14 00:00:00
TX_003328,CUST_0433,PROD_052,5,246.18,2025-03-26 00:00:00
TX_003329,CUST_0200,PROD_068,4,121.68,2025-02-03 00:00:00
TX_003330,CUST_0377,PROD_083,10,317.18,2025-12-30 00:00:00
TX_003331,CUST_0073,PROD_094,1,133.63,2025-04-19 00:00:00
TX_003332,CUST_0038,PROD_093,9,434.55,2025-10-06 00:00:00
TX_003333,CUST_0340,PROD_014,5,10.07,2025-10-22 00:00:00
TX_003334,CUST_0105,PROD_065,8,109.32,2025-09-12 00:00:00
TX_003335,CUST_0500,PROD_051,7,479.83,2025-10-15 00:00:00
TX_003336,CUST_0471,PROD_070,5,192.97,2025-02-25 00:00:00
TX_003337,CUST_0748,PROD_049,5,166.13,2025-07-29 00:00:00
TX_003338,CUST_0900,PROD_020,6,113.42,2025-02-25 00:00:00
TX_003339,CUST_0986,PROD_023,3,394.38,2025-10-27 00:00:00
TX_003340,CUST_0633,PROD_047,1,279.91,2025-11-20 00:00:00
TX_003341,CUST_0925,PROD_030,4,49.33,2025-06-22 00:00:00
TX_003342,CUST_0869,PROD_036,3,194.41,2025-02-12 00:00:00
TX_003343,CUST_0518,PROD_054,6,23.26,2025-05-16 00:00:00
TX_003344,CUST_0380,PROD_037,6,342.68,2025-09-14 00:00:00
TX_003345,CUST_0849,PROD_037,6,132.19,2025-12-04 00:00:00
TX_003346,CUST_0235,PROD_094,8,281.06,2025-05-11 00:00:00
TX_003347,CUST_0878,PROD_078,4,406.24,2025-04-09 00:00:00
TX_003348,CUST_0667,PROD_040,3,409.29,2025-12-10 00:00:00
TX_003349,CUST_0996,PROD_087,2,158.94,2025-05-14 00:00:00
TX_003350,CUST_0007,PROD_056,2,99.22,2025-04-08 00:00:00
TX_003351,CUST_0700,PROD_072,4,75.97,2025-08-09 00:00:00
TX_003352,CUST_0426,PROD_016,6,175.62,2025-01-05 00:00:00
TX_003353,CUST_0272,PROD_081,6,387.5,2025-09-04 00:00:00
TX_003354,CUST_0127,PROD_036,9,461.72,2025/12/23
TX_003355,CUST_0148,PROD_025,4,156.89,2025-12-21 00:00:00
TX_003356,CUST_0434,PROD_014,4,79.97,2025-08-29 00:00:00
TX_003357,CUST_0317,PROD_017,8,226.34,2025-08-08 00:00:00
TX_003358,CUST_0688,PROD_066,2,292.41,2025-05-30 00:00:00
TX_003359,CUST_0915,PROD_059,5,293.87,2025-03-19 00:00:00
TX_003360,CUST_0398,PROD_026,7,247.05,2025-11-23 00:00:00
TX_003361,CUST_0826,PROD_034,10,482.15,2025-01-03 00:00:00
TX_003362,CUST_0829,PROD_057,9,108.57,2025/04/06
TX_003363,CUST_0253,PROD_092,4,437.78,2025-09-05 00:00:00
TX_003364,CUST_9999,PROD_006,4,279.52,2025-10-01 00:00:00
TX_003365,CUST_0654,PROD_086,2,258.48,2025-02-23 00:00:00
TX_003366,CUST_0024,PROD_055,3,271.18,2025-03-03 00:00:00
TX_003367,CUST_0749,PROD_010,2,180.04,2025-12-09 00:00:00
TX_003368,CUST_0194,PROD_032,5,405.51,2025-06-12 00:00:00
TX_003369,CUST_0774,PROD_002,9,213.02,2025-04-04 00:00:00
TX_003370,CUST_0123,PROD_005,3,208.15,2025-12-01 00:00:00
TX_003371,CUST_0101,PROD_078,3,76.58,2025-06-22 00:00:00
TX_003372,CUST_0300,PROD_055,2,471.67,2025-05-06 00:00:00
TX_003373,CUST_0257,PROD_068,5,21.42,2025-06-15 00:00:00
TX_003374,CUST_0636,PROD_003,7,72.29,2025-11-11 00:00:00
TX_003375,CUST_0979,PROD_024,7,267.83,2025-08-03 00:00:00
TX_003376,CUST_0440,PROD_012,7,280.79,2025-12-11 00:00:00
TX_003377,CUST_0086,PROD_029,8,492.89,2025-01-28 00:00:00
TX_003378,CUST_0170,PROD_097,4,291.39,2025-04-10 00:00:00
TX_003379,CUST_0318,PROD_007,6,423.53,2025-12-07 00:00:00
TX_003380,CUST_0082,PROD_081,3,492.55,2025-05-26 00:00:00
TX_003381,CUST_0669,PROD_058,10,264.1,2025-10-01 00:00:00
TX_003382,CUST_0130,PROD_060,4,268.81,2025-06-19 00:00:00
TX_003383,CUST_0425,PROD_074,8,336.96,2025-03-31 00:00:00
TX_003384,CUST_0077,PROD_076,4,277.58,2025-06-01 00:00:00
TX_003385,CUST_0598,PROD_011,9,270.82,2025-06-09 00:00:00
TX_003386,CUST_0107,PROD_081,10,90.98,2025-05-19 00:00:00
TX_003387,CUST_0842,PROD_067,4,241.63,2025-06-29 00:00:00
TX_003388,CUST_0749,PROD_036,6,274.36,2025-10-04 00:00:00
TX_003389,CUST_0390,PROD_005,10,292.62,2025-04-07 00:00:00
TX_003390,CUST_0195,PROD_010,4,384.11,2025-10-28 00:00:00
TX_003391,CUST_9999,PROD_031,2,404.06,2025-07-11 00:00:00
TX_003392,CUST_0542,PROD_999,1,46.28,2025/07/27
TX_003393,CUST_0410,PROD_027,6,96.87,2025-08-11 00:00:00
TX_003394,CUST_0785,PROD_073,4,43.24,2025-07-18 00:00:00
TX_003395,CUST_0792,PROD_030,4,62.9,2025-02-18 00:00:00
TX_003396,CUST_0320,PROD_001,2,240.3,2025-12-20 00:00:00
TX_003397,CUST_0605,PROD_095,5,27.87,2025-02-26 00:00:00
TX_003398,CUST_0742,PROD_010,10,448.51,2025/01/06
TX_003399,CUST_0682,PROD_057,4,320.66,2025-03-22 00:00:00
TX_003400,CUST_0748,PROD_012,-1,238.56,2025-08-10 00:00:00
TX_003401,CUST_0225,PROD_004,3,353.74,2025-09-27 00:00:00
TX_003402,CUST_0201,PROD_054,6,372.53,2025-01-12 00:00:00
TX_003403,CUST_0396,PROD_058,8,224.68,2025-02-11 00:00:00
TX_003404,CUST_0753,PROD_064,6,99.86,2025-03-07 00:00:00
TX_003405,CUST_0552,PROD_087,6,85.79,2025-03-04 00:00:00
TX_003406,CUST_0237,PROD_094,9,431.62,2025-02-20 00:00:00
TX_003407,CUST_0233,PROD_034,3,363.04,2025-03-01 00:00:00
TX_003408,CUST_0986,PROD_047,5,483.25,2025-08-14 00:00:00
TX_003409,CUST_0418,PROD_095,8,448.37,2026-01-01 00:00:00
TX_003410,CUST_0002,PROD_052,10,163.98,2025-06-12 00:00:00
TX_003411,CUST_0975,PROD_001,4,130.81,2025-03-04 00:00:00
TX_003412,CUST_0771,PROD_012,8,19.32,2025-02-23 00:00:00
TX_003413,CUST_0233,PROD_017,8,110.54,2025-04-24 00:00:00
TX_003414,CUST_0180,PROD_004,4,482.58,2025-08-29 00:00:00
TX_003415,CUST_0865,PROD_004,2,287.02,2025-12-07 00:00:00
TX_003416,CUST_0650,PROD_017,7,362.79,2025-12-30 00:00:00
TX_003417,CUST_0305,PROD_010,2,213.47,2025-05-24 00:00:00
TX_003418,CUST_0354,PROD_085,2,418.93,2025-05-10 00:00:00
TX_003419,CUST_0598,PROD_056,3,141.0,2025-09-28 00:00:00
TX_003420,CUST_0128,PROD_038,3,372.46,2025-02-10 00:00:00
TX_003421,CUST_0820,PROD_067,10,405.43,2025-02-20 00:00:00
TX_003422,CUST_0305,PROD_089,7,198.5,2025/03/17
TX_003423,CUST_0588,PROD_042,4,381.82,2025/04/30
TX_003424,CUST_0554,PROD_041,1,217.92,2025-06-15 00:00:00
TX_003425,CUST_0197,PROD_028,8,490.3,2025-12-01 00:00:00
TX_003426,CUST_0596,PROD_096,4,318.2,2025/12/17
TX_003427,CUST_0094,PROD_069,7,290.42,2025-12-17 00:00:00
TX_003428,CUST_0770,PROD_072,9,117.57,2025-01-08 00:00:00
TX_003429,CUST_0661,PROD_036,5,246.78,2025-09-13 00:00:00
TX_003430,CUST_0457,PROD_084,10,237.05,2025-08-10 00:00:00
TX_003431,CUST_0193,PROD_065,6,82.34,2025-07-05 00:00:00
TX_003432,CUST_0991,PROD_041,1,130.79,2025-01-03 00:00:00
TX_003433,CUST_0038,PROD_096,2,261.58,2025-11-15 00:00:00
TX_003434,CUST_0917,PROD_003,10,182.44,2025/10/17
TX_003435,CUST_0726,PROD_045,8,461.24,2025-03-20 00:00:00
TX_003436,CUST_0916,PROD_050,7,255.14,2025-07-23 00:00:00
TX_003437,CUST_0353,PROD_055,2,49.74,2025-06-27 00:00:00
TX_003438,CUST_0781,PROD_063,9,324.81,2025/11/10
TX_003439,CUST_0111,PROD_026,2,382.26,2025-03-18 00:00:00
TX_003440,CUST_0943,PROD_043,10,74.07,2025-10-11 00:00:00
TX_003441,CUST_0329,PROD_011,3,168.02,2025-09-06 00:00:00
TX_003442,CUST_0439,PROD_045,7,66.03,2025-03-31 00:00:00
TX_003443,CUST_0535,PROD_036,3,250.92,2025-12-29 00:00:00
TX_003444,CUST_0647,PROD_030,8,432.14,2025-04-03 00:00:00
TX_003445,CUST_0634,PROD_002,10,130.05,2025-01-18 00:00:00
TX_003446,CUST_0986,PROD_048,9,230.4,2025-11-13 00:00:00
TX_003447,CUST_0702,PROD_085,6,498.21,2025-03-11 00:00:00
TX_003448,CUST_0676,PROD_083,1,432.44,2025-10-22 00:00:00
TX_003449,CUST_0882,PROD_091,10,115.75,2025-06-01 00:00:00
TX_003450,CUST_0432,PROD_045,8,78.74,2025-09-24 00:00:00
TX_003451,CUST_0147,PROD_020,2,123.48,2025-02-23 00:00:00
TX_003452,CUST_0151,PROD_027,1,57.92,2025-09-01 00:00:00
TX_003453,CUST_0091,PROD_034,7,487.3,2025-05-23 00:00:00
TX_003454,CUST_0591,PROD_014,3,109.51,2025-03-06 00:00:00
TX_003455,CUST_0069,PROD_032,9,377.54,2025-12-27 00:00:00
TX_003456,CUST_0624,PROD_014,4,242.62,2025-09-27 00:00:00
TX_003457,CUST_0901,PROD_027,8,310.9,2025-03-05 00:00:00
TX_003458,CUST_0869,PROD_095,9,96.97,2025-07-12 00:00:00
TX_003459,CUST_0429,PROD_048,2,314.17,2025-02-08 00:00:00
TX_003460,CUST_0618,PROD_077,9,281.76,2025-05-07 00:00:00
TX_003461,CUST_0570,PROD_057,4,274.15,2025-02-19 00:00:00
TX_003462,CUST_0126,PROD_074,5,200.87,2025-06-06 00:00:00
TX_003463,CUST_0064,PROD_063,1,12.68,2025-04-30 00:00:00
TX_003464,CUST_0267,PROD_034,9,363.15,2025-12-08 00:00:00
TX_003465,CUST_0367,PROD_096,4,261.15,2025/06/14
TX_003466,CUST_0575,PROD_076,9,383.06,2025-06-24 00:00:00
TX_003467,CUST_0449,PROD_048,7,386.22,2025-02-21 00:00:00
TX_003468,CUST_0481,PROD_005,8,387.04,2025-07-15 00:00:00
TX_003469,CUST_0552,PROD_085,7,110.52,2025/04/30
TX_003470,CUST_0142,PROD_090,2,499.46,2025-10-30 00:00:00
TX_003471,CUST_0053,PROD_063,4,364.57,2025-04-08 00:00:00
TX_003472,CUST_0999,PROD_010,8,9.17,2025-04-21 00:00:00
TX_003473,CUST_0433,PROD_013,9,292.45,2025-01-27 00:00:00
TX_003474,CUST_0760,PROD_006,8,76.22,2025-02-19 00:00:00
TX_003475,CUST_0920,PROD_039,3,152.78,2025-10-14 00:00:00
TX_003476,CUST_0302,PROD_042,1,385.05,2025-06-18 00:00:00
TX_003477,CUST_0050,PROD_029,7,404.5,2025-08-14 00:00:00
TX_003478,CUST_0050,PROD_021,1,312.59,2025-09-02 00:00:00
TX_003479,CUST_0047,PROD_041,6,10.53,2025/10/03
TX_003480,CUST_0849,PROD_096,5,142.45,2025-08-11 00:00:00
TX_003481,CUST_0163,PROD_058,5,150.74,2025/04/05
TX_003482,CUST_0114,PROD_082,6,452.57,2025-07-09 00:00:00
TX_003483,CUST_0860,PROD_036,1,284.17,2025/03/31
TX_003484,CUST_0702,PROD_077,10,341.38,2025-01-19 00:00:00
TX_003485,CUST_0459,PROD_081,2,155.09,2025-01-18 00:00:00
TX_003486,CUST_0107,PROD_062,1,287.6,2025-05-11 00:00:00
TX_003487,CUST_0888,PROD_067,5,7.75,2025/01/26
TX_003488,CUST_0077,PROD_092,7,131.16,2025-07-03 00:00:00
TX_003489,CUST_0433,PROD_069,8,178.75,2025-07-04 00:00:00
TX_003490,CUST_0291,PROD_051,7,71.6,2025-08-16 00:00:00
TX_003491,CUST_0395,PROD_090,8,303.21,2025/02/10
TX_003492,CUST_0350,PROD_014,7,179.69,2025-12-15 00:00:00
TX_003493,CUST_0241,PROD_043,10,16.14,2025-05-04 00:00:00
TX_003494,CUST_0900,PROD_010,8,132.08,2025-11-20 00:00:00
TX_003495,CUST_0992,PROD_093,7,439.66,2025-02-21 00:00:00
TX_003496,CUST_0469,PROD_021,4,65.21,2025-08-23 00:00:00
TX_003497,CUST_0742,PROD_049,2,209.58,2025-05-11 00:00:00
TX_003498,CUST_0859,PROD_098,9,305.43,2025-04-03 00:00:00
TX_003499,CUST_0467,PROD_099,2,434.07,2025-05-04 00:00:00
TX_003500,CUST_0557,PROD_088,0,341.94,2025-09-10 00:00:00
TX_003501,CUST_0322,PROD_059,6,489.67,2025-02-17 00:00:00
TX_003502,CUST_0614,PROD_074,5,14.91,2025-01-03 00:00:00
TX_003503,CUST_0696,PROD_070,5,449.04,2025-05-01 00:00:00
TX_003504,CUST_0317,PROD_038,9,372.02,2025-09-15 00:00:00
TX_003505,CUST_9999,PROD_097,4,241.82,2025-12-08 00:00:00
TX_003506,CUST_0857,PROD_074,8,462.99,2025-08-20 00:00:00
TX_003507,CUST_0562,PROD_045,2,283.64,2025-10-03 00:00:00
TX_003508,CUST_0915,PROD_056,8,219.1,2025-12-22 00:00:00
TX_003509,CUST_0168,PROD_077,4,447.59,2025-03-25 00:00:00
TX_003510,CUST_0702,PROD_084,10,109.24,2025-08-18 00:00:00
TX_003511,CUST_0032,PROD_046,7,377.25,2025-08-18 00:00:00
TX_003512,CUST_0768,PROD_056,4,399.27,2025-10-30 00:00:00
TX_003513,CUST_0852,PROD_085,5,428.58,2025-08-17 00:00:00
TX_003514,CUST_0228,PROD_046,8,423.71,2025-08-28 00:00:00
TX_003515,CUST_0748,PROD_096,1,350.12,2025-07-04 00:00:00
TX_003516,CUST_0578,PROD_080,10,439.64,2025-06-14 00:00:00
TX_003517,CUST_0759,PROD_081,4,247.85,2025-05-17 00:00:00
TX_003518,CUST_0732,PROD_044,8,198.24,2025-12-11 00:00:00
TX_003519,CUST_0693,PROD_024,1,355.75,2025/06/20
TX_003520,CUST_0700,PROD_100,1,344.48,2025-03-24 00:00:00
TX_003521,CUST_0268,PROD_091,3,240.03,2025-10-20 00:00:00
TX_003522,CUST_0995,PROD_092,9,292.63,2025-05-20 00:00:00
TX_003523,CUST_0874,PROD_003,4,207.83,2025-08-05 00:00:00
TX_003524,CUST_0384,PROD_056,5,135.78,2025-03-30 00:00:00
TX_003525,CUST_0585,PROD_047,1,33.03,2025-09-04 00:00:00
TX_003526,CUST_0211,PROD_029,8,250.39,2025-08-28 00:00:00
TX_003527,CUST_0570,PROD_054,5,284.3,2025-02-03 00:00:00
TX_003528,CUST_0878,PROD_003,8,402.39,2025-06-25 00:00:00
TX_003529,CUST_0203,PROD_010,6,216.41,2025-09-01 00:00:00
TX_003530,CUST_0291,PROD_062,1,15.46,2025-02-02 00:00:00
TX_003531,CUST_0631,PROD_075,1,75.0,2025-09-03 00:00:00
TX_003532,CUST_0886,PROD_092,3,380.16,2025-05-23 00:00:00
TX_003533,CUST_0008,PROD_049,10,321.16,2025-11-09 00:00:00
TX_003534,CUST_0358,PROD_039,7,451.05,2025-01-21 00:00:00
TX_003535,CUST_0319,PROD_077,2,135.27,2025-07-02 00:00:00
TX_003536,CUST_0169,PROD_004,4,414.07,2025-10-16 00:00:00
TX_003537,CUST_0122,PROD_078,7,492.01,2025-12-15 00:00:00
TX_003538,CUST_0316,PROD_038,4,281.02,2025-04-17 00:00:00
TX_003539,CUST_0588,PROD_068,9,153.46,2025-05-05 00:00:00
TX_003540,CUST_0628,PROD_081,6,31.59,2025/05/05
TX_003541,CUST_0368,PROD_061,3,343.47,2025-02-10 00:00:00
TX_003542,CUST_0153,PROD_046,1,474.65,2025-06-18 00:00:00
TX_003543,CUST_0909,PROD_019,5,431.65,2025-12-02 00:00:00
TX_003544,CUST_0504,PROD_019,7,477.31,2025-08-25 00:00:00
TX_003545,CUST_0493,PROD_086,9,286.85,2025-05-18 00:00:00
TX_003546,CUST_0352,PROD_056,8,87.04,2025-09-07 00:00:00
TX_003547,CUST_0786,PROD_011,1,150.81,2025-08-15 00:00:00
TX_003548,CUST_0339,PROD_080,7,160.18,2025-05-25 00:00:00
TX_003549,CUST_0452,PROD_066,1,74.66,2025/05/27
TX_003550,CUST_0017,PROD_014,10,39.19,2025-11-01 00:00:00
TX_003551,CUST_0509,PROD_024,7,185.38,2025-09-28 00:00:00
TX_003552,CUST_0811,PROD_046,6,19.83,2025-10-26 00:00:00
TX_003553,CUST_0130,PROD_004,2,361.04,2025-09-19 00:00:00
TX_003554,CUST_0462,PROD_012,4,241.19,2025/12/22
TX_003555,CUST_0135,PROD_089,8,141.24,2025/04/08
TX_003556,CUST_0737,PROD_004,8,499.47,2025-01-04 00:00:00
TX_003557,CUST_0912,PROD_028,4,417.74,2025-09-04 00:00:00
TX_003558,CUST_0171,PROD_001,2,331.96,2025-05-29 00:00:00
TX_003559,CUST_0158,PROD_071,10,427.16,2025-03-23 00:00:00
TX_003560,CUST_0535,PROD_999,1,210.88,2025-04-17 00:00:00
TX_003561,CUST_0874,PROD_007,3,458.2,2025-06-10 00:00:00
TX_003562,CUST_0555,PROD_070,1,418.1,2025/08/30
TX_003563,CUST_0064,PROD_005,5,172.79,2025-02-12 00:00:00
TX_003564,CUST_0144,PROD_074,6,307.57,2025-11-18 00:00:00
TX_003565,CUST_0310,PROD_077,4,400.42,2025-12-26 00:00:00
TX_003566,CUST_0101,PROD_078,7,211.48,2025-06-17 00:00:00
TX_003567,CUST_0681,PROD_041,8,178.22,2025-05-20 00:00:00
TX_003568,CUST_0535,PROD_050,10,438.98,2025-12-06 00:00:00
TX_003569,CUST_0225,PROD_098,8,172.07,2025-05-13 00:00:00
TX_003570,CUST_0327,PROD_064,2,397.7,2025-06-03 00:00:00
TX_003571,CUST_0199,PROD_048,9,15.43,2025-02-08 00:00:00
TX_003572,CUST_0677,PROD_063,1,280.55,2025-07-25 00:00:00
TX_003573,CUST_0668,PROD_034,5,368.39,2025-02-16 00:00:00
TX_003574,CUST_0572,PROD_080,5,384.05,2025-07-27 00:00:00
TX_003575,CUST_0125,PROD_006,2,167.56,2025-03-05 00:00:00
TX_003576,CUST_0851,PROD_023,7,257.37,2025-11-13 00:00:00
TX_003577,CUST_0601,PROD_009,7,364.18,2025-12-07 00:00:00
TX_003578,CUST_0012,PROD_049,9,43.91,2025/12/01
TX_003579,CUST_0160,PROD_029,7,183.17,2025-08-30 00:00:00
TX_003580,CUST_0958,PROD_095,2,343.17,2025-06-10 00:00:00
TX_003581,CUST_0172,PROD_004,8,219.05,2025-02-11 00:00:00
TX_003582,CUST_0713,PROD_015,9,440.89,2025-01-03 00:00:00
TX_003583,CUST_0513,PROD_037,6,184.48,2025-08-12 00:00:00
TX_003584,CUST_0990,PROD_006,7,216.8,2025-03-09 00:00:00
TX_003585,CUST_0327,PROD_023,9,381.06,2025-06-03 00:00:00
TX_003586,CUST_0421,PROD_999,10,398.8,2025-02-26 00:00:00
TX_003587,CUST_0362,PROD_080,8,269.69,2025-04-11 00:00:00
TX_003588,CUST_0575,PROD_007,9,340.55,2025-02-22 00:00:00
TX_003589,CUST_0708,PROD_035,5,345.6,2025-11-18 00:00:00
TX_003590,CUST_0060,PROD_086,3,174.41,2025-07-27 00:00:00
TX_003591,CUST_0443,PROD_096,1,430.55,2025/10/04
TX_003592,CUST_0079,PROD_052,3,360.25,2025-12-01 00:00:00
TX_003593,CUST_0128,PROD_048,6,311.43,2025-11-15 00:00:00
TX_003594,CUST_0898,PROD_097,2,220.62,2025-07-31 00:00:00
TX_003595,CUST_0712,PROD_051,4,195.95,2025-01-28 00:00:00
TX_003596,CUST_0770,PROD_025,3,405.65,2025-11-13 00:00:00
TX_003597,CUST_0566,PROD_071,1,196.67,2025/05/18
TX_003598,CUST_0949,PROD_084,9,251.52,2025-02-19 00:00:00
TX_003599,CUST_0410,PROD_037,2,378.56,2025-01-27 00:00:00
TX_003600,CUST_0661,PROD_066,-1,147.16,2025-05-04 00:00:00
TX_003601,CUST_0474,PROD_097,1,141.94,2025-02-01 00:00:00
TX_003602,CUST_0849,PROD_999,9,306.56,2025-11-18 00:00:00
TX_003603,CUST_0566,PROD_088,4,237.8,2025-11-16 00:00:00
TX_003604,CUST_0958,PROD_007,6,375.05,2025/05/05
TX_003605,CUST_0260,PROD_068,10,16.68,2025-08-22 00:00:00
TX_003606,CUST_0386,PROD_999,1,163.72,2025-11-19 00:00:00
TX_003607,CUST_0243,PROD_070,6,458.2,2025-06-18 00:00:00
TX_003608,CUST_0001,PROD_024,8,157.19,2025-07-15 00:00:00
TX_003609,CUST_0667,PROD_057,3,175.51,2025-04-25 00:00:00
TX_003610,CUST_0287,PROD_047,2,163.2,2025-07-09 00:00:00
TX_003611,CUST_0675,PROD_060,2,50.48,2025-08-13 00:00:00
TX_003612,CUST_0708,PROD_999,6,65.43,2025-11-15 00:00:00
TX_003613,CUST_0548,PROD_004,6,375.59,2025-05-29 00:00:00
TX_003614,CUST_0007,PROD_081,1,488.88,2025/07/11
TX_003615,CUST_0436,PROD_099,3,239.05,2025-12-25 00:00:00
TX_003616,CUST_0784,PROD_075,5,226.8,2025-09-19 00:00:00
TX_003617,CUST_0087,PROD_020,6,93.19,2025-04-15 00:00:00
TX_003618,CUST_0105,PROD_026,7,406.54,2025/08/13
TX_003619,CUST_0253,PROD_027,10,423.43,2025/11/12
TX_003620,CUST_0143,PROD_056,7,291.41,2025-04-08 00:00:00
TX_003621,CUST_0876,PROD_089,4,46.6,2025-06-06 00:00:00
TX_003622,CUST_0574,PROD_054,9,381.51,2025/07/08
TX_003623,CUST_0655,PROD_038,7,352.11,2025-12-01 00:00:00
TX_003624,CUST_0917,PROD_075,8,439.32,2025-04-27 00:00:00
TX_003625,CUST_0095,PROD_002,5,82.05,2025-04-18 00:00:00
TX_003626,CUST_0491,PROD_073,7,7.01,2025-03-16 00:00:00
TX_003627,CUST_0315,PROD_034,1,17.0,2025-06-08 00:00:00
TX_003628,CUST_0892,PROD_055,9,155.09,2025-01-21 00:00:00
TX_003629,CUST_0797,PROD_021,8,160.67,2025-09-17 00:00:00
TX_003630,CUST_0415,PROD_004,6,106.55,2025-09-06 00:00:00
TX_003631,CUST_0302,PROD_006,10,232.9,2025-02-17 00:00:00
TX_003632,CUST_0348,PROD_064,1,317.3,2025-08-27 00:00:00
TX_003633,CUST_0812,PROD_001,10,255.97,2025-11-17 00:00:00
TX_003634,CUST_0848,PROD_052,8,266.06,2025-12-18 00:00:00
TX_003635,CUST_0140,PROD_070,10,196.67,2025-01-08 00:00:00
TX_003636,CUST_0818,PROD_065,9,36.33,2025-03-23 00:00:00
TX_003637,CUST_0335,PROD_070,5,191.83,2025-09-15 00:00:00
TX_003638,CUST_0154,PROD_077,3,82.61,2025-05-27 00:00:00
TX_003639,CUST_0935,PROD_057,1,112.39,2025-01-22 00:00:00
TX_003640,CUST_0542,PROD_001,10,275.3,2025-06-27 00:00:00
TX_003641,CUST_0934,PROD_006,5,449.2,2025-10-01 00:00:00
TX_003642,CUST_0652,PROD_089,8,458.41,2025-11-21 00:00:00
TX_003643,CUST_0205,PROD_086,9,345.43,2025-08-05 00:00:00
TX_003644,CUST_0850,PROD_041,10,442.65,2025-09-01 00:00:00
TX_003645,CUST_0050,PROD_093,9,9.26,2025-12-26 00:00:00
TX_003646,CUST_0685,PROD_031,8,57.92,2025-08-03 00:00:00
TX_003647,CUST_0636,PROD_011,6,394.33,2025-06-13 00:00:00
TX_003648,CUST_0202,PROD_094,8,104.14,2025-02-09 00:00:00
TX_003649,CUST_0245,PROD_086,6,196.91,2025-03-12 00:00:00
TX_003650,CUST_0565,PROD_033,4,102.21,2025-02-26 00:00:00
TX_003651,CUST_0921,PROD_005,6,326.39,2025-11-12 00:00:00
TX_003652,CUST_0066,PROD_002,8,262.82,2025-07-25 00:00:00
TX_003653,CUST_9999,PROD_057,8,150.68,2025-07-17 00:00:00
TX_003654,CUST_0995,PROD_041,7,174.76,2025-03-06 00:00:00
TX_003655,CUST_0616,PROD_043,9,395.18,2025-07-25 00:00:00
TX_003656,CUST_0113,PROD_021,3,491.42,2025-08-04 00:00:00
TX_003657,CUST_0888,PROD_013,6,494.58,2025-05-14 00:00:00
TX_003658,CUST_0898,PROD_030,9,206.54,2025-10-03 00:00:00
TX_003659,CUST_0277,PROD_069,10,264.74,2025-03-12 00:00:00
TX_003660,CUST_0518,PROD_065,7,97.42,2025-07-31 00:00:00
TX_003661,CUST_0124,PROD_052,6,251.13,2025-11-25 00:00:00
TX_003662,CUST_0640,PROD_084,2,354.49,2025-10-24 00:00:00
TX_003663,CUST_0475,PROD_001,7,20.57,2025-02-09 00:00:00
TX_003664,CUST_0585,PROD_082,1,294.81,2025/08/11
TX_003665,CUST_0075,PROD_011,1,28.24,2025-02-24 00:00:00
TX_003666,CUST_0662,PROD_040,4,24.18,2025-02-19 00:00:00
TX_003667,CUST_0551,PROD_017,8,364.95,2025-11-30 00:00:00
TX_003668,CUST_0009,PROD_041,3,411.57,2025-03-08 00:00:00
TX_003669,CUST_0938,PROD_026,1,252.04,2025-04-12 00:00:00
TX_003670,CUST_0813,PROD_100,7,286.93,2025/02/24
TX_003671,CUST_0828,PROD_009,2,407.81,2025-02-17 00:00:00
TX_003672,CUST_0002,PROD_046,1,475.48,2025-07-28 00:00:00
TX_003673,CUST_0939,PROD_033,4,158.51,2025-10-22 00:00:00
TX_003674,CUST_0848,PROD_056,6,35.13,2025-06-13 00:00:00
TX_003675,CUST_0718,PROD_034,2,45.44,2025/07/30
TX_003676,CUST_0722,PROD_071,9,361.98,2025-06-25 00:00:00
TX_003677,CUST_0552,PROD_073,3,34.37,2025-02-05 00:00:00
TX_003678,CUST_0336,PROD_068,3,382.54,2025-01-26 00:00:00
TX_003679,CUST_0561,PROD_003,4,315.45,2025-03-10 00:00:00
TX_003680,CUST_0572,PROD_100,5,117.5,2025-03-16 00:00:00
TX_003681,CUST_0936,PROD_064,5,439.69,2025-01-28 00:00:00
TX_003682,CUST_0968,PROD_017,5,319.96,2025-07-21 00:00:00
TX_003683,CUST_0985,PROD_095,9,109.49,2025-06-01 00:00:00
TX_003684,CUST_0840,PROD_085,2,15.78,2025-11-02 00:00:00
TX_003685,CUST_0598,PROD_079,9,86.7,2025-10-19 00:00:00
TX_003686,CUST_0532,PROD_017,9,67.69,2025-07-02 00:00:00
TX_003687,CUST_0963,PROD_007,3,145.67,2025/10/31
TX_003688,CUST_0745,PROD_074,10,48.85,2025-09-28 00:00:00
TX_003689,CUST_0719,PROD_045,2,327.07,2025-04-25 00:00:00
TX_003690,CUST_0564,PROD_060,1,259.49,2025-01-11 00:00:00
TX_003691,CUST_0146,PROD_031,10,167.75,2025-11-29 00:00:00
TX_003692,CUST_0922,PROD_084,5,429.16,2025/11/14
TX_003693,CUST_0253,PROD_021,2,320.4,2025-02-06 00:00:00
TX_003694,CUST_0312,PROD_085,9,43.97,2025-05-12 00:00:00
TX_003695,CUST_0446,PROD_082,8,30.67,2025-01-30 00:00:00
TX_003696,CUST_0052,PROD_083,1,321.04,2025-03-08 00:00:00
TX_003697,CUST_0909,PROD_033,4,69.35,2025-06-21 00:00:00
TX_003698,CUST_9999,PROD_078,9,31.03,2025/09/09
TX_003699,CUST_0495,PROD_067,8,249.84,2025-06-18 00:00:00
TX_003700,CUST_0391,PROD_080,7,418.72,2025-04-10 00:00:00
TX_003701,CUST_0616,PROD_035,2,433.85,2025-10-28 00:00:00
TX_003702,CUST_0743,PROD_092,10,81.04,2025-03-26 00:00:00
TX_003703,CUST_0037,PROD_046,2,161.26,2025-10-23 00:00:00
TX_003704,CUST_0582,PROD_070,8,479.08,2025-07-04 00:00:00
TX_003705,CUST_0396,PROD_010,8,289.2,2025/04/27
TX_003706,CUST_0612,PROD_043,7,440.53,2025-11-12 00:00:00
TX_003707,CUST_0952,PROD_081,1,75.54,2025-01-11 00:00:00
TX_003708,CUST_0352,PROD_055,5,333.14,2025-10-16 00:00:00
TX_003709,CUST_0951,PROD_001,6,64.71,2025-03-06 00:00:00
TX_003710,CUST_0110,PROD_054,4,52.3,2025/12/25
TX_003711,CUST_0602,PROD_050,10,108.06,2025-10-12 00:00:00
TX_003712,CUST_0344,PROD_064,5,339.38,2025-07-17 00:00:00
TX_003713,CUST_0975,PROD_012,2,374.7,2025-06-28 00:00:00
TX_003714,CUST_0423,PROD_018,1,225.01,2025-08-17 00:00:00
TX_003715,CUST_0636,PROD_039,5,328.8,2025-05-18 00:00:00
TX_003716,CUST_0770,PROD_041,10,485.74,2025-11-30 00:00:00
TX_003717,CUST_0415,PROD_001,10,474.19,2025-03-14 00:00:00
TX_003718,CUST_0153,PROD_058,4,334.55,2025-07-31 00:00:00
TX_003719,CUST_9999,PROD_042,2,448.37,2025-03-21 00:00:00
TX_003720,CUST_0243,PROD_025,2,328.25,2025-08-11 00:00:00
TX_003721,CUST_0977,PROD_014,5,142.52,2025-07-11 00:00:00
TX_003722,CUST_0159,PROD_052,8,344.72,2025-01-05 00:00:00
TX_003723,CUST_0112,PROD_031,5,497.43,2025/02/11
TX_003724,CUST_0762,PROD_049,5,233.41,2025-08-03 00:00:00
TX_003725,CUST_0809,PROD_059,4,363.93,2025-10-29 00:00:00
TX_003726,CUST_0617,PROD_008,6,6.34,2025-09-24 00:00:00
TX_003727,CUST_0312,PROD_007,10,392.79,2025-08-07 00:00:00
TX_003728,CUST_0637,PROD_082,1,432.59,2025-02-20 00:00:00
TX_003729,CUST_0685,PROD_060,4,419.0,2025-01-07 00:00:00
TX_003730,CUST_0607,PROD_077,1,475.71,2025-12-30 00:00:00
TX_003731,CUST_0856,PROD_026,1,467.6,2025-11-29 00:00:00
TX_003732,CUST_0116,PROD_007,7,202.05,2025-07-23 00:00:00
TX_003733,CUST_0942,PROD_074,1,138.25,2025-03-03 00:00:00
TX_003734,CUST_0962,PROD_056,4,56.44,2025-10-22 00:00:00
TX_003735,CUST_0067,PROD_080,7,338.18,2025-10-09 00:00:00
TX_003736,CUST_0142,PROD_020,10,432.1,2025-09-19 00:00:00
TX_003737,CUST_0262,PROD_040,8,228.9,2025-10-16 00:00:00
TX_003738,CUST_0314,PROD_028,8,177.37,2025-07-26 00:00:00
TX_003739,CUST_0883,PROD_058,5,460.7,2025-04-06 00:00:00
TX_003740,CUST_0074,PROD_057,2,450.19,2025-05-12 00:00:00
TX_003741,CUST_0727,PROD_999,4,426.75,2025-04-21 00:00:00
TX_003742,CUST_0180,PROD_042,7,225.81,2025-09-25 00:00:00
TX_003743,CUST_0327,PROD_024,5,377.41,2025-07-27 00:00:00
TX_003744,CUST_0244,PROD_058,2,212.97,2025/06/16
TX_003745,CUST_0344,PROD_028,2,189.98,2025-10-19 00:00:00
TX_003746,CUST_0176,PROD_016,10,36.05,2025-02-24 00:00:00
TX_003747,CUST_0495,PROD_075,1,18.03,2025-08-14 00:00:00
TX_003748,CUST_0626,PROD_034,1,386.14,2025-12-16 00:00:00
TX_003749,CUST_0202,PROD_029,10,131.2,2025-03-21 00:00:00
TX_003750,CUST_0191,PROD_091,2,313.01,2025-12-18 00:00:00
TX_003751,CUST_0112,PROD_065,7,478.82,2025-01-26 00:00:00
TX_003752,CUST_0149,PROD_038,5,430.77,2025-08-08 00:00:00
TX_003753,CUST_0797,PROD_062,8,343.99,2025-11-08 00:00:00
TX_003754,CUST_0839,PROD_061,1,280.77,2025-01-16 00:00:00
TX_003755,CUST_0706,PROD_036,1,131.2,2025-11-28 00:00:00
TX_003756,CUST_0661,PROD_023,5,499.24,2025-01-18 00:00:00
TX_003757,CUST_0749,PROD_067,7,50.72,2025-06-27 00:00:00
TX_003758,CUST_0365,PROD_088,5,307.33,2025-11-21 00:00:00
TX_003759,CUST_0206,PROD_076,6,432.6,2025-04-19 00:00:00
TX_003760,CUST_0078,PROD_018,7,120.04,2025-05-15 00:00:00
TX_003761,CUST_0297,PROD_097,8,350.19,2025/08/31
TX_003762,CUST_0627,PROD_022,7,255.55,2025-05-01 00:00:00
TX_003763,CUST_0760,PROD_089,5,131.75,2025/04/04
TX_003764,CUST_0009,PROD_041,6,241.26,2025-11-05 00:00:00
TX_003765,CUST_0760,PROD_014,4,313.17,2025-07-05 00:00:00
TX_003766,CUST_0509,PROD_027,8,184.0,2025-09-16 00:00:00
TX_003767,CUST_0497,PROD_041,3,408.83,2025-03-18 00:00:00
TX_003768,CUST_0302,PROD_033,3,52.52,2025-04-15 00:00:00
TX_003769,CUST_0989,PROD_056,6,471.85,2025-03-26 00:00:00
TX_003770,CUST_0457,PROD_002,7,356.18,2025-12-20 00:00:00
TX_003771,CUST_0091,PROD_040,9,89.49,2025/05/30
TX_003772,CUST_0327,PROD_024,6,368.66,2025-09-25 00:00:00
TX_003773,CUST_0388,PROD_096,8,16.53,2025-08-08 00:00:00
TX_003774,CUST_0740,PROD_060,4,193.36,2025/09/26
TX_003775,CUST_0273,PROD_018,7,76.08,2025-04-14 00:00:00
TX_003776,CUST_0838,PROD_048,1,36.44,2025-07-09 00:00:00
TX_003777,CUST_0921,PROD_100,4,418.59,2025-02-18 00:00:00
TX_003778,CUST_0909,PROD_044,7,426.34,2025-10-06 00:00:00
TX_003779,CUST_0434,PROD_012,4,493.69,2025-10-30 00:00:00
TX_003780,CUST_0064,PROD_089,6,127.85,2025-04-05 00:00:00
TX_003781,CUST_0155,PROD_091,3,329.08,2025-04-25 00:00:00
TX_003782,CUST_0800,PROD_043,8,345.53,2025-07-06 00:00:00
TX_003783,CUST_0997,PROD_050,5,404.19,2025-06-20 00:00:00
TX_003784,CUST_0786,PROD_022,3,10.95,2025-12-03 00:00:00
TX_003785,CUST_0836,PROD_087,5,400.99,2025-03-09 00:00:00
TX_003786,CUST_0792,PROD_067,1,226.55,2025-10-14 00:00:00
TX_003787,CUST_0091,PROD_056,10,298.35,2025-11-30 00:00:00
TX_003788,CUST_0697,PROD_050,9,103.84,2025-03-19 00:00:00
TX_003789,CUST_0299,PROD_067,7,12.28,2025-12-22 00:00:00
TX_003790,CUST_0706,PROD_014,1,126.51,2025-11-30 00:00:00
TX_003791,CUST_9999,PROD_043,7,456.89,2025-06-11 00:00:00
TX_003792,CUST_0786,PROD_010,3,111.06,2025-03-28 00:00:00
TX_003793,CUST_0004,PROD_071,9,381.05,2025-09-23 00:00:00
TX_003794,CUST_0141,PROD_001,8,54.23,2025-11-02 00:00:00
TX_003795,CUST_0419,PROD_004,4,391.08,2025-07-31 00:00:00
TX_003796,CUST_0684,PROD_085,9,146.67,2025-05-20 00:00:00
TX_003797,CUST_0276,PROD_026,3,218.61,2026-01-01 00:00:00
TX_003798,CUST_0854,PROD_072,4,389.01,2025-02-07 00:00:00
TX_003799,CUST_0113,PROD_030,9,446.49,2025-12-24 00:00:00
TX_003800,CUST_0961,PROD_063,-1,168.08,2025-07-12 00:00:00
TX_003801,CUST_0362,PROD_016,9,380.82,2025/01/17
TX_003802,CUST_0968,PROD_022,10,50.29,2025-12-21 00:00:00
TX_003803,CUST_0327,PROD_046,10,347.42,2025-06-08 00:00:00
TX_003804,CUST_0269,PROD_014,3,40.72,2025-09-28 00:00:00
TX_003805,CUST_0035,PROD_091,4,434.99,2025-09-10 00:00:00
TX_003806,CUST_0189,PROD_069,6,307.46,2025/03/27
TX_003807,CUST_0536,PROD_045,3,433.42,2025-03-27 00:00:00
TX_003808,CUST_0211,PROD_999,6,116.5,2025/01/22
TX_003809,CUST_0143,PROD_085,3,380.08,2025-02-02 00:00:00
TX_003810,CUST_0348,PROD_070,1,42.2,2025-12-06 00:00:00
TX_003811,CUST_0062,PROD_084,9,444.39,2025-02-16 00:00:00
TX_003812,CUST_0154,PROD_097,5,197.14,2025/07/18
TX_003813,CUST_0826,PROD_060,8,75.7,2025-09-09 00:00:00
TX_003814,CUST_0579,PROD_090,10,478.18,2025-01-04 00:00:00
TX_003815,CUST_0420,PROD_045,4,124.28,2025-04-16 00:00:00
TX_003816,CUST_0824,PROD_054,3,166.1,2025/02/04
TX_003817,CUST_0558,PROD_016,8,125.91,2025-07-05 00:00:00
TX_003818,CUST_0693,PROD_029,3,19.51,2025-07-22 00:00:00
TX_003819,CUST_0307,PROD_001,8,158.15,2025-11-23 00:00:00
TX_003820,CUST_0860,PROD_031,4,283.92,2025-04-24 00:00:00
TX_003821,CUST_0742,PROD_026,4,304.48,2025-10-29 00:00:00
TX_003822,CUST_0024,PROD_071,5,55.48,2025-03-14 00:00:00
TX_003823,CUST_0090,PROD_040,7,262.16,2025-11-28 00:00:00
TX_003824,CUST_0012,PROD_003,4,290.88,2025-11-21 00:00:00
TX_003825,CUST_0739,PROD_087,5,197.31,2025-05-28 00:00:00
TX_003826,CUST_0928,PROD_083,10,15.52,2025-04-20 00:00:00
TX_003827,CUST_0713,PROD_067,9,466.0,2025-01-04 00:00:00
TX_003828,CUST_9999,PROD_063,6,21.01,2025-06-25 00:00:00
TX_003829,CUST_0331,PROD_060,8,318.83,2025-01-11 00:00:00
TX_003830,CUST_0802,PROD_085,3,338.45,2025-09-21 00:00:00
TX_003831,CUST_0402,PROD_087,7,176.16,2025-10-03 00:00:00
TX_003832,CUST_0028,PROD_022,1,75.38,2025-01-02 00:00:00
TX_003833,CUST_0996,PROD_004,4,194.81,2025-12-11 00:00:00
TX_003834,CUST_0772,PROD_012,5,149.28,2025-03-15 00:00:00
TX_003835,CUST_0961,PROD_075,8,469.14,2025-06-22 00:00:00
TX_003836,CUST_0745,PROD_046,1,478.81,2025/01/27
TX_003837,CUST_0038,PROD_093,10,178.3,2025-08-29 00:00:00
TX_003838,CUST_0521,PROD_058,3,298.78,2025-04-15 00:00:00
TX_003839,CUST_0051,PROD_021,5,165.08,2025-11-27 00:00:00
TX_003840,CUST_0882,PROD_057,1,79.68,2025-04-12 00:00:00
TX_003841,CUST_0231,PROD_055,1,87.87,2025-07-05 00:00:00
TX_003842,CUST_0415,PROD_011,4,131.03,2025-02-17 00:00:00
TX_003843,CUST_0383,PROD_074,6,153.09,2025-02-05 00:00:00
TX_003844,CUST_0065,PROD_032,8,308.96,2025-06-29 00:00:00
TX_003845,CUST_0338,PROD_058,4,308.71,2025-04-19 00:00:00
TX_003846,CUST_0832,PROD_014,1,381.62,2025-10-06 00:00:00
TX_003847,CUST_0725,PROD_014,3,407.03,2025-07-15 00:00:00
TX_003848,CUST_0838,PROD_062,7,133.56,2025-10-12 00:00:00
TX_003849,CUST_0678,PROD_072,5,461.24,2025-01-30 00:00:00
TX_003850,CUST_0627,PROD_074,0,292.27,2025-03-21 00:00:00
TX_003851,CUST_0350,PROD_016,1,76.41,2025-06-26 00:00:00
TX_003852,CUST_0220,PROD_068,3,164.56,2025-06-20 00:00:00
TX_003853,CUST_0839,PROD_073,2,270.68,2025-03-04 00:00:00
TX_003854,CUST_0073,PROD_024,9,428.84,2025-11-06 00:00:00
TX_003855,CUST_0694,PROD_056,8,113.56,2025-01-08 00:00:00
TX_003856,CUST_0109,PROD_068,5,14.19,2025-08-09 00:00:00
TX_003857,CUST_0823,PROD_090,2,292.93,2025-11-28 00:00:00
TX_003858,CUST_9999,PROD_999,8,441.17,2025-10-24 00:00:00
TX_003859,CUST_0994,PROD_098,5,177.43,2025-12-28 00:00:00
TX_003860,CUST_0239,PROD_032,9,230.03,2025-08-11 00:00:00
TX_003861,CUST_0626,PROD_099,6,373.83,2025-07-10 00:00:00
TX_003862,CUST_0645,PROD_060,10,85.93,2025-07-13 00:00:00
TX_003863,CUST_0337,PROD_028,3,481.83,2025-04-27 00:00:00
TX_003864,CUST_0162,PROD_006,6,207.49,2025-06-14 00:00:00
TX_003865,CUST_0544,PROD_030,5,99.64,2025-08-18 00:00:00
TX_003866,CUST_0473,PROD_074,9,224.76,2025-12-22 00:00:00
TX_003867,CUST_0884,PROD_046,2,293.59,2025-08-30 00:00:00
TX_003868,CUST_0549,PROD_031,7,375.93,2025-08-15 00:00:00
TX_003869,CUST_0948,PROD_006,2,112.84,2025-02-08 00:00:00
TX_003870,CUST_0589,PROD_045,8,359.29,2025-08-12 00:00:00
TX_003871,CUST_0255,PROD_095,5,233.33,2025/03/29
TX_003872,CUST_0945,PROD_097,4,367.83,2025-06-09 00:00:00
TX_003873,CUST_0663,PROD_054,5,228.77,2025/04/10
TX_003874,CUST_0812,PROD_042,10,92.18,2025-07-26 00:00:00
TX_003875,CUST_0039,PROD_999,9,444.57,2025-05-18 00:00:00
TX_003876,CUST_0256,PROD_086,6,239.59,2025-02-23 00:00:00
TX_003877,CUST_0021,PROD_007,5,449.05,2025-09-18 00:00:00
TX_003878,CUST_0266,PROD_052,3,280.09,2025-03-29 00:00:00
TX_003879,CUST_0538,PROD_005,9,231.47,2025-08-11 00:00:00
TX_003880,CUST_0400,PROD_067,2,99.04,2025-03-10 00:00:00
TX_003881,CUST_0413,PROD_001,5,172.98,2025-11-29 00:00:00
TX_003882,CUST_0471,PROD_015,2,203.91,2025-09-08 00:00:00
TX_003883,CUST_0978,PROD_089,7,279.72,2025-02-19 00:00:00
TX_003884,CUST_0973,PROD_090,3,319.65,2025-12-23 00:00:00
TX_003885,CUST_0154,PROD_027,10,96.77,2025-12-19 00:00:00
TX_003886,CUST_0359,PROD_051,8,36.41,2025-01-27 00:00:00
TX_003887,CUST_0637,PROD_093,8,380.82,2025-08-21 00:00:00
TX_003888,CUST_0771,PROD_002,8,84.13,2025-12-20 00:00:00
TX_003889,CUST_0146,PROD_999,1,127.85,2025-02-15 00:00:00
TX_003890,CUST_0356,PROD_086,4,224.89,2025-11-21 00:00:00
TX_003891,CUST_0674,PROD_073,4,471.18,2025-01-30 00:00:00
TX_003892,CUST_0377,PROD_083,9,52.72,2025-08-06 00:00:00
TX_003893,CUST_0649,PROD_100,7,297.08,2025-03-18 00:00:00
TX_003894,CUST_0358,PROD_022,5,408.04,2025/08/01
TX_003895,CUST_0698,PROD_087,3,119.44,2025-01-27 00:00:00
TX_003896,CUST_0061,PROD_074,5,195.93,2025-01-20 00:00:00
TX_003897,CUST_0159,PROD_072,1,131.39,2025-08-13 00:00:00
TX_003898,CUST_0325,PROD_072,4,379.85,2025-03-07 00:00:00
TX_003899,CUST_0676,PROD_028,8,274.55,2025-10-12 00:00:00
TX_003900,CUST_0454,PROD_017,8,232.3,2025/07/28
TX_003901,CUST_0386,PROD_084,6,322.11,2025-12-28 00:00:00
TX_003902,CUST_0101,PROD_099,8,149.43,2025-12-24 00:00:00
TX_003903,CUST_0450,PROD_054,7,466.09,2025-05-05 00:00:00
TX_003904,CUST_0761,PROD_011,9,139.82,2025-04-24 00:00:00
TX_003905,CUST_0602,PROD_047,10,73.36,2025-11-09 00:00:00
TX_003906,CUST_0479,PROD_069,9,456.44,2025-04-09 00:00:00
TX_003907,CUST_0341,PROD_080,7,23.58,2025-03-08 00:00:00
TX_003908,CUST_0374,PROD_050,8,322.01,2025-03-21 00:00:00
TX_003909,CUST_0355,PROD_076,9,275.55,2025-02-06 00:00:00
TX_003910,CUST_0007,PROD_057,7,108.12,2025-03-24 00:00:00
TX_003911,CUST_9999,PROD_066,1,155.49,2025-09-09 00:00:00
TX_003912,CUST_0896,PROD_071,1,258.69,2025-07-12 00:00:00
TX_003913,CUST_0032,PROD_100,2,309.29,2025-10-31 00:00:00
TX_003914,CUST_0602,PROD_096,9,107.45,2025-04-16 00:00:00
TX_003915,CUST_0623,PROD_087,8,398.2,2025-10-29 00:00:00
TX_003916,CUST_0088,PROD_052,6,226.91,2025-07-06 00:00:00
TX_003917,CUST_0775,PROD_020,9,40.26,2025-01-06 00:00:00
TX_003918,CUST_0007,PROD_051,1,436.37,2025-06-22 00:00:00
TX_003919,CUST_0582,PROD_074,7,8.28,2025-01-15 00:00:00
TX_003920,CUST_0239,PROD_087,2,331.7,2025-04-10 00:00:00
TX_003921,CUST_0832,PROD_089,3,150.18,2025-12-22 00:00:00
TX_003922,CUST_0188,PROD_038,4,118.92,2025-12-20 00:00:00
TX_003923,CUST_0925,PROD_043,6,135.11,2025-01-09 00:00:00
TX_003924,CUST_0370,PROD_048,4,121.56,2025-09-26 00:00:00
TX_003925,CUST_0636,PROD_076,7,296.25,2025-07-13 00:00:00
TX_003926,CUST_0237,PROD_097,6,261.18,2025-01-19 00:00:00
TX_003927,CUST_0041,PROD_029,5,265.59,2025-05-14 00:00:00
TX_003928,CUST_0800,PROD_073,4,433.96,2025/11/10
TX_003929,CUST_0427,PROD_077,5,150.68,2025-02-05 00:00:00
TX_003930,CUST_0405,PROD_092,6,168.53,2025-08-14 00:00:00
TX_003931,CUST_0084,PROD_044,7,196.74,2025-10-13 00:00:00
TX_003932,CUST_0118,PROD_027,7,177.49,2025-09-27 00:00:00
TX_003933,CUST_0151,PROD_048,2,482.63,2025-01-27 00:00:00
TX_003934,CUST_0995,PROD_049,8,305.07,2025-10-24 00:00:00
TX_003935,CUST_0264,PROD_017,5,435.79,2025-07-16 00:00:00
TX_003936,CUST_0864,PROD_043,8,293.4,2025-03-02 00:00:00
TX_003937,CUST_0627,PROD_086,1,461.68,2025-10-03 00:00:00
TX_003938,CUST_0569,PROD_027,9,463.25,2025-09-28 00:00:00
TX_003939,CUST_0916,PROD_036,2,121.6,2025-07-18 00:00:00
TX_003940,CUST_0874,PROD_078,10,198.47,2025-01-05 00:00:00
TX_003941,CUST_0869,PROD_011,5,65.49,2025-12-21 00:00:00
TX_003942,CUST_0585,PROD_088,5,396.03,2025-05-14 00:00:00
TX_003943,CUST_0110,PROD_047,5,139.98,2025-03-19 00:00:00
TX_003944,CUST_0125,PROD_033,8,414.47,2025-03-25 00:00:00
TX_003945,CUST_0113,PROD_012,10,126.62,2025-03-05 00:00:00
TX_003946,CUST_0015,PROD_070,3,490.88,2025-01-16 00:00:00
TX_003947,CUST_0236,PROD_003,9,327.83,2025-07-10 00:00:00
TX_003948,CUST_0001,PROD_061,6,19.55,2025-04-08 00:00:00
TX_003949,CUST_0442,PROD_077,3,492.64,2025-07-21 00:00:00
TX_003950,CUST_0980,PROD_039,7,408.16,2025-02-17 00:00:00
TX_003951,CUST_0988,PROD_052,3,206.13,2025-08-14 00:00:00
TX_003952,CUST_0843,PROD_030,4,383.97,2025-07-20 00:00:00
TX_003953,CUST_0496,PROD_999,4,75.49,2025-07-29 00:00:00
TX_003954,CUST_0863,PROD_079,5,204.19,2025-07-07 00:00:00
TX_003955,CUST_0997,PROD_100,6,116.37,2025-06-02 00:00:00
TX_003956,CUST_0509,PROD_073,6,147.2,2025-03-09 00:00:00
TX_003957,CUST_0349,PROD_070,1,424.68,2025-12-25 00:00:00
TX_003958,CUST_0512,PROD_065,3,268.65,2025-01-13 00:00:00
TX_003959,CUST_0039,PROD_050,6,17.81,2025-11-21 00:00:00
TX_003960,CUST_0858,PROD_005,2,302.55,2025-04-22 00:00:00
TX_003961,CUST_0648,PROD_039,1,475.05,2025-03-04 00:00:00
TX_003962,CUST_0670,PROD_035,3,233.77,2025-09-22 00:00:00
TX_003963,CUST_0358,PROD_094,10,372.67,2025-04-12 00:00:00
TX_003964,CUST_0674,PROD_079,5,452.73,2025/01/11
TX_003965,CUST_0657,PROD_049,2,210.01,2025-12-09 00:00:00
TX_003966,CUST_0746,PROD_054,5,37.34,2025/04/20
TX_003967,CUST_0998,PROD_086,3,321.03,2025-07-08 00:00:00
TX_003968,CUST_0877,PROD_047,5,217.6,2025-02-02 00:00:00
TX_003969,CUST_0127,PROD_098,9,143.82,2025-07-30 00:00:00
TX_003970,CUST_0534,PROD_007,2,436.98,2025-09-20 00:00:00
TX_003971,CUST_0235,PROD_087,4,414.54,2025-04-19 00:00:00
TX_003972,CUST_0537,PROD_044,7,67.06,2025-09-30 00:00:00
TX_003973,CUST_0005,PROD_066,2,418.67,2025-05-08 00:00:00
TX_003974,CUST_0582,PROD_059,6,424.17,2025-05-06 00:00:00
TX_003975,CUST_0089,PROD_035,10,48.66,2025/06/12
TX_003976,CUST_0284,PROD_007,6,337.45,2025-06-11 00:00:00
TX_003977,CUST_0720,PROD_008,7,310.33,2025-12-05 00:00:00
TX_003978,CUST_0197,PROD_093,6,386.79,2025-08-21 00:00:00
TX_003979,CUST_0673,PROD_001,4,63.82,2025-10-01 00:00:00
TX_003980,CUST_0513,PROD_098,3,275.79,2025-12-19 00:00:00
TX_003981,CUST_0126,PROD_022,4,58.2,2025-07-01 00:00:00
TX_003982,CUST_0968,PROD_032,1,440.86,2025-06-25 00:00:00
TX_003983,CUST_0078,PROD_035,4,473.07,2025-11-15 00:00:00
TX_003984,CUST_0052,PROD_088,6,385.64,2025-07-08 00:00:00
TX_003985,CUST_0784,PROD_065,5,305.46,2025-07-10 00:00:00
TX_003986,CUST_0907,PROD_029,4,299.18,2025-11-05 00:00:00
TX_003987,CUST_0147,PROD_088,6,44.33,2025-10-04 00:00:00
TX_003988,CUST_0912,PROD_068,3,393.68,2025-09-29 00:00:00
TX_003989,CUST_9999,PROD_044,8,94.15,2025-09-18 00:00:00
TX_003990,CUST_0407,PROD_999,2,282.62,2025-10-15 00:00:00
TX_003991,CUST_0599,PROD_082,1,417.13,2025-05-30 00:00:00
TX_003992,CUST_0655,PROD_049,8,6.75,2025-04-18 00:00:00
TX_003993,CUST_0916,PROD_058,6,31.46,2025-10-24 00:00:00
TX_003994,CUST_0271,PROD_044,3,27.59,2025-07-24 00:00:00
TX_003995,CUST_0097,PROD_037,4,292.6,2025-11-20 00:00:00
TX_003996,CUST_0515,PROD_064,4,308.87,2025-01-22 00:00:00
TX_003997,CUST_0524,PROD_100,5,11.45,2025-09-02 00:00:00
TX_003998,CUST_0991,PROD_070,10,375.75,2025-01-01 00:00:00
TX_003999,CUST_0402,PROD_063,3,307.16,2025/11/29
TX_004000,CUST_0518,PROD_056,-1,45.86,2025-11-23 00:00:00
TX_004001,CUST_0861,PROD_009,1,246.91,2025-10-21 00:00:00
TX_004002,CUST_0700,PROD_018,1,274.14,2025-02-24 00:00:00
TX_004003,CUST_0395,PROD_999,1,42.24,2025/07/17
TX_004004,CUST_0454,PROD_043,3,494.64,2025/01/24
TX_004005,CUST_0605,PROD_095,7,438.76,2025-12-31 00:00:00
TX_004006,CUST_0078,PROD_004,5,78.44,2025-12-06 00:00:00
TX_004007,CUST_0288,PROD_039,7,419.2,2025-05-10 00:00:00
TX_004008,CUST_0079,PROD_051,1,217.88,2025-11-26 00:00:00
TX_004009,CUST_0337,PROD_016,9,63.35,2025-01-31 00:00:00
TX_004010,CUST_0053,PROD_033,8,312.22,2025-09-30 00:00:00
TX_004011,CUST_0195,PROD_095,6,384.86,2025-05-19 00:00:00
TX_004012,CUST_0878,PROD_070,6,230.0,2025-07-06 00:00:00
TX_004013,CUST_0462,PROD_029,7,316.07,2025-06-13 00:00:00
TX_004014,CUST_0573,PROD_078,2,417.56,2025-01-11 00:00:00
TX_004015,CUST_0446,PROD_062,9,144.77,2025-07-25 00:00:00
TX_004016,CUST_0089,PROD_037,6,420.51,2025-04-10 00:00:00
TX_004017,CUST_0541,PROD_070,3,17.89,2025-08-26 00:00:00
TX_004018,CUST_9999,PROD_099,8,178.01,2025-05-15 00:00:00
TX_004019,CUST_0890,PROD_092,2,474.5,2025-04-18 00:00:00
TX_004020,CUST_0214,PROD_019,4,31.09,2025-06-28 00:00:00
TX_004021,CUST_0359,PROD_029,4,433.46,2025-10-06 00:00:00
TX_004022,CUST_0529,PROD_082,1,269.96,2025-12-20 00:00:00
TX_004023,CUST_0162,PROD_099,6,253.55,2025-06-04 00:00:00
TX_004024,CUST_0124,PROD_041,8,461.68,2025/03/06
TX_004025,CUST_0220,PROD_067,2,5.39,2025-09-29 00:00:00
TX_004026,CUST_0930,PROD_055,4,456.87,2025/03/07
TX_004027,CUST_0857,PROD_084,8,61.7,2025-01-07 00:00:00
TX_004028,CUST_9999,PROD_053,9,324.17,2025-05-21 00:00:00
TX_004029,CUST_0630,PROD_061,4,178.21,2025-11-07 00:00:00
TX_004030,CUST_0688,PROD_060,5,488.62,2025-06-25 00:00:00
TX_004031,CUST_0778,PROD_073,8,360.14,2025-04-24 00:00:00
TX_004032,CUST_0182,PROD_050,1,116.15,2025-03-24 00:00:00
TX_004033,CUST_0984,PROD_004,2,136.19,2025-01-09 00:00:00
TX_004034,CUST_0127,PROD_083,2,178.82,2025-02-19 00:00:00
TX_004035,CUST_0456,PROD_008,5,246.39,2025-09-09 00:00:00
TX_004036,CUST_0858,PROD_012,6,321.12,2025-11-25 00:00:00
TX_004037,CUST_0471,PROD_100,9,387.91,2025-02-16 00:00:00
TX_004038,CUST_0036,PROD_071,9,48.11,2025-12-23 00:00:00
TX_004039,CUST_0396,PROD_074,9,33.7,2025-02-12 00:00:00
TX_004040,CUST_0410,PROD_073,4,206.67,2025-06-14 00:00:00
TX_004041,CUST_0503,PROD_081,4,145.77,2025-03-16 00:00:00
TX_004042,CUST_0193,PROD_060,7,76.4,2025-10-02 00:00:00
TX_004043,CUST_0043,PROD_037,8,154.2,2025-11-05 00:00:00
TX_004044,CUST_0484,PROD_067,8,16.97,2025-11-23 00:00:00
TX_004045,CUST_0214,PROD_022,9,356.23,2025-01-21 00:00:00
TX_004046,CUST_0317,PROD_057,8,453.36,2025-04-25 00:00:00
TX_004047,CUST_0692,PROD_017,9,456.21,2025-07-21 00:00:00
TX_004048,CUST_0015,PROD_014,10,223.95,2025-05-10 00:00:00
TX_004049,CUST_0872,PROD_024,3,155.16,2025-11-09 00:00:00
TX_004050,CUST_0236,PROD_023,2,240.95,2025-02-06 00:00:00
TX_004051,CUST_0295,PROD_039,6,133.97,2025/08/21
TX_004052,CUST_0670,PROD_999,1,180.45,2025-08-14 00:00:00
TX_004053,CUST_0090,PROD_054,5,269.67,2025-09-23 00:00:00
TX_004054,CUST_0512,PROD_059,7,28.0,2025-10-02 00:00:00
TX_004055,CUST_0587,PROD_082,3,460.48,2025-07-05 00:00:00
TX_004056,CUST_0244,PROD_002,4,440.58,2025-05-08 00:00:00
TX_004057,CUST_0723,PROD_014,5,53.86,2025-11-27 00:00:00
TX_004058,CUST_0067,PROD_038,8,432.86,2025-10-18 00:00:00
TX_004059,CUST_0163,PROD_074,9,410.58,2025-05-01 00:00:00
TX_004060,CUST_0513,PROD_091,1,338.73,2025-03-10 00:00:00
TX_004061,CUST_0907,PROD_090,2,457.69,2025-07-17 00:00:00
TX_004062,CUST_0399,PROD_078,1,417.37,2025-02-19 00:00:00
TX_004063,CUST_0999,PROD_033,1,456.51,2025-01-02 00:00:00
TX_004064,CUST_0328,PROD_082,1,431.8,2025-05-14 00:00:00
TX_004065,CUST_0797,PROD_096,5,21.3,2025-12-22 00:00:00
TX_004066,CUST_0516,PROD_054,6,279.77,2025-03-08 00:00:00
TX_004067,CUST_0488,PROD_050,6,212.79,2025/07/31
TX_004068,CUST_9999,PROD_999,10,274.16,2025-12-09 00:00:00
TX_004069,CUST_0028,PROD_999,4,5.03,2025-06-20 00:00:00
TX_004070,CUST_0315,PROD_051,9,369.4,2025-11-19 00:00:00
TX_004071,CUST_0317,PROD_097,4,9.99,2025/02/06
TX_004072,CUST_0129,PROD_055,10,370.28,2025-03-27 00:00:00
TX_004073,CUST_0958,PROD_083,7,87.83,2025-07-07 00:00:00
TX_004074,CUST_0139,PROD_072,1,225.44,2025-12-14 00:00:00
TX_004075,CUST_0275,PROD_022,10,157.59,2025-03-21 00:00:00
TX_004076,CUST_0681,PROD_031,5,293.96,2025-12-27 00:00:00
TX_004077,CUST_0999,PROD_035,10,165.28,2025/11/08
TX_004078,CUST_0471,PROD_047,6,425.34,2025-09-16 00:00:00
TX_004079,CUST_0305,PROD_084,4,134.96,2025-12-02 00:00:00
TX_004080,CUST_0200,PROD_011,10,18.24,2025-06-14 00:00:00
TX_004081,CUST_0749,PROD_090,3,295.57,2025-02-14 00:00:00
TX_004082,CUST_0117,PROD_087,10,152.34,2025-08-08 00:00:00
TX_004083,CUST_0322,PROD_024,8,299.92,2025-09-18 00:00:00
TX_004084,CUST_0197,PROD_034,9,45.03,2025-02-06 00:00:00
TX_004085,CUST_0248,PROD_021,9,143.38,2025-09-22 00:00:00
TX_004086,CUST_0554,PROD_006,1,290.28,2025-03-31 00:00:00
TX_004087,CUST_0815,PROD_070,1,490.13,2025-09-10 00:00:00
TX_004088,CUST_0115,PROD_085,1,180.97,2025/01/11
TX_004089,CUST_0585,PROD_098,6,225.95,2025-12-18 00:00:00
TX_004090,CUST_0264,PROD_090,6,437.26,2025-08-04 00:00:00
TX_004091,CUST_0550,PROD_077,1,5.71,2025-06-23 00:00:00
TX_004092,CUST_0262,PROD_049,3,140.23,2025-04-06 00:00:00
TX_004093,CUST_0585,PROD_087,1,7.31,2025-06-26 00:00:00
TX_004094,CUST_0806,PROD_058,3,157.59,2025-05-18 00:00:00
TX_004095,CUST_0737,PROD_061,8,449.28,2025-05-28 00:00:00
TX_004096,CUST_0939,PROD_007,9,110.25,2025-08-14 00:00:00
TX_004097,CUST_0061,PROD_013,1,23.29,2025-12-20 00:00:00
TX_004098,CUST_0943,PROD_099,2,254.92,2025-05-16 00:00:00
TX_004099,CUST_0316,PROD_002,6,391.59,2025-10-16 00:00:00
TX_004100,CUST_0511,PROD_100,7,496.36,2025-12-01 00:00:00
TX_004101,CUST_0984,PROD_058,6,365.2,2025-06-27 00:00:00
TX_004102,CUST_0664,PROD_070,6,17.11,2025-08-07 00:00:00
TX_004103,CUST_0986,PROD_022,7,158.39,2025-09-19 00:00:00
TX_004104,CUST_0106,PROD_044,6,134.29,2025-11-25 00:00:00
TX_004105,CUST_0489,PROD_080,9,177.82,2025-10-27 00:00:00
TX_004106,CUST_0587,PROD_001,5,410.04,2025-12-19 00:00:00
TX_004107,CUST_0674,PROD_050,4,383.75,2025/09/04
TX_004108,CUST_0686,PROD_009,9,56.7,2025-07-21 00:00:00
TX_004109,CUST_0903,PROD_047,10,177.39,2025-10-16 00:00:00
TX_004110,CUST_0212,PROD_032,3,147.96,2025-11-12 00:00:00
TX_004111,CUST_0947,PROD_011,9,7.88,2025-02-25 00:00:00
TX_004112,CUST_0944,PROD_025,7,30.54,2025-05-16 00:00:00
TX_004113,CUST_0680,PROD_057,2,497.41,2025-04-25 00:00:00
TX_004114,CUST_0556,PROD_078,4,484.8,2025-06-06 00:00:00
TX_004115,CUST_0435,PROD_054,2,198.53,2025-02-16 00:00:00
TX_004116,CUST_0985,PROD_050,5,483.95,2025-06-11 00:00:00
TX_004117,CUST_0600,PROD_080,7,319.07,2025-03-25 00:00:00
TX_004118,CUST_0916,PROD_095,1,321.9,2025-01-15 00:00:00
TX_004119,CUST_0133,PROD_054,1,188.4,2025-12-23 00:00:00
TX_004120,CUST_0287,PROD_069,5,463.59,2025-11-15 00:00:00
TX_004121,CUST_0905,PROD_042,6,284.81,2025-02-18 00:00:00
TX_004122,CUST_0186,PROD_064,9,124.68,2025-04-18 00:00:00
TX_004123,CUST_0496,PROD_040,2,89.67,2025-05-01 00:00:00
TX_004124,CUST_0672,PROD_023,4,92.34,2025-07-09 00:00:00
TX_004125,CUST_0371,PROD_041,8,43.39,2025-02-22 00:00:00
TX_004126,CUST_0953,PROD_027,6,55.83,2025-05-25 00:00:00
TX_004127,CUST_0844,PROD_064,1,81.16,2025-02-21 00:00:00
TX_004128,CUST_0069,PROD_096,2,27.01,2025/07/14
TX_004129,CUST_0993,PROD_038,5,107.88,2025-05-24 00:00:00
TX_004130,CUST_9999,PROD_096,7,485.4,2025-04-17 00:00:00
TX_004131,CUST_0569,PROD_052,3,298.25,2025-10-08 00:00:00
TX_004132,CUST_0351,PROD_013,6,361.94,2025-02-15 00:00:00
TX_004133,CUST_0467,PROD_013,8,69.7,2025-04-12 00:00:00
TX_004134,CUST_0750,PROD_094,5,270.31,2025-03-28 00:00:00
TX_004135,CUST_0291,PROD_032,6,147.22,2025-08-29 00:00:00
TX_004136,CUST_0073,PROD_093,6,402.37,2025/05/02
TX_004137,CUST_0158,PROD_029,10,13.42,2025-05-17 00:00:00
TX_004138,CUST_0277,PROD_082,3,102.18,2025-01-27 00:00:00
TX_004139,CUST_0767,PROD_086,4,113.37,2025-07-07 00:00:00
TX_004140,CUST_0760,PROD_009,9,386.22,2025-10-12 00:00:00
TX_004141,CUST_0899,PROD_050,10,282.47,2025-01-23 00:00:00
TX_004142,CUST_0328,PROD_027,4,454.18,2025-01-02 00:00:00
TX_004143,CUST_0258,PROD_050,1,291.11,2025/05/28
TX_004144,CUST_0759,PROD_059,6,12.68,2025-07-31 00:00:00
TX_004145,CUST_0662,PROD_098,10,318.75,2025-01-20 00:00:00
TX_004146,CUST_0813,PROD_064,3,86.08,2025-03-28 00:00:00
TX_004147,CUST_0492,PROD_999,7,123.34,2025-02-02 00:00:00
TX_004148,CUST_0880,PROD_061,2,370.8,2025-05-07 00:00:00
TX_004149,CUST_0161,PROD_012,5,491.11,2025-03-17 00:00:00
TX_004150,CUST_0316,PROD_014,3,408.79,2025-04-21 00:00:00
TX_004151,CUST_0248,PROD_092,3,319.83,2025-06-18 00:00:00
TX_004152,CUST_0320,PROD_031,1,78.59,2025-12-20 00:00:00
TX_004153,CUST_0031,PROD_025,3,226.56,2025-11-06 00:00:00
TX_004154,CUST_0330,PROD_031,6,35.38,2025-10-28 00:00:00
TX_004155,CUST_0478,PROD_098,3,304.06,2025-07-14 00:00:00
TX_004156,CUST_0842,PROD_036,9,141.02,2025-09-07 00:00:00
TX_004157,CUST_0931,PROD_047,4,191.1,2025/05/21
TX_004158,CUST_0953,PROD_007,7,126.76,2025-05-02 00:00:00
TX_004159,CUST_0385,PROD_093,6,214.42,2025-03-25 00:00:00
TX_004160,CUST_0406,PROD_076,3,149.28,2025-11-03 00:00:00
TX_004161,CUST_0923,PROD_026,9,364.51,2025-04-04 00:00:00
TX_004162,CUST_0089,PROD_036,7,87.26,2025-03-23 00:00:00
TX_004163,CUST_0457,PROD_093,2,102.44,2025-06-16 00:00:00
TX_004164,CUST_0692,PROD_004,7,76.55,2025/12/15
TX_004165,CUST_0597,PROD_006,2,499.34,2025/06/03
TX_004166,CUST_0329,PROD_020,5,406.43,2025-07-18 00:00:00
TX_004167,CUST_0452,PROD_030,6,22.13,2025-08-01 00:00:00
TX_004168,CUST_0388,PROD_059,5,60.9,2025-04-11 00:00:00
TX_004169,CUST_0480,PROD_067,8,256.69,2025-10-26 00:00:00
TX_004170,CUST_0045,PROD_098,1,291.76,2025-05-18 00:00:00
TX_004171,CUST_0708,PROD_090,3,175.96,2025-09-02 00:00:00
TX_004172,CUST_0392,PROD_999,8,7.22,2025-08-04 00:00:00
TX_004173,CUST_0893,PROD_039,9,413.77,2025-07-21 00:00:00
TX_004174,CUST_0717,PROD_080,2,138.09,2025-05-08 00:00:00
TX_004175,CUST_0780,PROD_006,9,320.82,2025-07-15 00:00:00
TX_004176,CUST_0286,PROD_085,1,374.41,2025-06-20 00:00:00
TX_004177,CUST_0756,PROD_082,5,446.69,2025-02-22 00:00:00
TX_004178,CUST_0128,PROD_048,6,370.74,2025-04-02 00:00:00
TX_004179,CUST_0293,PROD_053,8,213.34,2025-11-27 00:00:00
TX_004180,CUST_0544,PROD_095,6,286.37,2025-06-04 00:00:00
TX_004181,CUST_0869,PROD_022,5,421.98,2025-06-16 00:00:00
TX_004182,CUST_0320,PROD_041,5,425.92,2025-04-26 00:00:00
TX_004183,CUST_0138,PROD_029,5,434.9,2025-12-23 00:00:00
TX_004184,CUST_0426,PROD_045,3,445.37,2025-12-31 00:00:00
TX_004185,CUST_0089,PROD_043,7,269.08,2025-11-30 00:00:00
TX_004186,CUST_0748,PROD_010,3,85.95,2025-07-06 00:00:00
TX_004187,CUST_0823,PROD_057,5,221.82,2025/08/26
TX_004188,CUST_0781,PROD_021,9,209.72,2025/04/30
TX_004189,CUST_0062,PROD_011,1,367.21,2025-01-19 00:00:00
TX_004190,CUST_0594,PROD_002,6,198.91,2025-11-24 00:00:00
TX_004191,CUST_0231,PROD_062,5,359.65,2025/12/01
TX_004192,CUST_0143,PROD_085,1,222.46,2025-12-24 00:00:00
TX_004193,CUST_0601,PROD_023,1,145.2,2025-11-04 00:00:00
TX_004194,CUST_0849,PROD_034,2,69.4,2025-01-31 00:00:00
TX_004195,CUST_0563,PROD_027,2,19.46,2025-06-28 00:00:00
TX_004196,CUST_9999,PROD_094,9,259.21,2025-10-09 00:00:00
TX_004197,CUST_0032,PROD_057,6,325.5,2025-05-17 00:00:00
TX_004198,CUST_0708,PROD_043,7,15.4,2025-06-29 00:00:00
TX_004199,CUST_0938,PROD_088,3,37.19,2025-04-28 00:00:00
TX_004200,CUST_0686,PROD_011,-1,454.07,2025-08-11 00:00:00
TX_004201,CUST_0198,PROD_097,6,310.09,2025-05-15 00:00:00
TX_004202,CUST_0864,PROD_002,5,477.12,2025-09-13 00:00:00
TX_004203,CUST_0442,PROD_090,1,250.9,2025-09-13 00:00:00
TX_004204,CUST_0015,PROD_042,1,275.14,2025-06-06 00:00:00
TX_004205,CUST_0363,PROD_003,9,261.19,2025-01-18 00:00:00
TX_004206,CUST_0263,PROD_030,4,206.72,2025-02-20 00:00:00
TX_004207,CUST_0487,PROD_076,2,472.24,2025-12-28 00:00:00
TX_004208,CUST_0053,PROD_079,9,61.56,2025-11-16 00:00:00
TX_004209,CUST_0278,PROD_083,3,260.59,2025-08-18 00:00:00
TX_004210,CUST_0158,PROD_076,5,313.2,2025-07-02 00:00:00
TX_004211,CUST_0678,PROD_020,7,216.05,2025-11-27 00:00:00
TX_004212,CUST_0888,PROD_051,7,447.65,2025/10/08
TX_004213,CUST_0685,PROD_099,3,284.94,2025-03-11 00:00:00
TX_004214,CUST_0556,PROD_095,7,248.89,2025-09-12 00:00:00
TX_004215,CUST_0790,PROD_065,2,10.73,2025-01-02 00:00:00
TX_004216,CUST_0515,PROD_065,10,397.23,2025-11-21 00:00:00
TX_004217,CUST_0449,PROD_098,2,496.72,2025-08-21 00:00:00
TX_004218,CUST_0370,PROD_056,7,46.53,2025-12-30 00:00:00
TX_004219,CUST_0169,PROD_020,10,406.71,2025-06-16 00:00:00
TX_004220,CUST_0782,PROD_052,1,441.4,2025-10-15 00:00:00
TX_004221,CUST_0867,PROD_012,1,279.57,2025-01-01 00:00:00
TX_004222,CUST_0370,PROD_086,8,198.58,2025-09-05 00:00:00
TX_004223,CUST_0855,PROD_027,4,409.03,2025-11-01 00:00:00
TX_004224,CUST_0802,PROD_052,8,216.96,2025-06-24 00:00:00
TX_004225,CUST_0055,PROD_044,1,340.99,2025-01-28 00:00:00
TX_004226,CUST_0383,PROD_089,10,382.01,2025-01-19 00:00:00
TX_004227,CUST_0760,PROD_038,5,400.99,2025-10-27 00:00:00
TX_004228,CUST_0139,PROD_034,4,211.8,2025/07/20
TX_004229,CUST_9999,PROD_082,10,306.96,2025-01-22 00:00:00
TX_004230,CUST_0241,PROD_065,2,372.28,2025-06-08 00:00:00
TX_004231,CUST_0846,PROD_034,10,12.1,2025-03-10 00:00:00
TX_004232,CUST_0907,PROD_090,2,487.17,2025-09-02 00:00:00
TX_004233,CUST_0048,PROD_086,1,143.14,2025-09-10 00:00:00
TX_004234,CUST_0216,PROD_058,6,324.09,2025-12-07 00:00:00
TX_004235,CUST_0660,PROD_069,4,412.51,2025/07/21
TX_004236,CUST_0121,PROD_064,5,279.83,2025-08-15 00:00:00
TX_004237,CUST_0967,PROD_027,6,471.54,2025-06-11 00:00:00
TX_004238,CUST_0789,PROD_077,3,250.75,2025-09-23 00:00:00
TX_004239,CUST_0092,PROD_092,1,107.71,2025/10/04
TX_004240,CUST_9999,PROD_999,3,402.09,2025-01-03 00:00:00
TX_004241,CUST_0527,PROD_099,7,9.77,2025-12-17 00:00:00
TX_004242,CUST_0712,PROD_067,9,404.29,2025-07-01 00:00:00
TX_004243,CUST_0173,PROD_064,7,134.06,2025-05-17 00:00:00
TX_004244,CUST_0458,PROD_037,7,360.17,2025-08-11 00:00:00
TX_004245,CUST_0346,PROD_089,8,70.46,2025/02/23
TX_004246,CUST_0078,PROD_049,1,374.1,2025-04-03 00:00:00
TX_004247,CUST_0845,PROD_043,10,75.35,2025-02-16 00:00:00
TX_004248,CUST_0785,PROD_052,5,437.4,2025-11-16 00:00:00
TX_004249,CUST_0394,PROD_058,5,179.38,2025-11-07 00:00:00
TX_004250,CUST_0361,PROD_038,9,223.24,2025-02-13 00:00:00
TX_004251,CUST_0523,PROD_092,4,336.46,2025-08-14 00:00:00
TX_004252,CUST_0076,PROD_008,9,168.0,2025-06-23 00:00:00
TX_004253,CUST_0627,PROD_097,4,56.82,2025-04-22 00:00:00
TX_004254,CUST_0033,PROD_999,5,466.58,2025-03-26 00:00:00
TX_004255,CUST_0701,PROD_026,5,202.75,2025/12/04
TX_004256,CUST_0327,PROD_055,8,204.6,2025-01-03 00:00:00
TX_004257,CUST_0838,PROD_003,7,472.99,2025-08-07 00:00:00
TX_004258,CUST_0913,PROD_021,5,69.07,2025-07-09 00:00:00
TX_004259,CUST_0268,PROD_028,9,409.9,2025-05-09 00:00:00
TX_004260,CUST_0616,PROD_081,6,13.79,2025-04-30 00:00:00
TX_004261,CUST_0397,PROD_026,5,191.62,2025-07-19 00:00:00
TX_004262,CUST_0246,PROD_038,10,267.87,2025-01-23 00:00:00
TX_004263,CUST_0678,PROD_024,9,356.29,2025-04-25 00:00:00
TX_004264,CUST_0413,PROD_003,8,446.55,2025-02-23 00:00:00
TX_004265,CUST_0636,PROD_003,2,182.66,2025-09-21 00:00:00
TX_004266,CUST_0463,PROD_031,5,405.64,2025-02-06 00:00:00
TX_004267,CUST_0516,PROD_097,2,256.44,2025-04-13 00:00:00
TX_004268,CUST_0222,PROD_063,5,76.63,2025/06/29
TX_004269,CUST_0632,PROD_018,1,411.29,2025-11-01 00:00:00
TX_004270,CUST_0114,PROD_055,8,226.0,2025-06-20 00:00:00
TX_004271,CUST_0658,PROD_096,6,244.66,2025-11-23 00:00:00
TX_004272,CUST_0123,PROD_051,8,108.44,2025/07/19
TX_004273,CUST_0519,PROD_011,6,383.42,2025-02-17 00:00:00
TX_004274,CUST_0307,PROD_056,7,355.85,2025-11-25 00:00:00
TX_004275,CUST_0321,PROD_034,4,211.2,2025-10-07 00:00:00
TX_004276,CUST_0332,PROD_088,6,373.57,2025-08-31 00:00:00
TX_004277,CUST_0140,PROD_051,1,44.61,2025-12-09 00:00:00
TX_004278,CUST_0774,PROD_093,1,35.39,2025-10-29 00:00:00
TX_004279,CUST_0415,PROD_087,6,463.97,2025-12-02 00:00:00
TX_004280,CUST_0914,PROD_081,9,239.56,2025-09-03 00:00:00
TX_004281,CUST_0275,PROD_061,2,145.14,2025-02-28 00:00:00
TX_004282,CUST_0014,PROD_069,3,211.98,2025-07-02 00:00:00
TX_004283,CUST_0884,PROD_024,10,115.26,2025-12-08 00:00:00
TX_004284,CUST_0367,PROD_098,5,173.82,2025/05/13
TX_004285,CUST_0506,PROD_047,10,182.23,2025-05-02 00:00:00
TX_004286,CUST_0348,PROD_007,10,134.69,2025-01-18 00:00:00
TX_004287,CUST_0433,PROD_046,9,438.78,2025-12-24 00:00:00
TX_004288,CUST_0023,PROD_072,8,195.62,2025-12-20 00:00:00
TX_004289,CUST_0914,PROD_031,9,272.39,2025-03-17 00:00:00
TX_004290,CUST_0129,PROD_046,9,120.51,2025-11-30 00:00:00
TX_004291,CUST_0461,PROD_075,10,346.14,2025-08-27 00:00:00
TX_004292,CUST_0652,PROD_023,5,35.04,2025-11-12 00:00:00
TX_004293,CUST_0016,PROD_055,9,264.95,2025-12-26 00:00:00
TX_004294,CUST_0096,PROD_058,7,103.68,2025-05-11 00:00:00
TX_004295,CUST_0340,PROD_060,2,60.16,2025-08-17 00:00:00
TX_004296,CUST_0175,PROD_053,2,420.25,2025-07-26 00:00:00
TX_004297,CUST_0434,PROD_061,2,121.1,2025-09-28 00:00:00
TX_004298,CUST_0598,PROD_082,4,453.37,2025-10-19 00:00:00
TX_004299,CUST_0871,PROD_100,2,214.98,2025-06-09 00:00:00
TX_004300,CUST_0884,PROD_051,3,468.18,2025-02-08 00:00:00
TX_004301,CUST_0952,PROD_081,3,67.35,2025-09-10 00:00:00
TX_004302,CUST_0868,PROD_088,8,55.74,2025/08/15
TX_004303,CUST_0736,PROD_019,6,230.77,2025-07-09 00:00:00
TX_004304,CUST_0647,PROD_077,9,32.3,2025-01-14 00:00:00
TX_004305,CUST_0144,PROD_057,4,129.31,2025-05-18 00:00:00
TX_004306,CUST_0197,PROD_045,6,261.36,2025-04-06 00:00:00
TX_004307,CUST_0232,PROD_043,2,225.08,2025-11-06 00:00:00
TX_004308,CUST_0054,PROD_061,7,487.7,2025-11-07 00:00:00
TX_004309,CUST_0430,PROD_051,5,159.79,2025-10-11 00:00:00
TX_004310,CUST_0607,PROD_042,1,428.35,2025-07-04 00:00:00
TX_004311,CUST_0359,PROD_012,1,54.62,2025-06-22 00:00:00
TX_004312,CUST_0924,PROD_077,2,149.66,2025-10-29 00:00:00
TX_004313,CUST_0920,PROD_030,2,352.93,2025/09/03
TX_004314,CUST_0258,PROD_026,3,25.35,2025-05-17 00:00:00
TX_004315,CUST_0628,PROD_025,7,438.02,2025-11-12 00:00:00
TX_004316,CUST_0472,PROD_056,4,212.58,2025-06-03 00:00:00
TX_004317,CUST_0634,PROD_065,2,20.03,2025-07-26 00:00:00
TX_004318,CUST_0271,PROD_058,4,284.45,2025/11/21
TX_004319,CUST_0048,PROD_075,5,77.68,2025-11-09 00:00:00
TX_004320,CUST_0184,PROD_023,5,226.21,2025-04-19 00:00:00
TX_004321,CUST_0699,PROD_078,8,273.04,2025/03/28
TX_004322,CUST_0425,PROD_018,2,51.73,2025-01-10 00:00:00
TX_004323,CUST_0394,PROD_077,1,56.9,2025-01-02 00:00:00
TX_004324,CUST_0753,PROD_039,8,492.21,2025-02-10 00:00:00
TX_004325,CUST_0125,PROD_050,9,22.05,2025/05/02
TX_004326,CUST_0064,PROD_999,6,342.67,2025-12-23 00:00:00
TX_004327,CUST_0035,PROD_090,4,63.66,2025-05-21 00:00:00
TX_004328,CUST_0002,PROD_064,5,102.03,2025-02-22 00:00:00
TX_004329,CUST_0705,PROD_043,10,317.52,2025-12-02 00:00:00
TX_004330,CUST_0168,PROD_061,10,369.03,2025-02-25 00:00:00
TX_004331,CUST_0097,PROD_009,4,192.74,2025-02-03 00:00:00
TX_004332,CUST_0264,PROD_999,6,489.24,2025-06-04 00:00:00
TX_004333,CUST_0815,PROD_073,1,445.48,2025-02-08 00:00:00
TX_004334,CUST_0220,PROD_044,4,495.06,2025/08/02
TX_004335,CUST_0431,PROD_047,4,329.33,2025-11-08 00:00:00
TX_004336,CUST_0007,PROD_053,1,473.23,2025-07-10 00:00:00
TX_004337,CUST_0060,PROD_023,6,482.79,2025-03-30 00:00:00
TX_004338,CUST_0036,PROD_039,10,250.25,2025-05-16 00:00:00
TX_004339,CUST_0677,PROD_013,7,287.23,2025-04-18 00:00:00
TX_004340,CUST_0682,PROD_082,8,379.58,2025-12-11 00:00:00
TX_004341,CUST_0165,PROD_073,4,187.95,2025/10/18
TX_004342,CUST_9999,PROD_100,10,41.43,2025-07-22 00:00:00
TX_004343,CUST_0903,PROD_080,6,81.81,2025-09-17 00:00:00
TX_004344,CUST_0776,PROD_092,1,134.27,2025-04-07 00:00:00
TX_004345,CUST_0029,PROD_066,9,295.55,2025-03-15 00:00:00
TX_004346,CUST_0665,PROD_026,10,358.95,2025/10/06
TX_004347,CUST_0439,PROD_027,2,80.94,2025-07-08 00:00:00
TX_004348,CUST_0839,PROD_089,5,262.08,2025-04-16 00:00:00
TX_004349,CUST_0940,PROD_010,4,131.89,2025-01-12 00:00:00
TX_004350,CUST_0241,PROD_002,6,33.36,2025-02-06 00:00:00
TX_004351,CUST_0792,PROD_005,1,23.42,2025-05-22 00:00:00
TX_004352,CUST_0224,PROD_099,3,342.6,2025-12-07 00:00:00
TX_004353,CUST_0018,PROD_075,5,340.8,2025-03-26 00:00:00
TX_004354,CUST_0789,PROD_047,7,43.77,2025-05-18 00:00:00
TX_004355,CUST_0913,PROD_008,10,99.42,2025-03-08 00:00:00
TX_004356,CUST_0524,PROD_056,2,59.79,2025-06-07 00:00:00
TX_004357,CUST_0514,PROD_005,10,206.08,2025-06-25 00:00:00
TX_004358,CUST_0843,PROD_017,2,197.06,2025-07-31 00:00:00
TX_004359,CUST_0181,PROD_082,1,5.91,2025-02-02 00:00:00
TX_004360,CUST_0047,PROD_059,10,413.67,2025-06-22 00:00:00
TX_004361,CUST_0800,PROD_032,3,114.59,2025-11-28 00:00:00
TX_004362,CUST_0796,PROD_013,5,124.22,2025-05-25 00:00:00
TX_004363,CUST_0047,PROD_034,10,323.36,2025-06-10 00:00:00
TX_004364,CUST_0028,PROD_079,6,8.67,2025-05-19 00:00:00
TX_004365,CUST_0893,PROD_051,3,169.02,2025-08-17 00:00:00
TX_004366,CUST_0778,PROD_060,5,476.98,2025-03-04 00:00:00
TX_004367,CUST_0764,PROD_045,8,453.06,2025-10-21 00:00:00
TX_004368,CUST_0173,PROD_044,2,278.15,2025-10-31 00:00:00
TX_004369,CUST_0754,PROD_055,5,127.18,2025-06-12 00:00:00
TX_004370,CUST_0407,PROD_040,3,135.92,2025-09-26 00:00:00
TX_004371,CUST_0352,PROD_008,3,16.13,2025-03-21 00:00:00
TX_004372,CUST_0940,PROD_050,6,388.59,2025-12-01 00:00:00
TX_004373,CUST_0299,PROD_081,6,421.3,2025-09-22 00:00:00
TX_004374,CUST_0501,PROD_047,7,72.91,2025-07-10 00:00:00
TX_004375,CUST_0284,PROD_009,4,12.75,2025-03-01 00:00:00
TX_004376,CUST_0869,PROD_040,3,46.41,2025-05-08 00:00:00
TX_004377,CUST_0057,PROD_048,6,333.58,2025-11-12 00:00:00
TX_004378,CUST_0980,PROD_004,3,216.57,2025-06-06 00:00:00
TX_004379,CUST_0969,PROD_095,9,468.59,2025-12-23 00:00:00
TX_004380,CUST_0894,PROD_040,2,36.5,2025/06/28
TX_004381,CUST_0890,PROD_080,10,193.25,2025-03-27 00:00:00
TX_004382,CUST_0390,PROD_053,9,18.01,2025-01-21 00:00:00
TX_004383,CUST_0579,PROD_007,6,319.32,2025/03/07
TX_004384,CUST_0991,PROD_002,5,75.48,2025-12-25 00:00:00
TX_004385,CUST_0458,PROD_092,3,109.06,2025/10/10
TX_004386,CUST_0435,PROD_010,7,492.5,2025-11-15 00:00:00
TX_004387,CUST_0630,PROD_053,10,245.85,2025-09-07 00:00:00
TX_004388,CUST_0677,PROD_015,2,188.19,2025-10-07 00:00:00
TX_004389,CUST_0123,PROD_064,2,164.37,2025-07-08 00:00:00
TX_004390,CUST_0022,PROD_039,3,109.07,2025-04-02 00:00:00
TX_004391,CUST_0585,PROD_095,10,426.08,2025/08/17
TX_004392,CUST_0902,PROD_004,9,336.68,2025-07-02 00:00:00
TX_004393,CUST_0135,PROD_064,9,132.79,2025-06-07 00:00:00
TX_004394,CUST_0999,PROD_100,9,303.18,2025-03-29 00:00:00
TX_004395,CUST_0905,PROD_027,7,197.92,2025-01-27 00:00:00
TX_004396,CUST_0814,PROD_095,8,62.78,2025-10-03 00:00:00
TX_004397,CUST_0346,PROD_092,8,324.09,2025-06-01 00:00:00
TX_004398,CUST_0856,PROD_067,5,190.57,2025-03-06 00:00:00
TX_004399,CUST_0497,PROD_082,2,322.09,2025-09-24 00:00:00
TX_004400,CUST_0670,PROD_016,-1,410.64,2025-06-21 00:00:00
TX_004401,CUST_0721,PROD_057,10,231.1,2025-01-16 00:00:00
TX_004402,CUST_0125,PROD_057,1,417.05,2025-11-20 00:00:00
TX_004403,CUST_0432,PROD_003,2,245.04,2025-02-23 00:00:00
TX_004404,CUST_0310,PROD_045,10,91.83,2025-11-23 00:00:00
TX_004405,CUST_0732,PROD_089,3,132.87,2025-07-07 00:00:00
TX_004406,CUST_0333,PROD_014,8,237.23,2025-11-21 00:00:00
TX_004407,CUST_0320,PROD_052,5,456.7,2025-05-19 00:00:00
TX_004408,CUST_0277,PROD_004,3,67.96,2025/05/21
TX_004409,CUST_0832,PROD_021,7,173.53,2026/01/01
TX_004410,CUST_0219,PROD_066,8,212.59,2025-11-15 00:00:00
TX_004411,CUST_0900,PROD_005,1,288.92,2025-03-24 00:00:00
TX_004412,CUST_0702,PROD_080,4,395.66,2025-01-31 00:00:00
TX_004413,CUST_9999,PROD_006,7,447.33,2025-07-18 00:00:00
TX_004414,CUST_0688,PROD_067,5,139.9,2025-06-29 00:00:00
TX_004415,CUST_0542,PROD_096,1,401.19,2025-12-13 00:00:00
TX_004416,CUST_0769,PROD_096,1,152.25,2025-07-30 00:00:00
TX_004417,CUST_0198,PROD_016,8,160.95,2025-11-05 00:00:00
TX_004418,CUST_0367,PROD_053,1,171.98,2025-08-09 00:00:00
TX_004419,CUST_0555,PROD_028,5,449.92,2025/04/02
TX_004420,CUST_0588,PROD_088,1,466.23,2025-08-23 00:00:00
TX_004421,CUST_0956,PROD_077,6,456.7,2025-10-18 00:00:00
TX_004422,CUST_0601,PROD_094,7,21.32,2025-09-06 00:00:00
TX_004423,CUST_0965,PROD_068,8,477.93,2025-09-15 00:00:00
TX_004424,CUST_0242,PROD_027,1,328.19,2025-03-30 00:00:00
TX_004425,CUST_0426,PROD_047,3,78.23,2025-08-27 00:00:00
TX_004426,CUST_0587,PROD_004,7,328.23,2025-11-19 00:00:00
TX_004427,CUST_0818,PROD_053,1,142.98,2025-02-26 00:00:00
TX_004428,CUST_0857,PROD_093,6,165.82,2025-06-09 00:00:00
TX_004429,CUST_0403,PROD_074,8,32.57,2025-03-03 00:00:00
TX_004430,CUST_0781,PROD_050,10,415.48,2025-01-18 00:00:00
TX_004431,CUST_0150,PROD_079,7,332.69,2025-11-29 00:00:00
TX_004432,CUST_0602,PROD_096,1,380.0,2025-05-16 00:00:00
TX_004433,CUST_0068,PROD_085,7,231.91,2025-01-17 00:00:00
TX_004434,CUST_0847,PROD_022,4,474.92,2025-04-06 00:00:00
TX_004435,CUST_0550,PROD_051,1,150.58,2025-07-02 00:00:00
TX_004436,CUST_0065,PROD_041,7,367.36,2025-04-01 00:00:00
TX_004437,CUST_0994,PROD_098,2,43.08,2025-09-09 00:00:00
TX_004438,CUST_0712,PROD_022,8,93.38,2025/10/25
TX_004439,CUST_0286,PROD_017,10,75.31,2025-06-28 00:00:00
TX_004440,CUST_0908,PROD_062,7,47.89,2025-07-27 00:00:00
TX_004441,CUST_0328,PROD_047,9,449.58,2025-09-24 00:00:00
TX_004442,CUST_0893,PROD_064,10,282.01,2025-05-01 00:00:00
TX_004443,CUST_0412,PROD_025,8,258.07,2025-07-20 00:00:00
TX_004444,CUST_0374,PROD_054,9,205.88,2025-11-26 00:00:00
TX_004445,CUST_0046,PROD_048,7,171.27,2025/01/27
TX_004446,CUST_0294,PROD_047,1,309.88,2025-12-21 00:00:00
TX_004447,CUST_0576,PROD_001,10,81.92,2025-01-19 00:00:00
TX_004448,CUST_0179,PROD_088,2,111.88,2025-08-30 00:00:00
TX_004449,CUST_0503,PROD_030,10,91.83,2025-03-15 00:00:00
TX_004450,CUST_0571,PROD_042,5,83.11,2025-08-02 00:00:00
TX_004451,CUST_0505,PROD_098,4,470.24,2025-10-21 00:00:00
TX_004452,CUST_0290,PROD_004,8,91.06,2025/09/21
TX_004453,CUST_0708,PROD_014,7,460.48,2025-12-07 00:00:00
TX_004454,CUST_0064,PROD_072,1,135.07,2025-11-16 00:00:00
TX_004455,CUST_0363,PROD_035,5,168.01,2025-03-07 00:00:00
TX_004456,CUST_0531,PROD_063,4,399.64,2025-12-20 00:00:00
TX_004457,CUST_0368,PROD_019,2,401.23,2025-06-28 00:00:00
TX_004458,CUST_0198,PROD_075,4,389.77,2025-04-06 00:00:00
TX_004459,CUST_0520,PROD_011,7,172.43,2025-12-26 00:00:00
TX_004460,CUST_0865,PROD_999,7,90.88,2025-06-01 00:00:00
TX_004461,CUST_0218,PROD_075,7,215.92,2025-01-03 00:00:00
TX_004462,CUST_0951,PROD_020,10,206.02,2025-06-06 00:00:00
TX_004463,CUST_0192,PROD_028,3,330.89,2025-08-21 00:00:00
TX_004464,CUST_0244,PROD_012,9,135.23,2025-07-24 00:00:00
TX_004465,CUST_0112,PROD_028,7,292.25,2025-12-07 00:00:00
TX_004466,CUST_0130,PROD_059,7,326.16,2025-07-04 00:00:00
TX_004467,CUST_0155,PROD_077,7,499.1,2025-07-31 00:00:00
TX_004468,CUST_0377,PROD_049,5,491.8,2025-10-20 00:00:00
TX_004469,CUST_0712,PROD_038,4,227.9,2025-01-03 00:00:00
TX_004470,CUST_0516,PROD_038,10,56.28,2025-08-03 00:00:00
TX_004471,CUST_0972,PROD_098,5,355.56,2025-05-20 00:00:00
TX_004472,CUST_0381,PROD_017,2,405.99,2025-10-30 00:00:00
TX_004473,CUST_0190,PROD_088,10,18.99,2025-04-30 00:00:00
TX_004474,CUST_0930,PROD_005,3,297.51,2025-07-07 00:00:00
TX_004475,CUST_0670,PROD_999,4,121.4,2025-08-31 00:00:00
TX_004476,CUST_0425,PROD_042,2,482.81,2025-06-12 00:00:00
TX_004477,CUST_0604,PROD_009,8,481.7,2025-11-06 00:00:00
TX_004478,CUST_0133,PROD_049,4,465.23,2025-04-11 00:00:00
TX_004479,CUST_0175,PROD_034,4,125.34,2025-11-24 00:00:00
TX_004480,CUST_0341,PROD_014,8,401.4,2025-10-06 00:00:00
TX_004481,CUST_0302,PROD_070,3,286.96,2025-11-27 00:00:00
TX_004482,CUST_0699,PROD_089,1,90.99,2025-09-20 00:00:00
TX_004483,CUST_0243,PROD_054,10,477.31,2025-02-21 00:00:00
TX_004484,CUST_0175,PROD_023,6,471.01,2025-11-02 00:00:00
TX_004485,CUST_0620,PROD_094,7,172.66,2025-04-13 00:00:00
TX_004486,CUST_0889,PROD_029,7,235.64,2025-05-29 00:00:00
TX_004487,CUST_0206,PROD_002,6,139.99,2025-04-26 00:00:00
TX_004488,CUST_9999,PROD_089,4,194.36,2025-02-10 00:00:00
TX_004489,CUST_0991,PROD_999,10,377.68,2025-07-11 00:00:00
TX_004490,CUST_0357,PROD_068,10,154.78,2025-01-01 00:00:00
TX_004491,CUST_0924,PROD_077,7,225.92,2025-03-14 00:00:00
TX_004492,CUST_0881,PROD_026,2,309.85,2025-02-24 00:00:00
TX_004493,CUST_0927,PROD_089,9,195.64,2025-05-13 00:00:00
TX_004494,CUST_0240,PROD_019,6,175.54,2025-03-03 00:00:00
TX_004495,CUST_0003,PROD_014,7,60.54,2025-12-28 00:00:00
TX_004496,CUST_0557,PROD_078,8,67.22,2025-07-13 00:00:00
TX_004497,CUST_0902,PROD_076,1,293.03,2025-02-15 00:00:00
TX_004498,CUST_0127,PROD_051,4,207.3,2025-01-29 00:00:00
TX_004499,CUST_0660,PROD_097,9,97.09,2025-03-01 00:00:00
TX_004500,CUST_0876,PROD_028,5,105.32,2025-07-03 00:00:00
TX_004501,CUST_0748,PROD_014,10,234.3,2025-08-27 00:00:00
TX_004502,CUST_0803,PROD_085,10,78.27,2025-06-21 00:00:00
TX_004503,CUST_0553,PROD_089,7,102.09,2025-07-27 00:00:00
TX_004504,CUST_0158,PROD_015,7,188.6,2025-04-19 00:00:00
TX_004505,CUST_0682,PROD_025,10,138.33,2025-07-09 00:00:00
TX_004506,CUST_0690,PROD_085,3,305.42,2025-10-03 00:00:00
TX_004507,CUST_0126,PROD_094,8,353.42,2025-09-24 00:00:00
TX_004508,CUST_0567,PROD_075,4,351.9,2025-11-12 00:00:00
TX_004509,CUST_0640,PROD_091,2,135.34,2025-02-06 00:00:00
TX_004510,CUST_0068,PROD_060,7,77.78,2025-03-15 00:00:00
TX_004511,CUST_0101,PROD_040,1,474.5,2025-07-09 00:00:00
TX_004512,CUST_0994,PROD_060,1,104.52,2025-05-09 00:00:00
TX_004513,CUST_0475,PROD_058,8,287.32,2025-11-08 00:00:00
TX_004514,CUST_0001,PROD_051,6,384.44,2025-02-20 00:00:00
TX_004515,CUST_0999,PROD_030,5,475.55,2025-07-28 00:00:00
TX_004516,CUST_0557,PROD_095,2,252.02,2025-09-20 00:00:00
TX_004517,CUST_0108,PROD_041,2,379.75,2025-04-18 00:00:00
TX_004518,CUST_9999,PROD_046,1,36.69,2025-02-17 00:00:00
TX_004519,CUST_0913,PROD_074,1,355.61,2025-07-09 00:00:00
TX_004520,CUST_0385,PROD_004,5,308.53,2025-09-11 00:00:00
TX_004521,CUST_0600,PROD_070,5,145.36,2025-07-15 00:00:00
TX_004522,CUST_0504,PROD_082,9,274.3,2025-06-07 00:00:00
TX_004523,CUST_0702,PROD_006,4,357.91,2025-10-15 00:00:00
TX_004524,CUST_0283,PROD_027,1,63.17,2025-01-26 00:00:00
TX_004525,CUST_0522,PROD_095,5,403.25,2025-01-22 00:00:00
TX_004526,CUST_0498,PROD_038,2,482.77,2025-12-16 00:00:00
TX_004527,CUST_0399,PROD_092,4,467.97,2025-12-29 00:00:00
TX_004528,CUST_0930,PROD_093,3,416.82,2025-02-21 00:00:00
TX_004529,CUST_0189,PROD_086,1,442.86,2025-12-07 00:00:00
TX_004530,CUST_0451,PROD_049,8,495.74,2025-12-07 00:00:00
TX_004531,CUST_0056,PROD_008,3,463.09,2025-05-01 00:00:00
TX_004532,CUST_0818,PROD_088,8,455.37,2025-12-12 00:00:00
TX_004533,CUST_0729,PROD_041,4,392.26,2025-08-05 00:00:00
TX_004534,CUST_0143,PROD_088,4,177.6,2025-08-20 00:00:00
TX_004535,CUST_0510,PROD_073,7,85.46,2025-01-09 00:00:00
TX_004536,CUST_0538,PROD_019,1,116.61,2025-09-01 00:00:00
TX_004537,CUST_0536,PROD_078,1,302.75,2025-01-13 00:00:00
TX_004538,CUST_0748,PROD_018,9,448.02,2025-11-12 00:00:00
TX_004539,CUST_0184,PROD_092,8,117.11,2025-04-20 00:00:00
TX_004540,CUST_0787,PROD_041,4,474.28,2025-06-01 00:00:00
TX_004541,CUST_0365,PROD_074,7,198.65,2025-11-12 00:00:00
TX_004542,CUST_0742,PROD_093,6,370.84,2025/01/14
TX_004543,CUST_0230,PROD_090,6,340.88,2025-06-05 00:00:00
TX_004544,CUST_0635,PROD_019,1,226.06,2025-01-30 00:00:00
TX_004545,CUST_0955,PROD_999,4,340.87,2025-03-29 00:00:00
TX_004546,CUST_0935,PROD_079,1,71.3,2025-05-09 00:00:00
TX_004547,CUST_0494,PROD_004,4,92.09,2025-12-20 00:00:00
TX_004548,CUST_0471,PROD_017,9,382.16,2025-01-29 00:00:00
TX_004549,CUST_0930,PROD_044,8,166.73,2025-07-02 00:00:00
TX_004550,CUST_0884,PROD_008,0,323.58,2025-09-10 00:00:00
TX_004551,CUST_0434,PROD_003,3,83.39,2025-02-22 00:00:00
TX_004552,CUST_0357,PROD_022,8,146.41,2025/03/24
TX_004553,CUST_0621,PROD_092,6,283.05,2025-11-24 00:00:00
TX_004554,CUST_0815,PROD_051,3,36.65,2025-03-29 00:00:00
TX_004555,CUST_0068,PROD_094,10,155.45,2025/06/02
TX_004556,CUST_0747,PROD_098,8,216.66,2025-04-11 00:00:00
TX_004557,CUST_0360,PROD_054,5,385.98,2025-07-01 00:00:00
TX_004558,CUST_0995,PROD_075,6,449.83,2025-06-15 00:00:00
TX_004559,CUST_0010,PROD_072,7,431.48,2025-01-27 00:00:00
TX_004560,CUST_0847,PROD_044,2,54.22,2025-10-27 00:00:00
TX_004561,CUST_0282,PROD_043,7,254.02,2025-01-02 00:00:00
TX_004562,CUST_0538,PROD_079,8,310.58,2025-01-24 00:00:00
TX_004563,CUST_0614,PROD_053,1,347.85,2025-11-18 00:00:00
TX_004564,CUST_0376,PROD_005,5,55.59,2025-03-14 00:00:00
TX_004565,CUST_0334,PROD_079,3,94.36,2025-03-31 00:00:00
TX_004566,CUST_0460,PROD_023,10,409.42,2025-05-25 00:00:00
TX_004567,CUST_0276,PROD_049,4,165.47,2025-02-19 00:00:00
TX_004568,CUST_0951,PROD_061,2,160.98,2025-02-19 00:00:00
TX_004569,CUST_0674,PROD_097,9,301.16,2025-10-07 00:00:00
TX_004570,CUST_0465,PROD_085,5,287.39,2025-11-18 00:00:00
TX_004571,CUST_0137,PROD_045,4,472.27,2025-11-27 00:00:00
TX_004572,CUST_0294,PROD_092,8,327.88,2025/06/14
TX_004573,CUST_0091,PROD_012,8,335.35,2025-10-22 00:00:00
TX_004574,CUST_0251,PROD_078,7,123.21,2025-08-05 00:00:00
TX_004575,CUST_0198,PROD_007,6,336.38,2025-05-25 00:00:00
TX_004576,CUST_0798,PROD_014,10,328.93,2025-11-29 00:00:00
TX_004577,CUST_0742,PROD_047,9,107.93,2025-12-11 00:00:00
TX_004578,CUST_0559,PROD_003,5,85.64,2025-12-13 00:00:00
TX_004579,CUST_0184,PROD_024,9,315.46,2025-07-28 00:00:00
TX_004580,CUST_0953,PROD_023,6,167.83,2025-12-28 00:00:00
TX_004581,CUST_0248,PROD_074,4,231.71,2025-08-18 00:00:00
TX_004582,CUST_0907,PROD_075,7,330.4,2025-01-16 00:00:00
TX_004583,CUST_0190,PROD_055,10,141.42,2025-04-19 00:00:00
TX_004584,CUST_0352,PROD_034,9,106.46,2025-11-04 00:00:00
TX_004585,CUST_0738,PROD_047,9,484.85,2025-09-06 00:00:00
TX_004586,CUST_0839,PROD_017,3,210.85,2025-12-03 00:00:00
TX_004587,CUST_0516,PROD_056,1,426.21,2025-11-27 00:00:00
TX_004588,CUST_0040,PROD_999,4,180.29,2025-02-09 00:00:00
TX_004589,CUST_0531,PROD_076,7,293.85,2025-06-21 00:00:00
TX_004590,CUST_0535,PROD_025,9,176.31,2025-11-22 00:00:00
TX_004591,CUST_0977,PROD_066,5,298.17,2025-02-13 00:00:00
TX_004592,CUST_0970,PROD_068,8,436.0,2025-02-27 00:00:00
TX_004593,CUST_0180,PROD_030,4,399.2,2025-11-09 00:00:00
TX_004594,CUST_0328,PROD_013,5,121.39,2025/05/22
TX_004595,CUST_0026,PROD_098,2,76.55,2025-09-15 00:00:00
TX_004596,CUST_0492,PROD_066,8,380.93,2025-11-12 00:00:00
TX_004597,CUST_0141,PROD_023,3,369.5,2025-09-17 00:00:00
TX_004598,CUST_0111,PROD_067,5,331.11,2025-05-03 00:00:00
TX_004599,CUST_0485,PROD_100,9,53.56,2025-05-11 00:00:00
TX_004600,CUST_0071,PROD_019,-1,335.96,2025-06-24 00:00:00
TX_004601,CUST_0031,PROD_081,3,258.05,2025-03-26 00:00:00
TX_004602,CUST_0503,PROD_016,9,401.36,2025-12-01 00:00:00
TX_004603,CUST_0196,PROD_064,5,108.76,2025-01-18 00:00:00
TX_004604,CUST_0122,PROD_095,8,289.12,2025-06-20 00:00:00
TX_004605,CUST_0995,PROD_032,6,262.68,2025-04-30 00:00:00
TX_004606,CUST_0333,PROD_081,6,429.05,2025-11-10 00:00:00
TX_004607,CUST_0857,PROD_037,7,91.96,2025-02-17 00:00:00
TX_004608,CUST_0110,PROD_006,9,72.77,2025-02-24 00:00:00
TX_004609,CUST_0937,PROD_085,7,219.19,2025-11-22 00:00:00
TX_004610,CUST_0437,PROD_074,3,62.55,2025-12-23 00:00:00
TX_004611,CUST_0090,PROD_013,2,123.71,2025-05-12 00:00:00
TX_004612,CUST_0669,PROD_017,10,45.9,2025-09-27 00:00:00
TX_004613,CUST_0526,PROD_086,10,142.61,2025-11-01 00:00:00
TX_004614,CUST_0955,PROD_085,1,147.98,2025-05-09 00:00:00
TX_004615,CUST_0258,PROD_058,6,208.9,2025-10-19 00:00:00
TX_004616,CUST_9999,PROD_050,6,54.94,2025-05-26 00:00:00
TX_004617,CUST_0744,PROD_067,2,400.12,2025-06-12 00:00:00
TX_004618,CUST_0807,PROD_041,1,442.97,2025-11-09 00:00:00
TX_004619,CUST_0488,PROD_061,9,150.4,2025-02-09 00:00:00
TX_004620,CUST_0459,PROD_090,10,310.64,2025-09-13 00:00:00
TX_004621,CUST_0440,PROD_062,3,375.46,2025-08-14 00:00:00
TX_004622,CUST_0515,PROD_021,5,62.21,2025-06-12 00:00:00
TX_004623,CUST_0004,PROD_068,4,141.15,2025-02-20 00:00:00
TX_004624,CUST_0370,PROD_059,3,26.57,2025-06-02 00:00:00
TX_004625,CUST_0708,PROD_062,1,471.77,2025-01-27 00:00:00
TX_004626,CUST_0481,PROD_078,9,333.7,2025-10-12 00:00:00
TX_004627,CUST_0430,PROD_048,3,53.0,2025-01-01 00:00:00
TX_004628,CUST_0388,PROD_059,6,181.41,2025-10-07 00:00:00
TX_004629,CUST_0851,PROD_021,2,266.09,2025-05-24 00:00:00
TX_004630,CUST_0757,PROD_094,1,280.6,2025-06-27 00:00:00
TX_004631,CUST_0192,PROD_013,10,312.08,2025-04-03 00:00:00
TX_004632,CUST_0482,PROD_100,1,208.81,2025-04-08 00:00:00
TX_004633,CUST_0654,PROD_040,4,97.86,2025-10-16 00:00:00
TX_004634,CUST_0911,PROD_002,5,29.99,2025-10-17 00:00:00
TX_004635,CUST_0597,PROD_100,4,414.84,2025-01-17 00:00:00
TX_004636,CUST_0166,PROD_098,8,116.36,2025-07-12 00:00:00
TX_004637,CUST_0466,PROD_999,9,329.39,2025-12-07 00:00:00
TX_004638,CUST_0627,PROD_065,4,420.31,2025-01-15 00:00:00
TX_004639,CUST_0278,PROD_022,6,250.4,2025-10-04 00:00:00
TX_004640,CUST_0160,PROD_039,2,286.61,2025-09-15 00:00:00
TX_004641,CUST_0965,PROD_036,5,327.47,2025-07-04 00:00:00
TX_004642,CUST_0787,PROD_081,2,181.05,2025-10-04 00:00:00
TX_004643,CUST_0950,PROD_074,6,57.84,2025-07-27 00:00:00
TX_004644,CUST_0219,PROD_007,1,189.36,2025-06-01 00:00:00
TX_004645,CUST_0956,PROD_008,2,334.36,2025-03-06 00:00:00
TX_004646,CUST_0696,PROD_048,2,17.13,2025/01/18
TX_004647,CUST_0842,PROD_045,8,431.17,2025-05-03 00:00:00
TX_004648,CUST_0973,PROD_031,9,138.71,2025-08-19 00:00:00
TX_004649,CUST_0187,PROD_070,5,401.95,2025-07-07 00:00:00
TX_004650,CUST_0465,PROD_023,2,91.15,2025-02-09 00:00:00
TX_004651,CUST_0397,PROD_061,3,168.45,2025/02/27
TX_004652,CUST_0065,PROD_027,2,31.1,2025-07-14 00:00:00
TX_004653,CUST_0744,PROD_059,5,280.71,2025-03-31 00:00:00
TX_004654,CUST_0313,PROD_042,5,425.19,2025-07-21 00:00:00
TX_004655,CUST_0571,PROD_029,2,219.09,2025-02-17 00:00:00
TX_004656,CUST_0110,PROD_044,4,180.72,2025-05-25 00:00:00
TX_004657,CUST_0904,PROD_033,7,214.95,2025-07-16 00:00:00
TX_004658,CUST_0839,PROD_062,7,41.57,2025-06-05 00:00:00
TX_004659,CUST_0569,PROD_097,6,470.15,2025-03-15 00:00:00
TX_004660,CUST_0089,PROD_055,5,485.19,2025-03-17 00:00:00
TX_004661,CUST_0108,PROD_030,8,46.14,2025-12-02 00:00:00
TX_004662,CUST_0388,PROD_097,9,313.07,2025/04/24
TX_004663,CUST_0252,PROD_044,4,444.55,2025-10-17 00:00:00
TX_004664,CUST_0189,PROD_095,6,143.58,2025-04-04 00:00:00
TX_004665,CUST_0047,PROD_034,4,421.11,2025-08-27 00:00:00
TX_004666,CUST_0852,PROD_004,9,403.28,2025-05-04 00:00:00
TX_004667,CUST_0757,PROD_065,4,216.44,2025-06-14 00:00:00
TX_004668,CUST_0765,PROD_058,10,284.75,2025-12-31 00:00:00
TX_004669,CUST_0599,PROD_081,10,325.75,2025-01-30 00:00:00
TX_004670,CUST_0437,PROD_022,8,166.68,2025-09-21 00:00:00
TX_004671,CUST_0672,PROD_089,8,263.64,2025-11-25 00:00:00
TX_004672,CUST_0986,PROD_098,6,120.12,2025-09-19 00:00:00
TX_004673,CUST_0828,PROD_067,10,134.46,2025-02-25 00:00:00
TX_004674,CUST_0456,PROD_021,5,209.3,2025-02-06 00:00:00
TX_004675,CUST_0317,PROD_022,4,222.36,2025/02/24
TX_004676,CUST_9999,PROD_080,6,434.89,2025-11-25 00:00:00
TX_004677,CUST_0996,PROD_008,6,105.94,2025/04/03
TX_004678,CUST_0771,PROD_088,1,37.23,2025-06-09 00:00:00
TX_004679,CUST_0222,PROD_062,3,356.47,2025-12-03 00:00:00
TX_004680,CUST_0433,PROD_042,9,476.72,2025-07-18 00:00:00
TX_004681,CUST_0315,PROD_099,9,446.77,2025/05/17
TX_004682,CUST_0935,PROD_025,1,376.46,2025-12-28 00:00:00
TX_004683,CUST_0208,PROD_053,8,297.57,2025-10-10 00:00:00
TX_004684,CUST_0480,PROD_082,2,487.48,2025-10-20 00:00:00
TX_004685,CUST_0347,PROD_053,1,46.75,2025-01-09 00:00:00
TX_004686,CUST_0907,PROD_007,1,299.23,2025/08/25
TX_004687,CUST_0271,PROD_087,7,193.73,2025-02-06 00:00:00
TX_004688,CUST_0007,PROD_044,4,406.33,2025/01/21
TX_004689,CUST_0043,PROD_020,3,70.54,2025-03-01 00:00:00
TX_004690,CUST_0447,PROD_079,1,162.72,2025-01-19 00:00:00
TX_004691,CUST_0157,PROD_070,2,368.3,2025-10-17 00:00:00
TX_004692,CUST_0230,PROD_999,7,458.37,2025-08-12 00:00:00
TX_004693,CUST_0133,PROD_015,5,308.87,2025/02/10
TX_004694,CUST_0872,PROD_023,9,79.16,2025-03-19 00:00:00
TX_004695,CUST_0527,PROD_076,6,255.9,2025-07-17 00:00:00
TX_004696,CUST_0223,PROD_063,1,434.48,2025-03-21 00:00:00
TX_004697,CUST_0618,PROD_077,7,161.49,2025-01-19 00:00:00
TX_004698,CUST_0321,PROD_011,9,333.37,2025-03-14 00:00:00
TX_004699,CUST_0540,PROD_007,6,349.18,2025-06-26 00:00:00
TX_004700,CUST_0005,PROD_022,5,75.12,2025-05-09 00:00:00
TX_004701,CUST_0441,PROD_048,3,117.44,2025-12-04 00:00:00
TX_004702,CUST_0907,PROD_016,4,81.05,2025/03/21
TX_004703,CUST_0423,PROD_082,3,12.1,2025-02-24 00:00:00
TX_004704,CUST_0872,PROD_060,5,157.08,2025-03-27 00:00:00
TX_004705,CUST_0023,PROD_025,10,35.58,2025-06-03 00:00:00
TX_004706,CUST_0792,PROD_058,7,91.44,2025/07/13
TX_004707,CUST_0890,PROD_040,10,301.12,2025/11/23
TX_004708,CUST_0771,PROD_054,5,411.76,2025-11-01 00:00:00
TX_004709,CUST_0657,PROD_034,5,455.1,2025-06-26 00:00:00
TX_004710,CUST_0242,PROD_082,8,60.07,2025-04-12 00:00:00
TX_004711,CUST_0434,PROD_023,9,454.92,2025-08-26 00:00:00
TX_004712,CUST_0356,PROD_099,7,215.99,2025-06-14 00:00:00
TX_004713,CUST_0593,PROD_040,10,386.37,2025-05-29 00:00:00
TX_004714,CUST_0702,PROD_083,1,98.61,2025-01-16 00:00:00
TX_004715,CUST_0206,PROD_030,7,210.78,2025-10-16 00:00:00
TX_004716,CUST_0413,PROD_071,3,491.7,2025-04-21 00:00:00
TX_004717,CUST_0682,PROD_028,6,196.86,2025-09-21 00:00:00
TX_004718,CUST_0851,PROD_099,8,337.07,2025-06-05 00:00:00
TX_004719,CUST_0011,PROD_029,10,275.85,2025-02-27 00:00:00
TX_004720,CUST_0956,PROD_010,10,43.6,2025-07-07 00:00:00
TX_004721,CUST_0017,PROD_040,2,62.02,2025-02-10 00:00:00
TX_004722,CUST_0222,PROD_020,4,39.22,2025-05-05 00:00:00
TX_004723,CUST_0151,PROD_070,8,438.28,2025-07-27 00:00:00
TX_004724,CUST_0132,PROD_077,8,440.84,2025/07/06
TX_004725,CUST_0281,PROD_048,2,24.04,2025-11-06 00:00:00
TX_004726,CUST_0063,PROD_034,5,114.38,2025-01-19 00:00:00
TX_004727,CUST_0284,PROD_087,7,171.27,2025-10-17 00:00:00
TX_004728,CUST_0846,PROD_071,1,417.94,2025-09-27 00:00:00
TX_004729,CUST_0338,PROD_057,7,369.61,2025-12-22 00:00:00
TX_004730,CUST_0505,PROD_008,8,173.15,2025-11-02 00:00:00
TX_004731,CUST_0975,PROD_036,2,136.74,2025-04-06 00:00:00
TX_004732,CUST_0275,PROD_004,7,336.78,2025-05-12 00:00:00
TX_004733,CUST_0577,PROD_065,4,417.7,2025-09-17 00:00:00
TX_004734,CUST_0972,PROD_093,3,346.81,2025-11-01 00:00:00
TX_004735,CUST_0105,PROD_037,8,133.48,2025-10-13 00:00:00
TX_004736,CUST_0689,PROD_066,10,244.74,2025-03-24 00:00:00
TX_004737,CUST_0939,PROD_072,10,273.88,2025-04-06 00:00:00
TX_004738,CUST_0707,PROD_004,5,79.93,2025/01/11
TX_004739,CUST_0819,PROD_098,8,225.53,2025-06-14 00:00:00
TX_004740,CUST_0065,PROD_057,10,275.46,2025-07-16 00:00:00
TX_004741,CUST_0883,PROD_028,4,285.43,2025-05-04 00:00:00
TX_004742,CUST_0018,PROD_086,3,328.91,2025-06-29 00:00:00
TX_004743,CUST_0376,PROD_048,7,348.13,2025-08-21 00:00:00
TX_004744,CUST_0447,PROD_046,3,159.17,2025-09-29 00:00:00
TX_004745,CUST_0066,PROD_013,2,35.94,2025-06-29 00:00:00
TX_004746,CUST_0423,PROD_026,7,75.32,2025-05-31 00:00:00
TX_004747,CUST_0255,PROD_044,7,291.68,2025-06-09 00:00:00
TX_004748,CUST_0975,PROD_009,4,165.21,2025-12-17 00:00:00
TX_004749,CUST_0172,PROD_045,5,271.57,2025-03-31 00:00:00
TX_004750,CUST_0992,PROD_055,5,103.56,2025-04-14 00:00:00
TX_004751,CUST_0316,PROD_999,10,310.11,2025-10-09 00:00:00
TX_004752,CUST_0975,PROD_020,8,243.3,2025-02-22 00:00:00
TX_004753,CUST_0901,PROD_007,10,222.59,2025/07/01
TX_004754,CUST_0213,PROD_083,3,498.42,2025-10-07 00:00:00
TX_004755,CUST_0811,PROD_073,5,149.2,2025-08-04 00:00:00
TX_004756,CUST_0421,PROD_011,2,163.32,2025-11-23 00:00:00
TX_004757,CUST_0059,PROD_096,3,54.2,2025-01-22 00:00:00
TX_004758,CUST_0021,PROD_097,7,128.66,2025-04-29 00:00:00
TX_004759,CUST_0667,PROD_019,10,331.29,2025-08-07 00:00:00
TX_004760,CUST_0409,PROD_008,8,368.66,2025-05-04 00:00:00
TX_004761,CUST_0897,PROD_086,5,258.03,2025-12-15 00:00:00
TX_004762,CUST_0408,PROD_060,5,392.37,2025-12-12 00:00:00
TX_004763,CUST_0328,PROD_038,2,325.89,2025-05-31 00:00:00
TX_004764,CUST_0710,PROD_065,4,53.06,2025-05-06 00:00:00
TX_004765,CUST_0752,PROD_032,7,102.44,2025-06-20 00:00:00
TX_004766,CUST_0778,PROD_008,8,499.82,2025-04-06 00:00:00
TX_004767,CUST_0048,PROD_049,7,216.24,2025-07-17 00:00:00
TX_004768,CUST_0040,PROD_047,3,216.14,2025-01-25 00:00:00
TX_004769,CUST_0763,PROD_095,4,72.29,2025-05-11 00:00:00
TX_004770,CUST_0532,PROD_087,5,11.93,2025-05-14 00:00:00
TX_004771,CUST_0581,PROD_027,6,293.62,2025/07/18
TX_004772,CUST_9999,PROD_085,3,8.83,2025-09-20 00:00:00
TX_004773,CUST_0444,PROD_071,2,298.25,2025-12-30 00:00:00
TX_004774,CUST_0298,PROD_073,2,255.45,2025-10-22 00:00:00
TX_004775,CUST_0217,PROD_069,8,438.25,2025/03/07
TX_004776,CUST_0200,PROD_010,8,369.83,2025-08-22 00:00:00
TX_004777,CUST_9999,PROD_067,7,357.83,2025-12-17 00:00:00
TX_004778,CUST_0259,PROD_040,10,392.42,2025-06-20 00:00:00
TX_004779,CUST_0461,PROD_014,7,436.79,2025-06-22 00:00:00
TX_004780,CUST_0360,PROD_027,2,423.65,2025-08-24 00:00:00
TX_004781,CUST_0237,PROD_018,8,339.8,2025-08-07 00:00:00
TX_004782,CUST_0706,PROD_032,8,214.42,2025/07/09
TX_004783,CUST_0262,PROD_097,7,314.89,2025-06-22 00:00:00
TX_004784,CUST_0225,PROD_061,2,384.8,2025-05-09 00:00:00
TX_004785,CUST_0353,PROD_095,4,147.23,2025-04-30 00:00:00
TX_004786,CUST_0414,PROD_002,8,159.03,2025-10-31 00:00:00
TX_004787,CUST_0904,PROD_039,5,216.81,2025-06-11 00:00:00
TX_004788,CUST_0292,PROD_063,4,309.32,2025-10-13 00:00:00
TX_004789,CUST_0261,PROD_042,9,273.93,2025-09-08 00:00:00
TX_004790,CUST_0082,PROD_045,1,112.88,2025-02-03 00:00:00
TX_004791,CUST_0777,PROD_070,7,164.99,2025-08-03 00:00:00
TX_004792,CUST_0449,PROD_035,5,242.26,2025/09/09
TX_004793,CUST_0339,PROD_031,9,418.74,2025-11-24 00:00:00
TX_004794,CUST_0179,PROD_048,8,414.37,2025-03-11 00:00:00
TX_004795,CUST_0913,PROD_049,6,213.79,2025-03-22 00:00:00
TX_004796,CUST_0863,PROD_081,1,434.17,2025-11-07 00:00:00
TX_004797,CUST_0903,PROD_063,8,131.68,2025/02/18
TX_004798,CUST_0516,PROD_061,2,375.93,2025-02-27 00:00:00
TX_004799,CUST_0113,PROD_028,5,22.41,2025-05-06 00:00:00
TX_004800,CUST_0376,PROD_088,-1,61.11,2025-09-06 00:00:00
TX_004801,CUST_0277,PROD_007,4,44.47,2025-01-06 00:00:00
TX_004802,CUST_0893,PROD_013,9,466.39,2025-09-01 00:00:00
TX_004803,CUST_0957,PROD_066,5,178.08,2025-09-14 00:00:00
TX_004804,CUST_0729,PROD_075,8,47.22,2025-05-30 00:00:00
TX_004805,CUST_0602,PROD_083,10,31.81,2025-07-12 00:00:00
TX_004806,CUST_0363,PROD_082,10,402.5,2025/02/19
TX_004807,CUST_0419,PROD_098,8,336.95,2025-07-23 00:00:00
TX_004808,CUST_0618,PROD_003,4,97.71,2025-07-17 00:00:00
TX_004809,CUST_0468,PROD_041,3,134.46,2025-02-19 00:00:00
TX_004810,CUST_0908,PROD_048,2,499.23,2025-04-25 00:00:00
TX_004811,CUST_0579,PROD_061,7,31.26,2025-12-31 00:00:00
TX_004812,CUST_0856,PROD_010,1,272.27,2025-11-20 00:00:00
TX_004813,CUST_0979,PROD_099,6,106.97,2025-08-06 00:00:00
TX_004814,CUST_0294,PROD_073,8,208.53,2025-07-12 00:00:00
TX_004815,CUST_0402,PROD_081,6,204.99,2025-02-04 00:00:00
TX_004816,CUST_0247,PROD_026,9,315.33,2025-12-17 00:00:00
TX_004817,CUST_0743,PROD_009,3,435.72,2025/01/26
TX_004818,CUST_0088,PROD_100,1,434.49,2025-05-24 00:00:00
TX_004819,CUST_0066,PROD_092,5,95.75,2025-05-05 00:00:00
TX_004820,CUST_0446,PROD_039,3,159.1,2025-05-30 00:00:00
TX_004821,CUST_0988,PROD_051,3,423.3,2025-09-03 00:00:00
TX_004822,CUST_0603,PROD_083,10,92.94,2025-01-18 00:00:00
TX_004823,CUST_0602,PROD_070,3,45.05,2025-06-24 00:00:00
TX_004824,CUST_0691,PROD_094,8,343.51,2025-08-04 00:00:00
TX_004825,CUST_0561,PROD_085,5,295.46,2025-02-11 00:00:00
TX_004826,CUST_0654,PROD_051,7,89.99,2025-02-17 00:00:00
TX_004827,CUST_0869,PROD_089,9,451.36,2025-08-10 00:00:00
TX_004828,CUST_0439,PROD_048,8,233.93,2025-12-13 00:00:00
TX_004829,CUST_0365,PROD_076,10,483.87,2025-12-22 00:00:00
TX_004830,CUST_0177,PROD_093,8,5.52,2025-09-08 00:00:00
TX_004831,CUST_9999,PROD_057,10,431.6,2025-03-24 00:00:00
TX_004832,CUST_0375,PROD_038,4,5.04,2025-01-06 00:00:00
TX_004833,CUST_0986,PROD_006,7,493.87,2025-05-27 00:00:00
TX_004834,CUST_0630,PROD_012,9,210.23,2025-11-27 00:00:00
TX_004835,CUST_0997,PROD_078,4,350.89,2025-01-04 00:00:00
TX_004836,CUST_0342,PROD_052,9,238.05,2025-11-28 00:00:00
TX_004837,CUST_0763,PROD_095,8,267.99,2025-05-27 00:00:00
TX_004838,CUST_0792,PROD_028,1,292.09,2025-05-14 00:00:00
TX_004839,CUST_0421,PROD_999,9,60.25,2025-03-08 00:00:00
TX_004840,CUST_0944,PROD_034,2,73.37,2025-08-04 00:00:00
TX_004841,CUST_0765,PROD_001,10,144.22,2025-06-11 00:00:00
TX_004842,CUST_0909,PROD_037,10,79.59,2025-08-06 00:00:00
TX_004843,CUST_0519,PROD_055,1,104.71,2025-10-12 00:00:00
TX_004844,CUST_0928,PROD_009,1,29.23,2025-05-11 00:00:00
TX_004845,CUST_0878,PROD_081,8,329.35,2025-05-03 00:00:00
TX_004846,CUST_0980,PROD_085,4,379.15,2025-11-10 00:00:00
TX_004847,CUST_0401,PROD_068,8,410.37,2025-10-11 00:00:00
TX_004848,CUST_0817,PROD_068,3,176.02,2025-03-04 00:00:00
TX_004849,CUST_0889,PROD_014,7,177.55,2025-03-14 00:00:00
TX_004850,CUST_0483,PROD_063,4,367.71,2025-07-04 00:00:00
TX_004851,CUST_0052,PROD_067,5,462.17,2025-11-02 00:00:00
TX_004852,CUST_0428,PROD_023,10,454.81,2025-11-12 00:00:00
TX_004853,CUST_0809,PROD_093,3,207.12,2025-11-20 00:00:00
TX_004854,CUST_0116,PROD_057,8,371.8,2025-08-16 00:00:00
TX_004855,CUST_0847,PROD_086,4,352.11,2025/09/04
TX_004856,CUST_0093,PROD_074,8,136.06,2025-08-09 00:00:00
TX_004857,CUST_0467,PROD_047,4,347.61,2025/05/24
TX_004858,CUST_0525,PROD_016,1,356.05,2025-05-04 00:00:00
TX_004859,CUST_0968,PROD_050,6,58.79,2025-10-02 00:00:00
TX_004860,CUST_0838,PROD_011,4,74.91,2025/06/04
TX_004861,CUST_0747,PROD_024,5,236.22,2025-04-15 00:00:00
TX_004862,CUST_0302,PROD_085,9,164.79,2025-01-06 00:00:00
TX_004863,CUST_0613,PROD_066,6,264.71,2025/01/05
TX_004864,CUST_0879,PROD_088,10,84.72,2025-12-24 00:00:00
TX_004865,CUST_0642,PROD_042,2,436.26,2025/11/12
TX_004866,CUST_0957,PROD_045,10,246.45,2025-05-20 00:00:00
TX_004867,CUST_0659,PROD_049,5,311.22,2025-07-20 00:00:00
TX_004868,CUST_0028,PROD_074,10,319.82,2025-08-22 00:00:00
TX_004869,CUST_0880,PROD_049,2,379.32,2025-06-15 00:00:00
TX_004870,CUST_0070,PROD_999,8,10.5,2025-08-24 00:00:00
TX_004871,CUST_0976,PROD_079,8,383.17,2025-12-21 00:00:00
TX_004872,CUST_0080,PROD_014,5,182.38,2025-10-11 00:00:00
TX_004873,CUST_0021,PROD_056,9,445.99,2025-02-06 00:00:00
TX_004874,CUST_0077,PROD_001,1,17.52,2025-11-10 00:00:00
TX_004875,CUST_0166,PROD_047,9,442.89,2025-06-27 00:00:00
TX_004876,CUST_0322,PROD_034,5,162.82,2025-08-12 00:00:00
TX_004877,CUST_0261,PROD_096,9,492.88,2025-06-08 00:00:00
TX_004878,CUST_0766,PROD_058,7,284.18,2025-04-12 00:00:00
TX_004879,CUST_0163,PROD_075,6,295.69,2025-01-22 00:00:00
TX_004880,CUST_0892,PROD_091,2,11.44,2025-08-09 00:00:00
TX_004881,CUST_0230,PROD_009,3,261.85,2025-09-06 00:00:00
TX_004882,CUST_0089,PROD_009,8,414.58,2025-01-13 00:00:00
TX_004883,CUST_0470,PROD_019,2,141.32,2025-03-09 00:00:00
TX_004884,CUST_0813,PROD_074,4,8.69,2025-11-25 00:00:00
TX_004885,CUST_0739,PROD_065,6,28.43,2025-07-16 00:00:00
TX_004886,CUST_0389,PROD_074,2,79.14,2025/07/29
TX_004887,CUST_0725,PROD_068,10,213.41,2025-05-15 00:00:00
TX_004888,CUST_0557,PROD_002,10,437.58,2025-10-06 00:00:00
TX_004889,CUST_0724,PROD_059,2,312.99,2025-04-06 00:00:00
TX_004890,CUST_0106,PROD_048,5,257.62,2025-06-06 00:00:00
TX_004891,CUST_0818,PROD_029,1,429.66,2025-01-25 00:00:00
TX_004892,CUST_0014,PROD_040,5,314.94,2025-02-25 00:00:00
TX_004893,CUST_0284,PROD_100,4,458.9,2025-01-27 00:00:00
TX_004894,CUST_0771,PROD_008,6,19.4,2025-06-28 00:00:00
TX_004895,CUST_0739,PROD_090,8,216.96,2025-09-06 00:00:00
TX_004896,CUST_0976,PROD_032,10,52.63,2025-11-05 00:00:00
TX_004897,CUST_0946,PROD_073,10,25.63,2025-04-08 00:00:00
TX_004898,CUST_0794,PROD_003,10,66.75,2025-03-12 00:00:00
TX_004899,CUST_0558,PROD_098,5,97.71,2025-12-12 00:00:00
TX_004900,CUST_0207,PROD_081,0,292.54,2025-03-08 00:00:00
TX_004901,CUST_0274,PROD_058,4,496.06,2025-10-10 00:00:00
TX_004902,CUST_0511,PROD_999,9,125.47,2025-05-15 00:00:00
TX_004903,CUST_0485,PROD_099,1,107.61,2025-07-17 00:00:00
TX_004904,CUST_0371,PROD_034,3,402.55,2025-08-02 00:00:00
TX_004905,CUST_0805,PROD_069,1,375.22,2025-06-20 00:00:00
TX_004906,CUST_0102,PROD_072,10,330.51,2025-12-25 00:00:00
TX_004907,CUST_0671,PROD_048,1,456.87,2025-06-10 00:00:00
TX_004908,CUST_0683,PROD_014,9,319.67,2025-09-04 00:00:00
TX_004909,CUST_0561,PROD_093,2,400.56,2025-09-29 00:00:00
TX_004910,CUST_0235,PROD_097,2,477.81,2025-05-19 00:00:00
TX_004911,CUST_0699,PROD_059,2,22.59,2025-07-28 00:00:00
TX_004912,CUST_0290,PROD_051,7,270.48,2025-07-05 00:00:00
TX_004913,CUST_0682,PROD_082,7,113.82,2025-09-12 00:00:00
TX_004914,CUST_0722,PROD_006,3,333.04,2025-05-22 00:00:00
TX_004915,CUST_0272,PROD_072,2,418.2,2025-04-03 00:00:00
TX_004916,CUST_0552,PROD_040,10,324.88,2025-09-27 00:00:00
TX_004917,CUST_0789,PROD_071,9,120.68,2025-04-22 00:00:00
TX_004918,CUST_0123,PROD_097,4,104.38,2025-12-04 00:00:00
TX_004919,CUST_0159,PROD_026,6,218.33,2025-02-25 00:00:00
TX_004920,CUST_0336,PROD_038,8,97.89,2025-06-07 00:00:00
TX_004921,CUST_0393,PROD_096,3,117.2,2025-11-14 00:00:00
TX_004922,CUST_0989,PROD_010,10,350.97,2025-07-28 00:00:00
TX_004923,CUST_0710,PROD_044,9,494.63,2025-05-20 00:00:00
TX_004924,CUST_0644,PROD_088,8,155.68,2025-09-28 00:00:00
TX_004925,CUST_0057,PROD_025,10,240.95,2025-10-22 00:00:00
TX_004926,CUST_0998,PROD_044,8,245.13,2025-10-20 00:00:00
TX_004927,CUST_0256,PROD_032,5,134.96,2025-06-18 00:00:00
TX_004928,CUST_0648,PROD_041,2,294.59,2025-12-06 00:00:00
TX_004929,CUST_0265,PROD_056,4,159.08,2025/05/09
TX_004930,CUST_0179,PROD_007,7,129.7,2025-03-02 00:00:00
TX_004931,CUST_0503,PROD_045,3,14.93,2025-07-04 00:00:00
TX_004932,CUST_0892,PROD_014,7,344.02,2025-06-02 00:00:00
TX_004933,CUST_0971,PROD_061,7,448.31,2025-09-23 00:00:00
TX_004934,CUST_0182,PROD_010,8,255.88,2025-01-08 00:00:00
TX_004935,CUST_0767,PROD_014,5,452.29,2025-02-22 00:00:00
TX_004936,CUST_0573,PROD_089,6,166.81,2025-04-07 00:00:00
TX_004937,CUST_0786,PROD_060,3,299.41,2025-08-07 00:00:00
TX_004938,CUST_0102,PROD_031,9,261.7,2025-02-05 00:00:00
TX_004939,CUST_0287,PROD_092,3,489.62,2025-11-30 00:00:00
TX_004940,CUST_0065,PROD_003,5,363.11,2025-07-17 00:00:00
TX_004941,CUST_0484,PROD_001,7,337.43,2025-05-14 00:00:00
TX_004942,CUST_0098,PROD_066,8,119.23,2025/01/28
TX_004943,CUST_0774,PROD_018,8,95.76,2025-04-16 00:00:00
TX_004944,CUST_0874,PROD_042,1,134.55,2025-04-17 00:00:00
TX_004945,CUST_0092,PROD_007,5,234.84,2025-07-02 00:00:00
TX_004946,CUST_0337,PROD_085,6,133.79,2025/04/16
TX_004947,CUST_0705,PROD_073,8,444.87,2025-06-06 00:00:00
TX_004948,CUST_0711,PROD_076,7,151.51,2025/08/04
TX_004949,CUST_0127,PROD_079,9,312.97,2025-08-23 00:00:00
TX_004950,CUST_0023,PROD_012,5,329.09,2025-05-05 00:00:00
TX_004951,CUST_0596,PROD_009,10,309.39,2025-02-15 00:00:00
TX_004952,CUST_0860,PROD_007,3,350.58,2025-05-28 00:00:00
TX_004953,CUST_0084,PROD_017,9,377.48,2025-10-22 00:00:00
TX_004954,CUST_0532,PROD_060,10,457.04,2025-04-07 00:00:00
TX_004955,CUST_0616,PROD_072,10,87.78,2025/06/16
TX_004956,CUST_0996,PROD_077,5,313.22,2025-08-23 00:00:00
TX_004957,CUST_0210,PROD_100,9,338.23,2025-11-13 00:00:00
TX_004958,CUST_0414,PROD_055,8,206.88,2025-06-27 00:00:00
TX_004959,CUST_0165,PROD_011,3,68.17,2025-02-06 00:00:00
TX_004960,CUST_0771,PROD_027,5,93.38,2025-06-04 00:00:00
TX_004961,CUST_0688,PROD_100,6,378.49,2025-08-21 00:00:00
TX_004962,CUST_0474,PROD_067,4,283.15,2025-03-07 00:00:00
TX_004963,CUST_0587,PROD_080,4,469.43,2025-12-19 00:00:00
TX_004964,CUST_0355,PROD_046,2,247.64,2025-12-15 00:00:00
TX_004965,CUST_0861,PROD_003,7,476.66,2025-10-21 00:00:00
TX_004966,CUST_0311,PROD_033,8,55.49,2025-07-03 00:00:00
TX_004967,CUST_0216,PROD_999,1,333.91,2025/02/09
TX_004968,CUST_0042,PROD_014,3,108.78,2025-06-23 00:00:00
TX_004969,CUST_0198,PROD_054,10,258.45,2025-03-11 00:00:00
TX_004970,CUST_0532,PROD_017,3,207.6,2025-04-29 00:00:00
TX_004971,CUST_0262,PROD_034,6,105.44,2025-09-01 00:00:00
TX_004972,CUST_0547,PROD_080,7,246.81,2025-08-14 00:00:00
TX_004973,CUST_0067,PROD_011,2,321.24,2025-11-07 00:00:00
TX_004974,CUST_0612,PROD_023,7,99.14,2025-07-01 00:00:00
TX_004975,CUST_0084,PROD_092,7,412.11,2025-10-16 00:00:00
TX_004976,CUST_0699,PROD_073,8,127.43,2025-04-13 00:00:00
TX_004977,CUST_0601,PROD_018,8,483.68,2025-10-14 00:00:00
TX_004978,CUST_0332,PROD_001,3,440.03,2025-06-18 00:00:00
TX_004979,CUST_0477,PROD_999,10,381.13,2025-10-01 00:00:00
TX_004980,CUST_0161,PROD_048,1,243.44,2025-10-15 00:00:00
TX_004981,CUST_0803,PROD_078,10,112.58,2025-09-26 00:00:00
TX_004982,CUST_0253,PROD_081,10,148.74,2025-12-16 00:00:00
TX_004983,CUST_0355,PROD_085,2,301.32,2025/12/06
TX_004984,CUST_0187,PROD_015,8,424.8,2025-06-17 00:00:00
TX_004985,CUST_0446,PROD_058,4,169.95,2025-04-14 00:00:00
TX_004986,CUST_0268,PROD_076,10,203.91,2025-08-11 00:00:00
TX_004987,CUST_0756,PROD_096,5,110.2,2025-02-15 00:00:00
TX_004988,CUST_0122,PROD_089,7,180.49,2025-02-13 00:00:00
TX_004989,CUST_0946,PROD_079,7,368.36,2025-12-17 00:00:00
TX_004990,CUST_0161,PROD_999,6,222.28,2025-02-03 00:00:00
TX_004991,CUST_0113,PROD_099,3,233.17,2025-10-21 00:00:00
TX_004992,CUST_0678,PROD_079,8,305.91,2025-06-19 00:00:00
TX_004993,CUST_0524,PROD_025,2,134.56,2025-05-22 00:00:00
TX_004994,CUST_0208,PROD_091,9,219.45,2025-08-06 00:00:00
TX_004995,CUST_0011,PROD_066,2,278.02,2025-12-16 00:00:00
TX_004996,CUST_0237,PROD_039,2,149.45,2025-07-03 00:00:00
TX_004997,CUST_0030,PROD_091,4,338.88,2025-09-03 00:00:00
TX_004998,CUST_0823,PROD_054,5,40.72,2025-04-04 00:00:00
TX_004999,CUST_0927,PROD_089,5,346.21,2025-12-25 00:00:00
TX_005000,CUST_0585,PROD_077,-1,464.45,2025/07/23
TX_002370,CUST_0724,PROD_001,8,191.92,2025-03-13 00:00:00
TX_001037,CUST_0558,PROD_066,9,77.7,2025-06-30 00:00:00
TX_002077,CUST_0870,PROD_075,6,367.34,2025-11-02 00:00:00
TX_000215,CUST_0318,PROD_016,8,383.08,2025-01-16 00:00:00
TX_004399,CUST_0497,PROD_082,2,322.09,2025-09-24 00:00:00
TX_000686,CUST_0128,PROD_999,4,375.26,2025-10-04 00:00:00
TX_003716,CUST_0770,PROD_041,10,485.74,2025-11-30 00:00:00
TX_002320,CUST_0834,PROD_070,2,347.44,2025-09-13 00:00:00
TX_002265,CUST_9999,PROD_095,9,205.37,2025-12-10 00:00:00
TX_001133,CUST_0077,PROD_091,5,365.32,2025-03-09 00:00:00
TX_003010,CUST_0525,PROD_041,8,242.73,2025-07-29 00:00:00
TX_001944,CUST_0800,PROD_005,7,7.9,2025-07-06 00:00:00
TX_004680,CUST_0433,PROD_042,9,476.72,2025-07-18 00:00:00
TX_003279,CUST_0875,PROD_010,5,180.92,2025-10-28 00:00:00
TX_004325,CUST_0125,PROD_050,9,22.05,2025/05/02
TX_002765,CUST_0500,PROD_019,8,183.49,2025-05-22 00:00:00
TX_001522,CUST_0158,PROD_087,7,263.87,2025-11-23 00:00:00
TX_003705,CUST_0396,PROD_010,8,289.2,2025/04/27
TX_003544,CUST_0504,PROD_019,7,477.31,2025-08-25 00:00:00
TX_004122,CUST_0186,PROD_064,9,124.68,2025-04-18 00:00:00
